2026-04-20 14:31:43,979 discord.voice.state WARNING Socket reader voice-socket-event-reader:0x2366d61d6a0 is waiting to be set as running
2026-04-20 14:31:43,979 discord.voice.state WARNING Socket reader voice-socket-event-reader:0x2366d61d6a0 is waiting to be set as running
2026-04-20 14:31:43,979 discord.voice.state WARNING Socket reader voice-socket-event-reader:0x2366d61d6a0 is waiting to be set as running
2026-04-20 14:31:43,979 discord.voice.state WARNING Socket reader voice-socket-event-reader:0x2366d61d6a0 is waiting to be set as running
2026-04-20 14:31:47,578 discord.voice.state DEBUG Attempting a voice disconnect for channel 1495601021165244507 (guild 1495601020003156031)
2026-04-20 14:31:47,578 discord.voice.state DEBUG Attempting a voice disconnect for channel 1495601021165244507 (guild 1495601020003156031)
2026-04-20 14:31:47,578 discord.voice.state DEBUG Attempting a voice disconnect for channel 1495601021165244507 (guild 1495601020003156031)
2026-04-20 14:31:47,578 discord.voice.state DEBUG Attempting a voice disconnect for channel 1495601021165244507 (guild 1495601020003156031)
2026-04-20 14:31:47,580 discord.voice.state INFO Terminating voice handshake for channel 1495601021165244507 (guild 1495601020003156031)
2026-04-20 14:31:47,580 discord.voice.state INFO Terminating voice handshake for channel 1495601021165244507 (guild 1495601020003156031)
2026-04-20 14:31:47,580 discord.voice.state INFO Terminating voice handshake for channel 1495601021165244507 (guild 1495601020003156031)
2026-04-20 14:31:47,580 discord.voice.state INFO Terminating voice handshake for channel 1495601021165244507 (guild 1495601020003156031)
2026-04-20 14:31:50,805 discord.voice.state DEBUG Attempting a voice disconnect for channel 1495601021165244507 (guild 1495601020003156031)
2026-04-20 14:31:50,805 discord.voice.state DEBUG Attempting a voice disconnect for channel 1495601021165244507 (guild 1495601020003156031)
2026-04-20 14:31:50,805 discord.voice.state DEBUG Attempting a voice disconnect for channel 1495601021165244507 (guild 1495601020003156031)
2026-04-20 14:31:50,805 discord.voice.state DEBUG Attempting a voice disconnect for channel 1495601021165244507 (guild 1495601020003156031)
2026-04-20 14:31:50,806 discord.voice.state INFO Terminating voice handshake for channel 1495601021165244507 (guild 1495601020003156031)
2026-04-20 14:31:50,806 discord.voice.state INFO Terminating voice handshake for channel 1495601021165244507 (guild 1495601020003156031)
2026-04-20 14:31:50,806 discord.voice.state INFO Terminating voice handshake for channel 1495601021165244507 (guild 1495601020003156031)
2026-04-20 14:31:50,806 discord.voice.state INFO Terminating voice handshake for channel 1495601021165244507 (guild 1495601020003156031)
2026-04-20 14:31:54,821 discord.voice.state DEBUG Attempting a voice disconnect for channel 1495601021165244507 (guild 1495601020003156031)
2026-04-20 14:31:54,821 discord.voice.state DEBUG Attempting a voice disconnect for channel 1495601021165244507 (guild 1495601020003156031)
2026-04-20 14:31:54,821 discord.voice.state DEBUG Attempting a voice disconnect for channel 1495601021165244507 (guild 1495601020003156031)
2026-04-20 14:31:54,821 discord.voice.state DEBUG Attempting a voice disconnect for channel 1495601021165244507 (guild 1495601020003156031)
2026-04-20 14:31:54,821 discord.voice.state INFO Terminating voice handshake for channel 1495601021165244507 (guild 1495601020003156031)
2026-04-20 14:31:54,821 discord.voice.state INFO Terminating voice handshake for channel 1495601021165244507 (guild 1495601020003156031)
2026-04-20 14:31:54,821 discord.voice.state INFO Terminating voice handshake for channel 1495601021165244507 (guild 1495601020003156031)
2026-04-20 14:31:54,821 discord.voice.state INFO Terminating voice handshake for channel 1495601021165244507 (guild 1495601020003156031)
2026-04-20 14:32:14,384 discord.gateway WARNING Can't keep up, shard ID None websocket is 49.7s behind.
2026-04-20 14:32:14,384 discord.gateway WARNING Can't keep up, shard ID None websocket is 49.7s behind.
2026-04-20 14:32:15,959 discord.gateway WARNING Shard ID None heartbeat blocked for more than 10 seconds.
Loop thread traceback (most recent call last):
  File "D:\Medral\bot\api.py", line 336, in <module>
    uvicorn.run("api:app", host=API_HOST, port=API_PORT, reload=False)
  File "D:\Medral\venv\Lib\site-packages\uvicorn\main.py", line 606, in run
    server.run()
  File "D:\Medral\venv\Lib\site-packages\uvicorn\server.py", line 75, in run
    return asyncio_run(self.serve(sockets=sockets), loop_factory=self.config.get_loop_factory())
  File "C:\Users\user\AppData\Local\Programs\Python\Python312\Lib\asyncio\runners.py", line 195, in run
    return runner.run(main)
  File "C:\Users\user\AppData\Local\Programs\Python\Python312\Lib\asyncio\runners.py", line 118, in run
    return self._loop.run_until_complete(task)
  File "C:\Users\user\AppData\Local\Programs\Python\Python312\Lib\asyncio\base_events.py", line 678, in run_until_complete
    self.run_forever()
  File "C:\Users\user\AppData\Local\Programs\Python\Python312\Lib\asyncio\windows_events.py", line 322, in run_forever
    super().run_forever()
  File "C:\Users\user\AppData\Local\Programs\Python\Python312\Lib\asyncio\base_events.py", line 645, in run_forever
    self._run_once()
  File "C:\Users\user\AppData\Local\Programs\Python\Python312\Lib\asyncio\base_events.py", line 1961, in _run_once
    event_list = self._selector.select(timeout)
  File "C:\Users\user\AppData\Local\Programs\Python\Python312\Lib\asyncio\windows_events.py", line 445, in select
    self._poll(timeout)
  File "C:\Users\user\AppData\Local\Programs\Python\Python312\Lib\asyncio\windows_events.py", line 774, in _poll
    status = _overlapped.GetQueuedCompletionStatus(self._iocp, ms)

2026-04-20 14:32:15,959 discord.gateway WARNING Shard ID None heartbeat blocked for more than 10 seconds.
Loop thread traceback (most recent call last):
  File "D:\Medral\bot\api.py", line 336, in <module>
    uvicorn.run("api:app", host=API_HOST, port=API_PORT, reload=False)
  File "D:\Medral\venv\Lib\site-packages\uvicorn\main.py", line 606, in run
    server.run()
  File "D:\Medral\venv\Lib\site-packages\uvicorn\server.py", line 75, in run
    return asyncio_run(self.serve(sockets=sockets), loop_factory=self.config.get_loop_factory())
  File "C:\Users\user\AppData\Local\Programs\Python\Python312\Lib\asyncio\runners.py", line 195, in run
    return runner.run(main)
  File "C:\Users\user\AppData\Local\Programs\Python\Python312\Lib\asyncio\runners.py", line 118, in run
    return self._loop.run_until_complete(task)
  File "C:\Users\user\AppData\Local\Programs\Python\Python312\Lib\asyncio\base_events.py", line 678, in run_until_complete
    self.run_forever()
  File "C:\Users\user\AppData\Local\Programs\Python\Python312\Lib\asyncio\windows_events.py", line 322, in run_forever
    super().run_forever()
  File "C:\Users\user\AppData\Local\Programs\Python\Python312\Lib\asyncio\base_events.py", line 645, in run_forever
    self._run_once()
  File "C:\Users\user\AppData\Local\Programs\Python\Python312\Lib\asyncio\base_events.py", line 1961, in _run_once
    event_list = self._selector.select(timeout)
  File "C:\Users\user\AppData\Local\Programs\Python\Python312\Lib\asyncio\windows_events.py", line 445, in select
    self._poll(timeout)
  File "C:\Users\user\AppData\Local\Programs\Python\Python312\Lib\asyncio\windows_events.py", line 774, in _poll
    status = _overlapped.GetQueuedCompletionStatus(self._iocp, ms)

2026-04-20 14:32:25,966 discord.gateway WARNING Shard ID None heartbeat blocked for more than 20 seconds.
Loop thread traceback (most recent call last):
  File "D:\Medral\bot\api.py", line 336, in <module>
    uvicorn.run("api:app", host=API_HOST, port=API_PORT, reload=False)
  File "D:\Medral\venv\Lib\site-packages\uvicorn\main.py", line 606, in run
    server.run()
  File "D:\Medral\venv\Lib\site-packages\uvicorn\server.py", line 75, in run
    return asyncio_run(self.serve(sockets=sockets), loop_factory=self.config.get_loop_factory())
  File "C:\Users\user\AppData\Local\Programs\Python\Python312\Lib\asyncio\runners.py", line 195, in run
    return runner.run(main)
  File "C:\Users\user\AppData\Local\Programs\Python\Python312\Lib\asyncio\runners.py", line 118, in run
    return self._loop.run_until_complete(task)
  File "C:\Users\user\AppData\Local\Programs\Python\Python312\Lib\asyncio\base_events.py", line 678, in run_until_complete
    self.run_forever()
  File "C:\Users\user\AppData\Local\Programs\Python\Python312\Lib\asyncio\windows_events.py", line 322, in run_forever
    super().run_forever()
  File "C:\Users\user\AppData\Local\Programs\Python\Python312\Lib\asyncio\base_events.py", line 645, in run_forever
    self._run_once()
  File "C:\Users\user\AppData\Local\Programs\Python\Python312\Lib\asyncio\base_events.py", line 1961, in _run_once
    event_list = self._selector.select(timeout)
  File "C:\Users\user\AppData\Local\Programs\Python\Python312\Lib\asyncio\windows_events.py", line 445, in select
    self._poll(timeout)
  File "C:\Users\user\AppData\Local\Programs\Python\Python312\Lib\asyncio\windows_events.py", line 774, in _poll
    status = _overlapped.GetQueuedCompletionStatus(self._iocp, ms)

2026-04-20 14:32:25,966 discord.gateway WARNING Shard ID None heartbeat blocked for more than 20 seconds.
Loop thread traceback (most recent call last):
  File "D:\Medral\bot\api.py", line 336, in <module>
    uvicorn.run("api:app", host=API_HOST, port=API_PORT, reload=False)
  File "D:\Medral\venv\Lib\site-packages\uvicorn\main.py", line 606, in run
    server.run()
  File "D:\Medral\venv\Lib\site-packages\uvicorn\server.py", line 75, in run
    return asyncio_run(self.serve(sockets=sockets), loop_factory=self.config.get_loop_factory())
  File "C:\Users\user\AppData\Local\Programs\Python\Python312\Lib\asyncio\runners.py", line 195, in run
    return runner.run(main)
  File "C:\Users\user\AppData\Local\Programs\Python\Python312\Lib\asyncio\runners.py", line 118, in run
    return self._loop.run_until_complete(task)
  File "C:\Users\user\AppData\Local\Programs\Python\Python312\Lib\asyncio\base_events.py", line 678, in run_until_complete
    self.run_forever()
  File "C:\Users\user\AppData\Local\Programs\Python\Python312\Lib\asyncio\windows_events.py", line 322, in run_forever
    super().run_forever()
  File "C:\Users\user\AppData\Local\Programs\Python\Python312\Lib\asyncio\base_events.py", line 645, in run_forever
    self._run_once()
  File "C:\Users\user\AppData\Local\Programs\Python\Python312\Lib\asyncio\base_events.py", line 1961, in _run_once
    event_list = self._selector.select(timeout)
  File "C:\Users\user\AppData\Local\Programs\Python\Python312\Lib\asyncio\windows_events.py", line 445, in select
    self._poll(timeout)
  File "C:\Users\user\AppData\Local\Programs\Python\Python312\Lib\asyncio\windows_events.py", line 774, in _poll
    status = _overlapped.GetQueuedCompletionStatus(self._iocp, ms)

2026-04-20 14:32:35,977 discord.gateway WARNING Shard ID None heartbeat blocked for more than 30 seconds.
Loop thread traceback (most recent call last):
  File "D:\Medral\bot\api.py", line 336, in <module>
    uvicorn.run("api:app", host=API_HOST, port=API_PORT, reload=False)
  File "D:\Medral\venv\Lib\site-packages\uvicorn\main.py", line 606, in run
    server.run()
  File "D:\Medral\venv\Lib\site-packages\uvicorn\server.py", line 75, in run
    return asyncio_run(self.serve(sockets=sockets), loop_factory=self.config.get_loop_factory())
  File "C:\Users\user\AppData\Local\Programs\Python\Python312\Lib\asyncio\runners.py", line 195, in run
    return runner.run(main)
  File "C:\Users\user\AppData\Local\Programs\Python\Python312\Lib\asyncio\runners.py", line 118, in run
    return self._loop.run_until_complete(task)
  File "C:\Users\user\AppData\Local\Programs\Python\Python312\Lib\asyncio\base_events.py", line 678, in run_until_complete
    self.run_forever()
  File "C:\Users\user\AppData\Local\Programs\Python\Python312\Lib\asyncio\windows_events.py", line 322, in run_forever
    super().run_forever()
  File "C:\Users\user\AppData\Local\Programs\Python\Python312\Lib\asyncio\base_events.py", line 645, in run_forever
    self._run_once()
  File "C:\Users\user\AppData\Local\Programs\Python\Python312\Lib\asyncio\base_events.py", line 1961, in _run_once
    event_list = self._selector.select(timeout)
  File "C:\Users\user\AppData\Local\Programs\Python\Python312\Lib\asyncio\windows_events.py", line 445, in select
    self._poll(timeout)
  File "C:\Users\user\AppData\Local\Programs\Python\Python312\Lib\asyncio\windows_events.py", line 774, in _poll
    status = _overlapped.GetQueuedCompletionStatus(self._iocp, ms)

2026-04-20 14:32:35,977 discord.gateway WARNING Shard ID None heartbeat blocked for more than 30 seconds.
Loop thread traceback (most recent call last):
  File "D:\Medral\bot\api.py", line 336, in <module>
    uvicorn.run("api:app", host=API_HOST, port=API_PORT, reload=False)
  File "D:\Medral\venv\Lib\site-packages\uvicorn\main.py", line 606, in run
    server.run()
  File "D:\Medral\venv\Lib\site-packages\uvicorn\server.py", line 75, in run
    return asyncio_run(self.serve(sockets=sockets), loop_factory=self.config.get_loop_factory())
  File "C:\Users\user\AppData\Local\Programs\Python\Python312\Lib\asyncio\runners.py", line 195, in run
    return runner.run(main)
  File "C:\Users\user\AppData\Local\Programs\Python\Python312\Lib\asyncio\runners.py", line 118, in run
    return self._loop.run_until_complete(task)
  File "C:\Users\user\AppData\Local\Programs\Python\Python312\Lib\asyncio\base_events.py", line 678, in run_until_complete
    self.run_forever()
  File "C:\Users\user\AppData\Local\Programs\Python\Python312\Lib\asyncio\windows_events.py", line 322, in run_forever
    super().run_forever()
  File "C:\Users\user\AppData\Local\Programs\Python\Python312\Lib\asyncio\base_events.py", line 645, in run_forever
    self._run_once()
  File "C:\Users\user\AppData\Local\Programs\Python\Python312\Lib\asyncio\base_events.py", line 1961, in _run_once
    event_list = self._selector.select(timeout)
  File "C:\Users\user\AppData\Local\Programs\Python\Python312\Lib\asyncio\windows_events.py", line 445, in select
    self._poll(timeout)
  File "C:\Users\user\AppData\Local\Programs\Python\Python312\Lib\asyncio\windows_events.py", line 774, in _poll
    status = _overlapped.GetQueuedCompletionStatus(self._iocp, ms)

2026-04-20 14:32:37,474 discord.voice.state DEBUG Attempting a voice disconnect for channel 1495601021165244507 (guild 1495601020003156031)
2026-04-20 14:32:37,474 discord.voice.state DEBUG Attempting a voice disconnect for channel 1495601021165244507 (guild 1495601020003156031)
2026-04-20 14:32:37,474 discord.voice.state DEBUG Attempting a voice disconnect for channel 1495601021165244507 (guild 1495601020003156031)
2026-04-20 14:32:37,474 discord.voice.state DEBUG Attempting a voice disconnect for channel 1495601021165244507 (guild 1495601020003156031)
2026-04-20 14:32:37,474 discord.voice.state INFO Terminating voice handshake for channel 1495601021165244507 (guild 1495601020003156031)
2026-04-20 14:32:37,474 discord.voice.state INFO Terminating voice handshake for channel 1495601021165244507 (guild 1495601020003156031)
2026-04-20 14:32:37,474 discord.voice.state INFO Terminating voice handshake for channel 1495601021165244507 (guild 1495601020003156031)
2026-04-20 14:32:37,474 discord.voice.state INFO Terminating voice handshake for channel 1495601021165244507 (guild 1495601020003156031)
2026-04-20 14:32:45,992 discord.gateway WARNING Shard ID None heartbeat blocked for more than 40 seconds.
Loop thread traceback (most recent call last):
  File "D:\Medral\bot\api.py", line 336, in <module>
    uvicorn.run("api:app", host=API_HOST, port=API_PORT, reload=False)
  File "D:\Medral\venv\Lib\site-packages\uvicorn\main.py", line 606, in run
    server.run()
  File "D:\Medral\venv\Lib\site-packages\uvicorn\server.py", line 75, in run
    return asyncio_run(self.serve(sockets=sockets), loop_factory=self.config.get_loop_factory())
  File "C:\Users\user\AppData\Local\Programs\Python\Python312\Lib\asyncio\runners.py", line 195, in run
    return runner.run(main)
  File "C:\Users\user\AppData\Local\Programs\Python\Python312\Lib\asyncio\runners.py", line 118, in run
    return self._loop.run_until_complete(task)
  File "C:\Users\user\AppData\Local\Programs\Python\Python312\Lib\asyncio\base_events.py", line 678, in run_until_complete
    self.run_forever()
  File "C:\Users\user\AppData\Local\Programs\Python\Python312\Lib\asyncio\windows_events.py", line 322, in run_forever
    super().run_forever()
  File "C:\Users\user\AppData\Local\Programs\Python\Python312\Lib\asyncio\base_events.py", line 645, in run_forever
    self._run_once()
  File "C:\Users\user\AppData\Local\Programs\Python\Python312\Lib\asyncio\base_events.py", line 1961, in _run_once
    event_list = self._selector.select(timeout)
  File "C:\Users\user\AppData\Local\Programs\Python\Python312\Lib\asyncio\windows_events.py", line 445, in select
    self._poll(timeout)
  File "C:\Users\user\AppData\Local\Programs\Python\Python312\Lib\asyncio\windows_events.py", line 774, in _poll
    status = _overlapped.GetQueuedCompletionStatus(self._iocp, ms)

2026-04-20 14:32:45,992 discord.gateway WARNING Shard ID None heartbeat blocked for more than 40 seconds.
Loop thread traceback (most recent call last):
  File "D:\Medral\bot\api.py", line 336, in <module>
    uvicorn.run("api:app", host=API_HOST, port=API_PORT, reload=False)
  File "D:\Medral\venv\Lib\site-packages\uvicorn\main.py", line 606, in run
    server.run()
  File "D:\Medral\venv\Lib\site-packages\uvicorn\server.py", line 75, in run
    return asyncio_run(self.serve(sockets=sockets), loop_factory=self.config.get_loop_factory())
  File "C:\Users\user\AppData\Local\Programs\Python\Python312\Lib\asyncio\runners.py", line 195, in run
    return runner.run(main)
  File "C:\Users\user\AppData\Local\Programs\Python\Python312\Lib\asyncio\runners.py", line 118, in run
    return self._loop.run_until_complete(task)
  File "C:\Users\user\AppData\Local\Programs\Python\Python312\Lib\asyncio\base_events.py", line 678, in run_until_complete
    self.run_forever()
  File "C:\Users\user\AppData\Local\Programs\Python\Python312\Lib\asyncio\windows_events.py", line 322, in run_forever
    super().run_forever()
  File "C:\Users\user\AppData\Local\Programs\Python\Python312\Lib\asyncio\base_events.py", line 645, in run_forever
    self._run_once()
  File "C:\Users\user\AppData\Local\Programs\Python\Python312\Lib\asyncio\base_events.py", line 1961, in _run_once
    event_list = self._selector.select(timeout)
  File "C:\Users\user\AppData\Local\Programs\Python\Python312\Lib\asyncio\windows_events.py", line 445, in select
    self._poll(timeout)
  File "C:\Users\user\AppData\Local\Programs\Python\Python312\Lib\asyncio\windows_events.py", line 774, in _poll
    status = _overlapped.GetQueuedCompletionStatus(self._iocp, ms)

2026-04-20 14:32:47,589 discord.voice.state DEBUG Timed out waiting for voice disconnect confirmation
2026-04-20 14:32:47,589 discord.voice.state DEBUG Timed out waiting for voice disconnect confirmation
2026-04-20 14:32:47,589 discord.voice.state DEBUG Timed out waiting for voice disconnect confirmation
2026-04-20 14:32:47,589 discord.voice.state DEBUG Timed out waiting for voice disconnect confirmation
2026-04-20 14:32:47,589 discord.voice.state WARNING Socket reader voice-socket-event-reader:0x2366d5d6750 is waiting to be set as running
2026-04-20 14:32:47,589 discord.voice.state WARNING Socket reader voice-socket-event-reader:0x2366d5d6750 is waiting to be set as running
2026-04-20 14:32:47,589 discord.voice.state WARNING Socket reader voice-socket-event-reader:0x2366d5d6750 is waiting to be set as running
2026-04-20 14:32:47,589 discord.voice.state WARNING Socket reader voice-socket-event-reader:0x2366d5d6750 is waiting to be set as running
2026-04-20 14:32:50,829 discord.voice.state DEBUG Timed out waiting for voice disconnect confirmation
2026-04-20 14:32:50,829 discord.voice.state DEBUG Timed out waiting for voice disconnect confirmation
2026-04-20 14:32:50,829 discord.voice.state DEBUG Timed out waiting for voice disconnect confirmation
2026-04-20 14:32:50,829 discord.voice.state DEBUG Timed out waiting for voice disconnect confirmation
2026-04-20 14:32:50,829 discord.voice.state WARNING Socket reader voice-socket-event-reader:0x2366d65dc70 is waiting to be set as running
2026-04-20 14:32:50,829 discord.voice.state WARNING Socket reader voice-socket-event-reader:0x2366d65dc70 is waiting to be set as running
2026-04-20 14:32:50,829 discord.voice.state WARNING Socket reader voice-socket-event-reader:0x2366d65dc70 is waiting to be set as running
2026-04-20 14:32:50,829 discord.voice.state WARNING Socket reader voice-socket-event-reader:0x2366d65dc70 is waiting to be set as running
2026-04-20 14:32:54,839 discord.voice.state DEBUG Timed out waiting for voice disconnect confirmation
2026-04-20 14:32:54,839 discord.voice.state DEBUG Timed out waiting for voice disconnect confirmation
2026-04-20 14:32:54,839 discord.voice.state DEBUG Timed out waiting for voice disconnect confirmation
2026-04-20 14:32:54,839 discord.voice.state DEBUG Timed out waiting for voice disconnect confirmation
2026-04-20 14:32:54,840 discord.voice.state WARNING Socket reader voice-socket-event-reader:0x2366d87a000 is waiting to be set as running
2026-04-20 14:32:54,840 discord.voice.state WARNING Socket reader voice-socket-event-reader:0x2366d87a000 is waiting to be set as running
2026-04-20 14:32:54,840 discord.voice.state WARNING Socket reader voice-socket-event-reader:0x2366d87a000 is waiting to be set as running
2026-04-20 14:32:54,840 discord.voice.state WARNING Socket reader voice-socket-event-reader:0x2366d87a000 is waiting to be set as running
2026-04-20 14:32:55,502 discord.voice.state DEBUG Attempting a voice disconnect for channel 1495601021165244507 (guild 1495601020003156031)
2026-04-20 14:32:55,502 discord.voice.state DEBUG Attempting a voice disconnect for channel 1495601021165244507 (guild 1495601020003156031)
2026-04-20 14:32:55,502 discord.voice.state DEBUG Attempting a voice disconnect for channel 1495601021165244507 (guild 1495601020003156031)
2026-04-20 14:32:55,502 discord.voice.state DEBUG Attempting a voice disconnect for channel 1495601021165244507 (guild 1495601020003156031)
2026-04-20 14:32:55,502 discord.voice.state INFO Terminating voice handshake for channel 1495601021165244507 (guild 1495601020003156031)
2026-04-20 14:32:55,502 discord.voice.state INFO Terminating voice handshake for channel 1495601021165244507 (guild 1495601020003156031)
2026-04-20 14:32:55,502 discord.voice.state INFO Terminating voice handshake for channel 1495601021165244507 (guild 1495601020003156031)
2026-04-20 14:32:55,502 discord.voice.state INFO Terminating voice handshake for channel 1495601021165244507 (guild 1495601020003156031)
2026-04-20 14:32:56,001 discord.gateway WARNING Shard ID None heartbeat blocked for more than 50 seconds.
Loop thread traceback (most recent call last):
  File "D:\Medral\bot\api.py", line 336, in <module>
    uvicorn.run("api:app", host=API_HOST, port=API_PORT, reload=False)
  File "D:\Medral\venv\Lib\site-packages\uvicorn\main.py", line 606, in run
    server.run()
  File "D:\Medral\venv\Lib\site-packages\uvicorn\server.py", line 75, in run
    return asyncio_run(self.serve(sockets=sockets), loop_factory=self.config.get_loop_factory())
  File "C:\Users\user\AppData\Local\Programs\Python\Python312\Lib\asyncio\runners.py", line 195, in run
    return runner.run(main)
  File "C:\Users\user\AppData\Local\Programs\Python\Python312\Lib\asyncio\runners.py", line 118, in run
    return self._loop.run_until_complete(task)
  File "C:\Users\user\AppData\Local\Programs\Python\Python312\Lib\asyncio\base_events.py", line 678, in run_until_complete
    self.run_forever()
  File "C:\Users\user\AppData\Local\Programs\Python\Python312\Lib\asyncio\windows_events.py", line 322, in run_forever
    super().run_forever()
  File "C:\Users\user\AppData\Local\Programs\Python\Python312\Lib\asyncio\base_events.py", line 645, in run_forever
    self._run_once()
  File "C:\Users\user\AppData\Local\Programs\Python\Python312\Lib\asyncio\base_events.py", line 1961, in _run_once
    event_list = self._selector.select(timeout)
  File "C:\Users\user\AppData\Local\Programs\Python\Python312\Lib\asyncio\windows_events.py", line 445, in select
    self._poll(timeout)
  File "C:\Users\user\AppData\Local\Programs\Python\Python312\Lib\asyncio\windows_events.py", line 774, in _poll
    status = _overlapped.GetQueuedCompletionStatus(self._iocp, ms)

2026-04-20 14:32:56,001 discord.gateway WARNING Shard ID None heartbeat blocked for more than 50 seconds.
Loop thread traceback (most recent call last):
  File "D:\Medral\bot\api.py", line 336, in <module>
    uvicorn.run("api:app", host=API_HOST, port=API_PORT, reload=False)
  File "D:\Medral\venv\Lib\site-packages\uvicorn\main.py", line 606, in run
    server.run()
  File "D:\Medral\venv\Lib\site-packages\uvicorn\server.py", line 75, in run
    return asyncio_run(self.serve(sockets=sockets), loop_factory=self.config.get_loop_factory())
  File "C:\Users\user\AppData\Local\Programs\Python\Python312\Lib\asyncio\runners.py", line 195, in run
    return runner.run(main)
  File "C:\Users\user\AppData\Local\Programs\Python\Python312\Lib\asyncio\runners.py", line 118, in run
    return self._loop.run_until_complete(task)
  File "C:\Users\user\AppData\Local\Programs\Python\Python312\Lib\asyncio\base_events.py", line 678, in run_until_complete
    self.run_forever()
  File "C:\Users\user\AppData\Local\Programs\Python\Python312\Lib\asyncio\windows_events.py", line 322, in run_forever
    super().run_forever()
  File "C:\Users\user\AppData\Local\Programs\Python\Python312\Lib\asyncio\base_events.py", line 645, in run_forever
    self._run_once()
  File "C:\Users\user\AppData\Local\Programs\Python\Python312\Lib\asyncio\base_events.py", line 1961, in _run_once
    event_list = self._selector.select(timeout)
  File "C:\Users\user\AppData\Local\Programs\Python\Python312\Lib\asyncio\windows_events.py", line 445, in select
    self._poll(timeout)
  File "C:\Users\user\AppData\Local\Programs\Python\Python312\Lib\asyncio\windows_events.py", line 774, in _poll
    status = _overlapped.GetQueuedCompletionStatus(self._iocp, ms)

2026-04-20 14:33:03,981 discord.gateway WARNING Can't keep up, shard ID None websocket is 99.3s behind.
2026-04-20 14:33:03,981 discord.gateway WARNING Can't keep up, shard ID None websocket is 99.3s behind.
2026-04-20 14:33:06,012 discord.gateway WARNING Shard ID None heartbeat blocked for more than 60 seconds.
Loop thread traceback (most recent call last):
  File "D:\Medral\bot\api.py", line 336, in <module>
    uvicorn.run("api:app", host=API_HOST, port=API_PORT, reload=False)
  File "D:\Medral\venv\Lib\site-packages\uvicorn\main.py", line 606, in run
    server.run()
  File "D:\Medral\venv\Lib\site-packages\uvicorn\server.py", line 75, in run
    return asyncio_run(self.serve(sockets=sockets), loop_factory=self.config.get_loop_factory())
  File "C:\Users\user\AppData\Local\Programs\Python\Python312\Lib\asyncio\runners.py", line 195, in run
    return runner.run(main)
  File "C:\Users\user\AppData\Local\Programs\Python\Python312\Lib\asyncio\runners.py", line 118, in run
    return self._loop.run_until_complete(task)
  File "C:\Users\user\AppData\Local\Programs\Python\Python312\Lib\asyncio\base_events.py", line 678, in run_until_complete
    self.run_forever()
  File "C:\Users\user\AppData\Local\Programs\Python\Python312\Lib\asyncio\windows_events.py", line 322, in run_forever
    super().run_forever()
  File "C:\Users\user\AppData\Local\Programs\Python\Python312\Lib\asyncio\base_events.py", line 645, in run_forever
    self._run_once()
  File "C:\Users\user\AppData\Local\Programs\Python\Python312\Lib\asyncio\base_events.py", line 1961, in _run_once
    event_list = self._selector.select(timeout)
  File "C:\Users\user\AppData\Local\Programs\Python\Python312\Lib\asyncio\windows_events.py", line 445, in select
    self._poll(timeout)
  File "C:\Users\user\AppData\Local\Programs\Python\Python312\Lib\asyncio\windows_events.py", line 774, in _poll
    status = _overlapped.GetQueuedCompletionStatus(self._iocp, ms)

2026-04-20 14:33:06,012 discord.gateway WARNING Shard ID None heartbeat blocked for more than 60 seconds.
Loop thread traceback (most recent call last):
  File "D:\Medral\bot\api.py", line 336, in <module>
    uvicorn.run("api:app", host=API_HOST, port=API_PORT, reload=False)
  File "D:\Medral\venv\Lib\site-packages\uvicorn\main.py", line 606, in run
    server.run()
  File "D:\Medral\venv\Lib\site-packages\uvicorn\server.py", line 75, in run
    return asyncio_run(self.serve(sockets=sockets), loop_factory=self.config.get_loop_factory())
  File "C:\Users\user\AppData\Local\Programs\Python\Python312\Lib\asyncio\runners.py", line 195, in run
    return runner.run(main)
  File "C:\Users\user\AppData\Local\Programs\Python\Python312\Lib\asyncio\runners.py", line 118, in run
    return self._loop.run_until_complete(task)
  File "C:\Users\user\AppData\Local\Programs\Python\Python312\Lib\asyncio\base_events.py", line 678, in run_until_complete
    self.run_forever()
  File "C:\Users\user\AppData\Local\Programs\Python\Python312\Lib\asyncio\windows_events.py", line 322, in run_forever
    super().run_forever()
  File "C:\Users\user\AppData\Local\Programs\Python\Python312\Lib\asyncio\base_events.py", line 645, in run_forever
    self._run_once()
  File "C:\Users\user\AppData\Local\Programs\Python\Python312\Lib\asyncio\base_events.py", line 1961, in _run_once
    event_list = self._selector.select(timeout)
  File "C:\Users\user\AppData\Local\Programs\Python\Python312\Lib\asyncio\windows_events.py", line 445, in select
    self._poll(timeout)
  File "C:\Users\user\AppData\Local\Programs\Python\Python312\Lib\asyncio\windows_events.py", line 774, in _poll
    status = _overlapped.GetQueuedCompletionStatus(self._iocp, ms)

2026-04-20 14:33:16,027 discord.gateway WARNING Shard ID None heartbeat blocked for more than 70 seconds.
Loop thread traceback (most recent call last):
  File "D:\Medral\bot\api.py", line 336, in <module>
    uvicorn.run("api:app", host=API_HOST, port=API_PORT, reload=False)
  File "D:\Medral\venv\Lib\site-packages\uvicorn\main.py", line 606, in run
    server.run()
  File "D:\Medral\venv\Lib\site-packages\uvicorn\server.py", line 75, in run
    return asyncio_run(self.serve(sockets=sockets), loop_factory=self.config.get_loop_factory())
  File "C:\Users\user\AppData\Local\Programs\Python\Python312\Lib\asyncio\runners.py", line 195, in run
    return runner.run(main)
  File "C:\Users\user\AppData\Local\Programs\Python\Python312\Lib\asyncio\runners.py", line 118, in run
    return self._loop.run_until_complete(task)
  File "C:\Users\user\AppData\Local\Programs\Python\Python312\Lib\asyncio\base_events.py", line 678, in run_until_complete
    self.run_forever()
  File "C:\Users\user\AppData\Local\Programs\Python\Python312\Lib\asyncio\windows_events.py", line 322, in run_forever
    super().run_forever()
  File "C:\Users\user\AppData\Local\Programs\Python\Python312\Lib\asyncio\base_events.py", line 645, in run_forever
    self._run_once()
  File "C:\Users\user\AppData\Local\Programs\Python\Python312\Lib\asyncio\base_events.py", line 1961, in _run_once
    event_list = self._selector.select(timeout)
  File "C:\Users\user\AppData\Local\Programs\Python\Python312\Lib\asyncio\windows_events.py", line 445, in select
    self._poll(timeout)
  File "C:\Users\user\AppData\Local\Programs\Python\Python312\Lib\asyncio\windows_events.py", line 774, in _poll
    status = _overlapped.GetQueuedCompletionStatus(self._iocp, ms)

2026-04-20 14:33:16,027 discord.gateway WARNING Shard ID None heartbeat blocked for more than 70 seconds.
Loop thread traceback (most recent call last):
  File "D:\Medral\bot\api.py", line 336, in <module>
    uvicorn.run("api:app", host=API_HOST, port=API_PORT, reload=False)
  File "D:\Medral\venv\Lib\site-packages\uvicorn\main.py", line 606, in run
    server.run()
  File "D:\Medral\venv\Lib\site-packages\uvicorn\server.py", line 75, in run
    return asyncio_run(self.serve(sockets=sockets), loop_factory=self.config.get_loop_factory())
  File "C:\Users\user\AppData\Local\Programs\Python\Python312\Lib\asyncio\runners.py", line 195, in run
    return runner.run(main)
  File "C:\Users\user\AppData\Local\Programs\Python\Python312\Lib\asyncio\runners.py", line 118, in run
    return self._loop.run_until_complete(task)
  File "C:\Users\user\AppData\Local\Programs\Python\Python312\Lib\asyncio\base_events.py", line 678, in run_until_complete
    self.run_forever()
  File "C:\Users\user\AppData\Local\Programs\Python\Python312\Lib\asyncio\windows_events.py", line 322, in run_forever
    super().run_forever()
  File "C:\Users\user\AppData\Local\Programs\Python\Python312\Lib\asyncio\base_events.py", line 645, in run_forever
    self._run_once()
  File "C:\Users\user\AppData\Local\Programs\Python\Python312\Lib\asyncio\base_events.py", line 1961, in _run_once
    event_list = self._selector.select(timeout)
  File "C:\Users\user\AppData\Local\Programs\Python\Python312\Lib\asyncio\windows_events.py", line 445, in select
    self._poll(timeout)
  File "C:\Users\user\AppData\Local\Programs\Python\Python312\Lib\asyncio\windows_events.py", line 774, in _poll
    status = _overlapped.GetQueuedCompletionStatus(self._iocp, ms)

2026-04-20 14:33:26,037 discord.gateway WARNING Shard ID None heartbeat blocked for more than 80 seconds.
Loop thread traceback (most recent call last):
  File "D:\Medral\bot\api.py", line 336, in <module>
    uvicorn.run("api:app", host=API_HOST, port=API_PORT, reload=False)
  File "D:\Medral\venv\Lib\site-packages\uvicorn\main.py", line 606, in run
    server.run()
  File "D:\Medral\venv\Lib\site-packages\uvicorn\server.py", line 75, in run
    return asyncio_run(self.serve(sockets=sockets), loop_factory=self.config.get_loop_factory())
  File "C:\Users\user\AppData\Local\Programs\Python\Python312\Lib\asyncio\runners.py", line 195, in run
    return runner.run(main)
  File "C:\Users\user\AppData\Local\Programs\Python\Python312\Lib\asyncio\runners.py", line 118, in run
    return self._loop.run_until_complete(task)
  File "C:\Users\user\AppData\Local\Programs\Python\Python312\Lib\asyncio\base_events.py", line 678, in run_until_complete
    self.run_forever()
  File "C:\Users\user\AppData\Local\Programs\Python\Python312\Lib\asyncio\windows_events.py", line 322, in run_forever
    super().run_forever()
  File "C:\Users\user\AppData\Local\Programs\Python\Python312\Lib\asyncio\base_events.py", line 645, in run_forever
    self._run_once()
  File "C:\Users\user\AppData\Local\Programs\Python\Python312\Lib\asyncio\base_events.py", line 1961, in _run_once
    event_list = self._selector.select(timeout)
  File "C:\Users\user\AppData\Local\Programs\Python\Python312\Lib\asyncio\windows_events.py", line 445, in select
    self._poll(timeout)
  File "C:\Users\user\AppData\Local\Programs\Python\Python312\Lib\asyncio\windows_events.py", line 774, in _poll
    status = _overlapped.GetQueuedCompletionStatus(self._iocp, ms)

2026-04-20 14:33:26,037 discord.gateway WARNING Shard ID None heartbeat blocked for more than 80 seconds.
Loop thread traceback (most recent call last):
  File "D:\Medral\bot\api.py", line 336, in <module>
    uvicorn.run("api:app", host=API_HOST, port=API_PORT, reload=False)
  File "D:\Medral\venv\Lib\site-packages\uvicorn\main.py", line 606, in run
    server.run()
  File "D:\Medral\venv\Lib\site-packages\uvicorn\server.py", line 75, in run
    return asyncio_run(self.serve(sockets=sockets), loop_factory=self.config.get_loop_factory())
  File "C:\Users\user\AppData\Local\Programs\Python\Python312\Lib\asyncio\runners.py", line 195, in run
    return runner.run(main)
  File "C:\Users\user\AppData\Local\Programs\Python\Python312\Lib\asyncio\runners.py", line 118, in run
    return self._loop.run_until_complete(task)
  File "C:\Users\user\AppData\Local\Programs\Python\Python312\Lib\asyncio\base_events.py", line 678, in run_until_complete
    self.run_forever()
  File "C:\Users\user\AppData\Local\Programs\Python\Python312\Lib\asyncio\windows_events.py", line 322, in run_forever
    super().run_forever()
  File "C:\Users\user\AppData\Local\Programs\Python\Python312\Lib\asyncio\base_events.py", line 645, in run_forever
    self._run_once()
  File "C:\Users\user\AppData\Local\Programs\Python\Python312\Lib\asyncio\base_events.py", line 1961, in _run_once
    event_list = self._selector.select(timeout)
  File "C:\Users\user\AppData\Local\Programs\Python\Python312\Lib\asyncio\windows_events.py", line 445, in select
    self._poll(timeout)
  File "C:\Users\user\AppData\Local\Programs\Python\Python312\Lib\asyncio\windows_events.py", line 774, in _poll
    status = _overlapped.GetQueuedCompletionStatus(self._iocp, ms)

2026-04-20 14:33:36,047 discord.gateway WARNING Shard ID None heartbeat blocked for more than 90 seconds.
Loop thread traceback (most recent call last):
  File "D:\Medral\bot\api.py", line 336, in <module>
    uvicorn.run("api:app", host=API_HOST, port=API_PORT, reload=False)
  File "D:\Medral\venv\Lib\site-packages\uvicorn\main.py", line 606, in run
    server.run()
  File "D:\Medral\venv\Lib\site-packages\uvicorn\server.py", line 75, in run
    return asyncio_run(self.serve(sockets=sockets), loop_factory=self.config.get_loop_factory())
  File "C:\Users\user\AppData\Local\Programs\Python\Python312\Lib\asyncio\runners.py", line 195, in run
    return runner.run(main)
  File "C:\Users\user\AppData\Local\Programs\Python\Python312\Lib\asyncio\runners.py", line 118, in run
    return self._loop.run_until_complete(task)
  File "C:\Users\user\AppData\Local\Programs\Python\Python312\Lib\asyncio\base_events.py", line 678, in run_until_complete
    self.run_forever()
  File "C:\Users\user\AppData\Local\Programs\Python\Python312\Lib\asyncio\windows_events.py", line 322, in run_forever
    super().run_forever()
  File "C:\Users\user\AppData\Local\Programs\Python\Python312\Lib\asyncio\base_events.py", line 645, in run_forever
    self._run_once()
  File "C:\Users\user\AppData\Local\Programs\Python\Python312\Lib\asyncio\base_events.py", line 1961, in _run_once
    event_list = self._selector.select(timeout)
  File "C:\Users\user\AppData\Local\Programs\Python\Python312\Lib\asyncio\windows_events.py", line 445, in select
    self._poll(timeout)
  File "C:\Users\user\AppData\Local\Programs\Python\Python312\Lib\asyncio\windows_events.py", line 774, in _poll
    status = _overlapped.GetQueuedCompletionStatus(self._iocp, ms)

2026-04-20 14:33:36,047 discord.gateway WARNING Shard ID None heartbeat blocked for more than 90 seconds.
Loop thread traceback (most recent call last):
  File "D:\Medral\bot\api.py", line 336, in <module>
    uvicorn.run("api:app", host=API_HOST, port=API_PORT, reload=False)
  File "D:\Medral\venv\Lib\site-packages\uvicorn\main.py", line 606, in run
    server.run()
  File "D:\Medral\venv\Lib\site-packages\uvicorn\server.py", line 75, in run
    return asyncio_run(self.serve(sockets=sockets), loop_factory=self.config.get_loop_factory())
  File "C:\Users\user\AppData\Local\Programs\Python\Python312\Lib\asyncio\runners.py", line 195, in run
    return runner.run(main)
  File "C:\Users\user\AppData\Local\Programs\Python\Python312\Lib\asyncio\runners.py", line 118, in run
    return self._loop.run_until_complete(task)
  File "C:\Users\user\AppData\Local\Programs\Python\Python312\Lib\asyncio\base_events.py", line 678, in run_until_complete
    self.run_forever()
  File "C:\Users\user\AppData\Local\Programs\Python\Python312\Lib\asyncio\windows_events.py", line 322, in run_forever
    super().run_forever()
  File "C:\Users\user\AppData\Local\Programs\Python\Python312\Lib\asyncio\base_events.py", line 645, in run_forever
    self._run_once()
  File "C:\Users\user\AppData\Local\Programs\Python\Python312\Lib\asyncio\base_events.py", line 1961, in _run_once
    event_list = self._selector.select(timeout)
  File "C:\Users\user\AppData\Local\Programs\Python\Python312\Lib\asyncio\windows_events.py", line 445, in select
    self._poll(timeout)
  File "C:\Users\user\AppData\Local\Programs\Python\Python312\Lib\asyncio\windows_events.py", line 774, in _poll
    status = _overlapped.GetQueuedCompletionStatus(self._iocp, ms)

2026-04-20 14:33:37,461 discord.voice.state DEBUG Timed out waiting for voice disconnect confirmation
2026-04-20 14:33:37,461 discord.voice.state DEBUG Timed out waiting for voice disconnect confirmation
2026-04-20 14:33:37,461 discord.voice.state DEBUG Timed out waiting for voice disconnect confirmation
2026-04-20 14:33:37,461 discord.voice.state DEBUG Timed out waiting for voice disconnect confirmation
2026-04-20 14:33:37,461 discord.voice.state WARNING Socket reader voice-socket-event-reader:0x2366d61f710 is waiting to be set as running
2026-04-20 14:33:37,461 discord.voice.state WARNING Socket reader voice-socket-event-reader:0x2366d61f710 is waiting to be set as running
2026-04-20 14:33:37,461 discord.voice.state WARNING Socket reader voice-socket-event-reader:0x2366d61f710 is waiting to be set as running
2026-04-20 14:33:37,461 discord.voice.state WARNING Socket reader voice-socket-event-reader:0x2366d61f710 is waiting to be set as running
2026-04-20 14:33:46,060 discord.gateway WARNING Shard ID None heartbeat blocked for more than 100 seconds.
Loop thread traceback (most recent call last):
  File "D:\Medral\bot\api.py", line 336, in <module>
    uvicorn.run("api:app", host=API_HOST, port=API_PORT, reload=False)
  File "D:\Medral\venv\Lib\site-packages\uvicorn\main.py", line 606, in run
    server.run()
  File "D:\Medral\venv\Lib\site-packages\uvicorn\server.py", line 75, in run
    return asyncio_run(self.serve(sockets=sockets), loop_factory=self.config.get_loop_factory())
  File "C:\Users\user\AppData\Local\Programs\Python\Python312\Lib\asyncio\runners.py", line 195, in run
    return runner.run(main)
  File "C:\Users\user\AppData\Local\Programs\Python\Python312\Lib\asyncio\runners.py", line 118, in run
    return self._loop.run_until_complete(task)
  File "C:\Users\user\AppData\Local\Programs\Python\Python312\Lib\asyncio\base_events.py", line 678, in run_until_complete
    self.run_forever()
  File "C:\Users\user\AppData\Local\Programs\Python\Python312\Lib\asyncio\windows_events.py", line 322, in run_forever
    super().run_forever()
  File "C:\Users\user\AppData\Local\Programs\Python\Python312\Lib\asyncio\base_events.py", line 645, in run_forever
    self._run_once()
  File "C:\Users\user\AppData\Local\Programs\Python\Python312\Lib\asyncio\base_events.py", line 1961, in _run_once
    event_list = self._selector.select(timeout)
  File "C:\Users\user\AppData\Local\Programs\Python\Python312\Lib\asyncio\windows_events.py", line 445, in select
    self._poll(timeout)
  File "C:\Users\user\AppData\Local\Programs\Python\Python312\Lib\asyncio\windows_events.py", line 774, in _poll
    status = _overlapped.GetQueuedCompletionStatus(self._iocp, ms)

2026-04-20 14:33:46,060 discord.gateway WARNING Shard ID None heartbeat blocked for more than 100 seconds.
Loop thread traceback (most recent call last):
  File "D:\Medral\bot\api.py", line 336, in <module>
    uvicorn.run("api:app", host=API_HOST, port=API_PORT, reload=False)
  File "D:\Medral\venv\Lib\site-packages\uvicorn\main.py", line 606, in run
    server.run()
  File "D:\Medral\venv\Lib\site-packages\uvicorn\server.py", line 75, in run
    return asyncio_run(self.serve(sockets=sockets), loop_factory=self.config.get_loop_factory())
  File "C:\Users\user\AppData\Local\Programs\Python\Python312\Lib\asyncio\runners.py", line 195, in run
    return runner.run(main)
  File "C:\Users\user\AppData\Local\Programs\Python\Python312\Lib\asyncio\runners.py", line 118, in run
    return self._loop.run_until_complete(task)
  File "C:\Users\user\AppData\Local\Programs\Python\Python312\Lib\asyncio\base_events.py", line 678, in run_until_complete
    self.run_forever()
  File "C:\Users\user\AppData\Local\Programs\Python\Python312\Lib\asyncio\windows_events.py", line 322, in run_forever
    super().run_forever()
  File "C:\Users\user\AppData\Local\Programs\Python\Python312\Lib\asyncio\base_events.py", line 645, in run_forever
    self._run_once()
  File "C:\Users\user\AppData\Local\Programs\Python\Python312\Lib\asyncio\base_events.py", line 1961, in _run_once
    event_list = self._selector.select(timeout)
  File "C:\Users\user\AppData\Local\Programs\Python\Python312\Lib\asyncio\windows_events.py", line 445, in select
    self._poll(timeout)
  File "C:\Users\user\AppData\Local\Programs\Python\Python312\Lib\asyncio\windows_events.py", line 774, in _poll
    status = _overlapped.GetQueuedCompletionStatus(self._iocp, ms)

2026-04-20 14:33:47,068 discord.voice.state WARNING Socket reader voice-socket-event-reader:0x2366d878b90 is waiting to be set as running
2026-04-20 14:33:47,068 discord.voice.state WARNING Socket reader voice-socket-event-reader:0x2366d878b90 is waiting to be set as running
2026-04-20 14:33:47,068 discord.voice.state WARNING Socket reader voice-socket-event-reader:0x2366d878b90 is waiting to be set as running
2026-04-20 14:33:47,068 discord.voice.state WARNING Socket reader voice-socket-event-reader:0x2366d878b90 is waiting to be set as running
2026-04-20 14:33:47,075 discord.voice.state DEBUG Attempting a voice disconnect for channel 1495601021165244507 (guild 1495601020003156031)
2026-04-20 14:33:47,075 discord.voice.state DEBUG Attempting a voice disconnect for channel 1495601021165244507 (guild 1495601020003156031)
2026-04-20 14:33:47,075 discord.voice.state DEBUG Attempting a voice disconnect for channel 1495601021165244507 (guild 1495601020003156031)
2026-04-20 14:33:47,075 discord.voice.state DEBUG Attempting a voice disconnect for channel 1495601021165244507 (guild 1495601020003156031)
2026-04-20 14:33:47,075 discord.voice.state INFO Terminating voice handshake for channel 1495601021165244507 (guild 1495601020003156031)
2026-04-20 14:33:47,075 discord.voice.state INFO Terminating voice handshake for channel 1495601021165244507 (guild 1495601020003156031)
2026-04-20 14:33:47,075 discord.voice.state INFO Terminating voice handshake for channel 1495601021165244507 (guild 1495601020003156031)
2026-04-20 14:33:47,075 discord.voice.state INFO Terminating voice handshake for channel 1495601021165244507 (guild 1495601020003156031)
2026-04-20 14:33:47,075 discord.voice.state DEBUG Ignoring exception while disconnecting from voice
Traceback (most recent call last):
  File "C:\Users\user\AppData\Local\Programs\Python\Python312\Lib\asyncio\runners.py", line 195, in run
    return runner.run(main)
           ^^^^^^^^^^^^^^^^
  File "C:\Users\user\AppData\Local\Programs\Python\Python312\Lib\asyncio\runners.py", line 118, in run
    return self._loop.run_until_complete(task)
           ^^^^^^^^^^^^^^^^^^^^^^^^^^^^^^^^^^^
  File "C:\Users\user\AppData\Local\Programs\Python\Python312\Lib\asyncio\base_events.py", line 678, in run_until_complete
    self.run_forever()
  File "C:\Users\user\AppData\Local\Programs\Python\Python312\Lib\asyncio\windows_events.py", line 322, in run_forever
    super().run_forever()
  File "C:\Users\user\AppData\Local\Programs\Python\Python312\Lib\asyncio\base_events.py", line 645, in run_forever
    self._run_once()
  File "C:\Users\user\AppData\Local\Programs\Python\Python312\Lib\asyncio\base_events.py", line 1999, in _run_once
    handle._run()
  File "C:\Users\user\AppData\Local\Programs\Python\Python312\Lib\asyncio\events.py", line 88, in _run
    self._context.run(self._callback, *self._args)
  File "D:\Medral\venv\Lib\site-packages\uvicorn\server.py", line 78, in serve
    with self.capture_signals():
         ^^^^^^^^^^^^^^^^^^^^^^
  File "C:\Users\user\AppData\Local\Programs\Python\Python312\Lib\contextlib.py", line 144, in __exit__
    next(self.gen)
  File "D:\Medral\venv\Lib\site-packages\uvicorn\server.py", line 339, in capture_signals
    signal.raise_signal(captured_signal)
  File "C:\Users\user\AppData\Local\Programs\Python\Python312\Lib\asyncio\runners.py", line 157, in _on_sigint
    raise KeyboardInterrupt()
KeyboardInterrupt

During handling of the above exception, another exception occurred:

Traceback (most recent call last):
  File "D:\Medral\bot\api.py", line 113, in lifespan
    yield
  File "D:\Medral\venv\Lib\site-packages\starlette\routing.py", line 645, in lifespan
    await receive()
  File "D:\Medral\venv\Lib\site-packages\uvicorn\lifespan\on.py", line 137, in receive
    return await self.receive_queue.get()
           ^^^^^^^^^^^^^^^^^^^^^^^^^^^^^^
  File "C:\Users\user\AppData\Local\Programs\Python\Python312\Lib\asyncio\queues.py", line 158, in get
    await getter
asyncio.exceptions.CancelledError

During handling of the above exception, another exception occurred:

Traceback (most recent call last):
  File "D:\Medral\venv\Lib\site-packages\discord\voice\state.py", line 573, in disconnect
    await self._voice_disconnect()
  File "D:\Medral\venv\Lib\site-packages\discord\voice\state.py", line 728, in _voice_disconnect
    await self.client.channel.guild.change_voice_state(
  File "D:\Medral\venv\Lib\site-packages\discord\guild.py", line 4065, in change_voice_state
    await ws.voice_state(self.id, channel_id, self_mute, self_deaf)
  File "D:\Medral\venv\Lib\site-packages\discord\gateway.py", line 764, in voice_state
    await self.send_as_json(payload)
  File "D:\Medral\venv\Lib\site-packages\discord\gateway.py", line 676, in send_as_json
    await self.send(utils._to_json(data))
  File "D:\Medral\venv\Lib\site-packages\discord\gateway.py", line 672, in send
    await self.socket.send_str(data)
  File "D:\Medral\venv\Lib\site-packages\aiohttp\client_ws.py", line 245, in send_str
    await self._writer.send_frame(
  File "D:\Medral\venv\Lib\site-packages\aiohttp\_websocket\writer.py", line 83, in send_frame
    self._write_websocket_frame(message, opcode, 0)
  File "D:\Medral\venv\Lib\site-packages\aiohttp\_websocket\writer.py", line 151, in _write_websocket_frame
    raise ClientConnectionResetError("Cannot write to closing transport")
aiohttp.client_exceptions.ClientConnectionResetError: Cannot write to closing transport
2026-04-20 14:33:47,075 discord.voice.state DEBUG Ignoring exception while disconnecting from voice
Traceback (most recent call last):
  File "C:\Users\user\AppData\Local\Programs\Python\Python312\Lib\asyncio\runners.py", line 195, in run
    return runner.run(main)
           ^^^^^^^^^^^^^^^^
  File "C:\Users\user\AppData\Local\Programs\Python\Python312\Lib\asyncio\runners.py", line 118, in run
    return self._loop.run_until_complete(task)
           ^^^^^^^^^^^^^^^^^^^^^^^^^^^^^^^^^^^
  File "C:\Users\user\AppData\Local\Programs\Python\Python312\Lib\asyncio\base_events.py", line 678, in run_until_complete
    self.run_forever()
  File "C:\Users\user\AppData\Local\Programs\Python\Python312\Lib\asyncio\windows_events.py", line 322, in run_forever
    super().run_forever()
  File "C:\Users\user\AppData\Local\Programs\Python\Python312\Lib\asyncio\base_events.py", line 645, in run_forever
    self._run_once()
  File "C:\Users\user\AppData\Local\Programs\Python\Python312\Lib\asyncio\base_events.py", line 1999, in _run_once
    handle._run()
  File "C:\Users\user\AppData\Local\Programs\Python\Python312\Lib\asyncio\events.py", line 88, in _run
    self._context.run(self._callback, *self._args)
  File "D:\Medral\venv\Lib\site-packages\uvicorn\server.py", line 78, in serve
    with self.capture_signals():
         ^^^^^^^^^^^^^^^^^^^^^^
  File "C:\Users\user\AppData\Local\Programs\Python\Python312\Lib\contextlib.py", line 144, in __exit__
    next(self.gen)
  File "D:\Medral\venv\Lib\site-packages\uvicorn\server.py", line 339, in capture_signals
    signal.raise_signal(captured_signal)
  File "C:\Users\user\AppData\Local\Programs\Python\Python312\Lib\asyncio\runners.py", line 157, in _on_sigint
    raise KeyboardInterrupt()
KeyboardInterrupt

During handling of the above exception, another exception occurred:

Traceback (most recent call last):
  File "D:\Medral\bot\api.py", line 113, in lifespan
    yield
  File "D:\Medral\venv\Lib\site-packages\starlette\routing.py", line 645, in lifespan
    await receive()
  File "D:\Medral\venv\Lib\site-packages\uvicorn\lifespan\on.py", line 137, in receive
    return await self.receive_queue.get()
           ^^^^^^^^^^^^^^^^^^^^^^^^^^^^^^
  File "C:\Users\user\AppData\Local\Programs\Python\Python312\Lib\asyncio\queues.py", line 158, in get
    await getter
asyncio.exceptions.CancelledError

During handling of the above exception, another exception occurred:

Traceback (most recent call last):
  File "D:\Medral\venv\Lib\site-packages\discord\voice\state.py", line 573, in disconnect
    await self._voice_disconnect()
  File "D:\Medral\venv\Lib\site-packages\discord\voice\state.py", line 728, in _voice_disconnect
    await self.client.channel.guild.change_voice_state(
  File "D:\Medral\venv\Lib\site-packages\discord\guild.py", line 4065, in change_voice_state
    await ws.voice_state(self.id, channel_id, self_mute, self_deaf)
  File "D:\Medral\venv\Lib\site-packages\discord\gateway.py", line 764, in voice_state
    await self.send_as_json(payload)
  File "D:\Medral\venv\Lib\site-packages\discord\gateway.py", line 676, in send_as_json
    await self.send(utils._to_json(data))
  File "D:\Medral\venv\Lib\site-packages\discord\gateway.py", line 672, in send
    await self.socket.send_str(data)
  File "D:\Medral\venv\Lib\site-packages\aiohttp\client_ws.py", line 245, in send_str
    await self._writer.send_frame(
  File "D:\Medral\venv\Lib\site-packages\aiohttp\_websocket\writer.py", line 83, in send_frame
    self._write_websocket_frame(message, opcode, 0)
  File "D:\Medral\venv\Lib\site-packages\aiohttp\_websocket\writer.py", line 151, in _write_websocket_frame
    raise ClientConnectionResetError("Cannot write to closing transport")
aiohttp.client_exceptions.ClientConnectionResetError: Cannot write to closing transport
2026-04-20 14:33:47,075 discord.voice.state DEBUG Ignoring exception while disconnecting from voice
Traceback (most recent call last):
  File "C:\Users\user\AppData\Local\Programs\Python\Python312\Lib\asyncio\runners.py", line 195, in run
    return runner.run(main)
           ^^^^^^^^^^^^^^^^
  File "C:\Users\user\AppData\Local\Programs\Python\Python312\Lib\asyncio\runners.py", line 118, in run
    return self._loop.run_until_complete(task)
           ^^^^^^^^^^^^^^^^^^^^^^^^^^^^^^^^^^^
  File "C:\Users\user\AppData\Local\Programs\Python\Python312\Lib\asyncio\base_events.py", line 678, in run_until_complete
    self.run_forever()
  File "C:\Users\user\AppData\Local\Programs\Python\Python312\Lib\asyncio\windows_events.py", line 322, in run_forever
    super().run_forever()
  File "C:\Users\user\AppData\Local\Programs\Python\Python312\Lib\asyncio\base_events.py", line 645, in run_forever
    self._run_once()
  File "C:\Users\user\AppData\Local\Programs\Python\Python312\Lib\asyncio\base_events.py", line 1999, in _run_once
    handle._run()
  File "C:\Users\user\AppData\Local\Programs\Python\Python312\Lib\asyncio\events.py", line 88, in _run
    self._context.run(self._callback, *self._args)
  File "D:\Medral\venv\Lib\site-packages\uvicorn\server.py", line 78, in serve
    with self.capture_signals():
         ^^^^^^^^^^^^^^^^^^^^^^
  File "C:\Users\user\AppData\Local\Programs\Python\Python312\Lib\contextlib.py", line 144, in __exit__
    next(self.gen)
  File "D:\Medral\venv\Lib\site-packages\uvicorn\server.py", line 339, in capture_signals
    signal.raise_signal(captured_signal)
  File "C:\Users\user\AppData\Local\Programs\Python\Python312\Lib\asyncio\runners.py", line 157, in _on_sigint
    raise KeyboardInterrupt()
KeyboardInterrupt

During handling of the above exception, another exception occurred:

Traceback (most recent call last):
  File "D:\Medral\bot\api.py", line 113, in lifespan
    yield
  File "D:\Medral\venv\Lib\site-packages\starlette\routing.py", line 645, in lifespan
    await receive()
  File "D:\Medral\venv\Lib\site-packages\uvicorn\lifespan\on.py", line 137, in receive
    return await self.receive_queue.get()
           ^^^^^^^^^^^^^^^^^^^^^^^^^^^^^^
  File "C:\Users\user\AppData\Local\Programs\Python\Python312\Lib\asyncio\queues.py", line 158, in get
    await getter
asyncio.exceptions.CancelledError

During handling of the above exception, another exception occurred:

Traceback (most recent call last):
  File "D:\Medral\venv\Lib\site-packages\discord\voice\state.py", line 573, in disconnect
    await self._voice_disconnect()
  File "D:\Medral\venv\Lib\site-packages\discord\voice\state.py", line 728, in _voice_disconnect
    await self.client.channel.guild.change_voice_state(
  File "D:\Medral\venv\Lib\site-packages\discord\guild.py", line 4065, in change_voice_state
    await ws.voice_state(self.id, channel_id, self_mute, self_deaf)
  File "D:\Medral\venv\Lib\site-packages\discord\gateway.py", line 764, in voice_state
    await self.send_as_json(payload)
  File "D:\Medral\venv\Lib\site-packages\discord\gateway.py", line 676, in send_as_json
    await self.send(utils._to_json(data))
  File "D:\Medral\venv\Lib\site-packages\discord\gateway.py", line 672, in send
    await self.socket.send_str(data)
  File "D:\Medral\venv\Lib\site-packages\aiohttp\client_ws.py", line 245, in send_str
    await self._writer.send_frame(
  File "D:\Medral\venv\Lib\site-packages\aiohttp\_websocket\writer.py", line 83, in send_frame
    self._write_websocket_frame(message, opcode, 0)
  File "D:\Medral\venv\Lib\site-packages\aiohttp\_websocket\writer.py", line 151, in _write_websocket_frame
    raise ClientConnectionResetError("Cannot write to closing transport")
aiohttp.client_exceptions.ClientConnectionResetError: Cannot write to closing transport
2026-04-20 14:33:47,075 discord.voice.state DEBUG Ignoring exception while disconnecting from voice
Traceback (most recent call last):
  File "C:\Users\user\AppData\Local\Programs\Python\Python312\Lib\asyncio\runners.py", line 195, in run
    return runner.run(main)
           ^^^^^^^^^^^^^^^^
  File "C:\Users\user\AppData\Local\Programs\Python\Python312\Lib\asyncio\runners.py", line 118, in run
    return self._loop.run_until_complete(task)
           ^^^^^^^^^^^^^^^^^^^^^^^^^^^^^^^^^^^
  File "C:\Users\user\AppData\Local\Programs\Python\Python312\Lib\asyncio\base_events.py", line 678, in run_until_complete
    self.run_forever()
  File "C:\Users\user\AppData\Local\Programs\Python\Python312\Lib\asyncio\windows_events.py", line 322, in run_forever
    super().run_forever()
  File "C:\Users\user\AppData\Local\Programs\Python\Python312\Lib\asyncio\base_events.py", line 645, in run_forever
    self._run_once()
  File "C:\Users\user\AppData\Local\Programs\Python\Python312\Lib\asyncio\base_events.py", line 1999, in _run_once
    handle._run()
  File "C:\Users\user\AppData\Local\Programs\Python\Python312\Lib\asyncio\events.py", line 88, in _run
    self._context.run(self._callback, *self._args)
  File "D:\Medral\venv\Lib\site-packages\uvicorn\server.py", line 78, in serve
    with self.capture_signals():
         ^^^^^^^^^^^^^^^^^^^^^^
  File "C:\Users\user\AppData\Local\Programs\Python\Python312\Lib\contextlib.py", line 144, in __exit__
    next(self.gen)
  File "D:\Medral\venv\Lib\site-packages\uvicorn\server.py", line 339, in capture_signals
    signal.raise_signal(captured_signal)
  File "C:\Users\user\AppData\Local\Programs\Python\Python312\Lib\asyncio\runners.py", line 157, in _on_sigint
    raise KeyboardInterrupt()
KeyboardInterrupt

During handling of the above exception, another exception occurred:

Traceback (most recent call last):
  File "D:\Medral\bot\api.py", line 113, in lifespan
    yield
  File "D:\Medral\venv\Lib\site-packages\starlette\routing.py", line 645, in lifespan
    await receive()
  File "D:\Medral\venv\Lib\site-packages\uvicorn\lifespan\on.py", line 137, in receive
    return await self.receive_queue.get()
           ^^^^^^^^^^^^^^^^^^^^^^^^^^^^^^
  File "C:\Users\user\AppData\Local\Programs\Python\Python312\Lib\asyncio\queues.py", line 158, in get
    await getter
asyncio.exceptions.CancelledError

During handling of the above exception, another exception occurred:

Traceback (most recent call last):
  File "D:\Medral\venv\Lib\site-packages\discord\voice\state.py", line 573, in disconnect
    await self._voice_disconnect()
  File "D:\Medral\venv\Lib\site-packages\discord\voice\state.py", line 728, in _voice_disconnect
    await self.client.channel.guild.change_voice_state(
  File "D:\Medral\venv\Lib\site-packages\discord\guild.py", line 4065, in change_voice_state
    await ws.voice_state(self.id, channel_id, self_mute, self_deaf)
  File "D:\Medral\venv\Lib\site-packages\discord\gateway.py", line 764, in voice_state
    await self.send_as_json(payload)
  File "D:\Medral\venv\Lib\site-packages\discord\gateway.py", line 676, in send_as_json
    await self.send(utils._to_json(data))
  File "D:\Medral\venv\Lib\site-packages\discord\gateway.py", line 672, in send
    await self.socket.send_str(data)
  File "D:\Medral\venv\Lib\site-packages\aiohttp\client_ws.py", line 245, in send_str
    await self._writer.send_frame(
  File "D:\Medral\venv\Lib\site-packages\aiohttp\_websocket\writer.py", line 83, in send_frame
    self._write_websocket_frame(message, opcode, 0)
  File "D:\Medral\venv\Lib\site-packages\aiohttp\_websocket\writer.py", line 151, in _write_websocket_frame
    raise ClientConnectionResetError("Cannot write to closing transport")
aiohttp.client_exceptions.ClientConnectionResetError: Cannot write to closing transport
2026-04-20 14:34:55,225 discord.voice.state WARNING Socket reader voice-socket-event-reader:0x1f634741760 is waiting to be set as running
2026-04-20 14:34:55,225 discord.voice.state WARNING Socket reader voice-socket-event-reader:0x1f634741760 is waiting to be set as running
2026-04-20 14:34:55,225 discord.voice.state INFO Connecting to voice 1495601021165244507
2026-04-20 14:34:55,225 discord.voice.state INFO Connecting to voice 1495601021165244507
2026-04-20 14:34:55,225 discord.voice.state WARNING Socket reader voice-socket-event-reader:0x1f634741760 is waiting to be set as running
2026-04-20 14:34:55,225 discord.voice.state WARNING Socket reader voice-socket-event-reader:0x1f634741760 is waiting to be set as running
2026-04-20 14:34:55,225 discord.voice.state INFO Connecting to voice 1495601021165244507
2026-04-20 14:34:55,225 discord.voice.state INFO Connecting to voice 1495601021165244507
2026-04-20 14:34:55,226 discord.voice.state INFO Starting voice handshake (connection attempt 1)
2026-04-20 14:34:55,226 discord.voice.state INFO Starting voice handshake (connection attempt 1)
2026-04-20 14:34:55,226 discord.voice.state INFO Starting voice handshake (connection attempt 1)
2026-04-20 14:34:55,226 discord.voice.state INFO Starting voice handshake (connection attempt 1)
2026-04-20 14:34:55,226 discord.voice.state DEBUG State changed from disconnected to set_guild_voice_state
2026-04-20 14:34:55,226 discord.voice.state DEBUG State changed from disconnected to set_guild_voice_state
2026-04-20 14:34:55,226 discord.voice.state DEBUG State changed from disconnected to set_guild_voice_state
2026-04-20 14:34:55,226 discord.voice.state DEBUG State changed from disconnected to set_guild_voice_state
2026-04-20 14:34:55,349 discord.voice.state DEBUG State changed from set_guild_voice_state to got_voice_state_update
2026-04-20 14:34:55,349 discord.voice.state DEBUG State changed from set_guild_voice_state to got_voice_state_update
2026-04-20 14:34:55,349 discord.voice.state DEBUG State changed from set_guild_voice_state to got_voice_state_update
2026-04-20 14:34:55,349 discord.voice.state DEBUG State changed from set_guild_voice_state to got_voice_state_update
2026-04-20 14:34:55,524 discord.voice.state DEBUG State changed from got_voice_state_update to got_both_voice_updates
2026-04-20 14:34:55,524 discord.voice.state DEBUG State changed from got_voice_state_update to got_both_voice_updates
2026-04-20 14:34:55,524 discord.voice.state DEBUG State changed from got_voice_state_update to got_both_voice_updates
2026-04-20 14:34:55,524 discord.voice.state DEBUG State changed from got_voice_state_update to got_both_voice_updates
2026-04-20 14:34:55,524 discord.voice.state INFO Voice handshake complete. Endpoint found: c-lhr20-1c0120f2.discord.media:443
2026-04-20 14:34:55,524 discord.voice.state INFO Voice handshake complete. Endpoint found: c-lhr20-1c0120f2.discord.media:443
2026-04-20 14:34:55,524 discord.voice.state INFO Voice handshake complete. Endpoint found: c-lhr20-1c0120f2.discord.media:443
2026-04-20 14:34:55,524 discord.voice.state INFO Voice handshake complete. Endpoint found: c-lhr20-1c0120f2.discord.media:443
2026-04-20 14:34:55,593 discord.voice.gateway DEBUG Sending voice websocket frame: {'op': 0, 'd': {'server_id': '1495601020003156031', 'user_id': '1495577327826895069', 'session_id': 'fcf140310be20c7b4b579c58aab1c1e3', 'token': '1b80bd2940d5d3ca', 'max_dave_protocol_version': 1}}.
2026-04-20 14:34:55,593 discord.voice.gateway DEBUG Sending voice websocket frame: {'op': 0, 'd': {'server_id': '1495601020003156031', 'user_id': '1495577327826895069', 'session_id': 'fcf140310be20c7b4b579c58aab1c1e3', 'token': '1b80bd2940d5d3ca', 'max_dave_protocol_version': 1}}.
2026-04-20 14:34:55,593 discord.voice.gateway DEBUG Sending voice websocket frame: {'op': 0, 'd': {'server_id': '1495601020003156031', 'user_id': '1495577327826895069', 'session_id': 'fcf140310be20c7b4b579c58aab1c1e3', 'token': '1b80bd2940d5d3ca', 'max_dave_protocol_version': 1}}.
2026-04-20 14:34:55,593 discord.voice.gateway DEBUG Sending voice websocket frame: {'op': 0, 'd': {'server_id': '1495601020003156031', 'user_id': '1495577327826895069', 'session_id': 'fcf140310be20c7b4b579c58aab1c1e3', 'token': '1b80bd2940d5d3ca', 'max_dave_protocol_version': 1}}.
2026-04-20 14:34:55,594 discord.voice.gateway INFO Identifying ourselves: {'op': 0, 'd': {'server_id': '1495601020003156031', 'user_id': '1495577327826895069', 'session_id': 'fcf140310be20c7b4b579c58aab1c1e3', 'token': '1b80bd2940d5d3ca', 'max_dave_protocol_version': 1}}
2026-04-20 14:34:55,594 discord.voice.gateway INFO Identifying ourselves: {'op': 0, 'd': {'server_id': '1495601020003156031', 'user_id': '1495577327826895069', 'session_id': 'fcf140310be20c7b4b579c58aab1c1e3', 'token': '1b80bd2940d5d3ca', 'max_dave_protocol_version': 1}}
2026-04-20 14:34:55,594 discord.voice.gateway INFO Identifying ourselves: {'op': 0, 'd': {'server_id': '1495601020003156031', 'user_id': '1495577327826895069', 'session_id': 'fcf140310be20c7b4b579c58aab1c1e3', 'token': '1b80bd2940d5d3ca', 'max_dave_protocol_version': 1}}
2026-04-20 14:34:55,594 discord.voice.gateway INFO Identifying ourselves: {'op': 0, 'd': {'server_id': '1495601020003156031', 'user_id': '1495577327826895069', 'session_id': 'fcf140310be20c7b4b579c58aab1c1e3', 'token': '1b80bd2940d5d3ca', 'max_dave_protocol_version': 1}}
2026-04-20 14:34:55,594 discord.voice.state DEBUG State changed from got_both_voice_updates to websocket_connected
2026-04-20 14:34:55,594 discord.voice.state DEBUG State changed from got_both_voice_updates to websocket_connected
2026-04-20 14:34:55,594 discord.voice.state DEBUG State changed from got_both_voice_updates to websocket_connected
2026-04-20 14:34:55,594 discord.voice.state DEBUG State changed from got_both_voice_updates to websocket_connected
2026-04-20 14:34:55,594 discord.voice.gateway DEBUG Received text payload: {"op":8,"d":{"v":8,"heartbeat_interval":13750}}
2026-04-20 14:34:55,594 discord.voice.gateway DEBUG Received text payload: {"op":8,"d":{"v":8,"heartbeat_interval":13750}}
2026-04-20 14:34:55,594 discord.voice.gateway DEBUG Received text payload: {"op":8,"d":{"v":8,"heartbeat_interval":13750}}
2026-04-20 14:34:55,594 discord.voice.gateway DEBUG Received text payload: {"op":8,"d":{"v":8,"heartbeat_interval":13750}}
2026-04-20 14:34:55,594 discord.voice.gateway DEBUG Voice websocket frame received: {'op': 8, 'd': {'v': 8, 'heartbeat_interval': 13750}}
2026-04-20 14:34:55,594 discord.voice.gateway DEBUG Voice websocket frame received: {'op': 8, 'd': {'v': 8, 'heartbeat_interval': 13750}}
2026-04-20 14:34:55,594 discord.voice.gateway DEBUG Voice websocket frame received: {'op': 8, 'd': {'v': 8, 'heartbeat_interval': 13750}}
2026-04-20 14:34:55,594 discord.voice.gateway DEBUG Voice websocket frame received: {'op': 8, 'd': {'v': 8, 'heartbeat_interval': 13750}}
2026-04-20 14:34:55,608 discord.voice.gateway DEBUG Received text payload: {"op":2,"d":{"streams":[{"type":"video","ssrc":8764,"rtx_ssrc":8765,"rid":"","quality":0,"active":false}],"ssrc":8763,"port":19296,"modes":["aead_aes256_gcm_rtpsize","aead_xchacha20_poly1305_rtpsize"],"ip":"104.29.151.175","experiments":["fixed_keyframe_interval"]}}
2026-04-20 14:34:55,608 discord.voice.gateway DEBUG Received text payload: {"op":2,"d":{"streams":[{"type":"video","ssrc":8764,"rtx_ssrc":8765,"rid":"","quality":0,"active":false}],"ssrc":8763,"port":19296,"modes":["aead_aes256_gcm_rtpsize","aead_xchacha20_poly1305_rtpsize"],"ip":"104.29.151.175","experiments":["fixed_keyframe_interval"]}}
2026-04-20 14:34:55,608 discord.voice.gateway DEBUG Received text payload: {"op":2,"d":{"streams":[{"type":"video","ssrc":8764,"rtx_ssrc":8765,"rid":"","quality":0,"active":false}],"ssrc":8763,"port":19296,"modes":["aead_aes256_gcm_rtpsize","aead_xchacha20_poly1305_rtpsize"],"ip":"104.29.151.175","experiments":["fixed_keyframe_interval"]}}
2026-04-20 14:34:55,608 discord.voice.gateway DEBUG Received text payload: {"op":2,"d":{"streams":[{"type":"video","ssrc":8764,"rtx_ssrc":8765,"rid":"","quality":0,"active":false}],"ssrc":8763,"port":19296,"modes":["aead_aes256_gcm_rtpsize","aead_xchacha20_poly1305_rtpsize"],"ip":"104.29.151.175","experiments":["fixed_keyframe_interval"]}}
2026-04-20 14:34:55,608 discord.voice.gateway DEBUG Voice websocket frame received: {'op': 2, 'd': {'streams': [{'type': 'video', 'ssrc': 8764, 'rtx_ssrc': 8765, 'rid': '', 'quality': 0, 'active': False}], 'ssrc': 8763, 'port': 19296, 'modes': ['aead_aes256_gcm_rtpsize', 'aead_xchacha20_poly1305_rtpsize'], 'ip': '104.29.151.175', 'experiments': ['fixed_keyframe_interval']}}
2026-04-20 14:34:55,608 discord.voice.gateway DEBUG Voice websocket frame received: {'op': 2, 'd': {'streams': [{'type': 'video', 'ssrc': 8764, 'rtx_ssrc': 8765, 'rid': '', 'quality': 0, 'active': False}], 'ssrc': 8763, 'port': 19296, 'modes': ['aead_aes256_gcm_rtpsize', 'aead_xchacha20_poly1305_rtpsize'], 'ip': '104.29.151.175', 'experiments': ['fixed_keyframe_interval']}}
2026-04-20 14:34:55,608 discord.voice.gateway DEBUG Voice websocket frame received: {'op': 2, 'd': {'streams': [{'type': 'video', 'ssrc': 8764, 'rtx_ssrc': 8765, 'rid': '', 'quality': 0, 'active': False}], 'ssrc': 8763, 'port': 19296, 'modes': ['aead_aes256_gcm_rtpsize', 'aead_xchacha20_poly1305_rtpsize'], 'ip': '104.29.151.175', 'experiments': ['fixed_keyframe_interval']}}
2026-04-20 14:34:55,608 discord.voice.gateway DEBUG Voice websocket frame received: {'op': 2, 'd': {'streams': [{'type': 'video', 'ssrc': 8764, 'rtx_ssrc': 8765, 'rid': '', 'quality': 0, 'active': False}], 'ssrc': 8763, 'port': 19296, 'modes': ['aead_aes256_gcm_rtpsize', 'aead_xchacha20_poly1305_rtpsize'], 'ip': '104.29.151.175', 'experiments': ['fixed_keyframe_interval']}}
2026-04-20 14:34:55,608 discord.voice.gateway DEBUG Connecting to 104.29.151.175 (port 19296).
2026-04-20 14:34:55,608 discord.voice.gateway DEBUG Connecting to 104.29.151.175 (port 19296).
2026-04-20 14:34:55,608 discord.voice.gateway DEBUG Connecting to 104.29.151.175 (port 19296).
2026-04-20 14:34:55,608 discord.voice.gateway DEBUG Connecting to 104.29.151.175 (port 19296).
2026-04-20 14:34:55,610 discord.voice.gateway DEBUG Connected socket to 104.29.151.175 (port 19296)
2026-04-20 14:34:55,610 discord.voice.gateway DEBUG Connected socket to 104.29.151.175 (port 19296)
2026-04-20 14:34:55,610 discord.voice.gateway DEBUG Connected socket to 104.29.151.175 (port 19296)
2026-04-20 14:34:55,610 discord.voice.gateway DEBUG Connected socket to 104.29.151.175 (port 19296)
2026-04-20 14:34:55,610 discord.voice.gateway DEBUG Sending IP discovery packet for voice in channel 1495601021165244507 (guild 1495601020003156031)
2026-04-20 14:34:55,610 discord.voice.gateway DEBUG Sending IP discovery packet for voice in channel 1495601021165244507 (guild 1495601020003156031)
2026-04-20 14:34:55,610 discord.voice.gateway DEBUG Sending IP discovery packet for voice in channel 1495601021165244507 (guild 1495601020003156031)
2026-04-20 14:34:55,610 discord.voice.gateway DEBUG Sending IP discovery packet for voice in channel 1495601021165244507 (guild 1495601020003156031)
2026-04-20 14:34:55,610 discord.voice.state DEBUG Registering a socket listener callback <function VoiceWebSocket.get_ip.<locals>.get_ip_packet at 0x000001F634CB2980>
2026-04-20 14:34:55,610 discord.voice.state DEBUG Registering a socket listener callback <function VoiceWebSocket.get_ip.<locals>.get_ip_packet at 0x000001F634CB2980>
2026-04-20 14:34:55,610 discord.voice.state DEBUG Registering a socket listener callback <function VoiceWebSocket.get_ip.<locals>.get_ip_packet at 0x000001F634CB2980>
2026-04-20 14:34:55,610 discord.voice.state DEBUG Registering a socket listener callback <function VoiceWebSocket.get_ip.<locals>.get_ip_packet at 0x000001F634CB2980>
2026-04-20 14:34:55,610 discord.voice.state INFO Socket reader voice-socket-event-reader:0x1f634741760 was set as running
2026-04-20 14:34:55,610 discord.voice.state INFO Socket reader voice-socket-event-reader:0x1f634741760 was set as running
2026-04-20 14:34:55,610 discord.voice.state INFO Socket reader voice-socket-event-reader:0x1f634741760 was set as running
2026-04-20 14:34:55,610 discord.voice.state INFO Socket reader voice-socket-event-reader:0x1f634741760 was set as running
2026-04-20 14:34:55,640 discord.voice.state DEBUG Unregistering a socket listener callback <function VoiceWebSocket.get_ip.<locals>.get_ip_packet at 0x000001F634CB2980>
2026-04-20 14:34:55,640 discord.voice.state DEBUG Unregistering a socket listener callback <function VoiceWebSocket.get_ip.<locals>.get_ip_packet at 0x000001F634CB2980>
2026-04-20 14:34:55,640 discord.voice.state DEBUG Unregistering a socket listener callback <function VoiceWebSocket.get_ip.<locals>.get_ip_packet at 0x000001F634CB2980>
2026-04-20 14:34:55,640 discord.voice.state DEBUG Unregistering a socket listener callback <function VoiceWebSocket.get_ip.<locals>.get_ip_packet at 0x000001F634CB2980>
2026-04-20 14:34:55,640 discord.voice.gateway DEBUG Received IP discovery packet with data b'\x00\x02\x00F\x00\x00";193.61.208.9\x00\x00\x00\x00\x00\x00\x00\x00\x00\x00\x00\x00\x00\x00\x00\x00\x00\x00\x00\x00\x00\x00\x00\x00\x00\x00\x00\x00\x00\x00\x00\x00\x00\x00\x00\x00\x00\x00\x00\x00\x00\x00\x00\x00\x00\x00\x00\x00\x00\x00\x00\x00\xb6\xa7'
2026-04-20 14:34:55,640 discord.voice.gateway DEBUG Received IP discovery packet with data b'\x00\x02\x00F\x00\x00";193.61.208.9\x00\x00\x00\x00\x00\x00\x00\x00\x00\x00\x00\x00\x00\x00\x00\x00\x00\x00\x00\x00\x00\x00\x00\x00\x00\x00\x00\x00\x00\x00\x00\x00\x00\x00\x00\x00\x00\x00\x00\x00\x00\x00\x00\x00\x00\x00\x00\x00\x00\x00\x00\x00\xb6\xa7'
2026-04-20 14:34:55,640 discord.voice.gateway DEBUG Received IP discovery packet with data b'\x00\x02\x00F\x00\x00";193.61.208.9\x00\x00\x00\x00\x00\x00\x00\x00\x00\x00\x00\x00\x00\x00\x00\x00\x00\x00\x00\x00\x00\x00\x00\x00\x00\x00\x00\x00\x00\x00\x00\x00\x00\x00\x00\x00\x00\x00\x00\x00\x00\x00\x00\x00\x00\x00\x00\x00\x00\x00\x00\x00\xb6\xa7'
2026-04-20 14:34:55,640 discord.voice.gateway DEBUG Received IP discovery packet with data b'\x00\x02\x00F\x00\x00";193.61.208.9\x00\x00\x00\x00\x00\x00\x00\x00\x00\x00\x00\x00\x00\x00\x00\x00\x00\x00\x00\x00\x00\x00\x00\x00\x00\x00\x00\x00\x00\x00\x00\x00\x00\x00\x00\x00\x00\x00\x00\x00\x00\x00\x00\x00\x00\x00\x00\x00\x00\x00\x00\x00\xb6\xa7'
2026-04-20 14:34:55,640 discord.voice.gateway DEBUG Detected IP 193.61.208.9 with port 46759
2026-04-20 14:34:55,640 discord.voice.gateway DEBUG Detected IP 193.61.208.9 with port 46759
2026-04-20 14:34:55,640 discord.voice.gateway DEBUG Detected IP 193.61.208.9 with port 46759
2026-04-20 14:34:55,640 discord.voice.gateway DEBUG Detected IP 193.61.208.9 with port 46759
2026-04-20 14:34:55,640 discord.voice.gateway DEBUG Received available voice connection modes: ['aead_xchacha20_poly1305_rtpsize']
2026-04-20 14:34:55,640 discord.voice.gateway DEBUG Received available voice connection modes: ['aead_xchacha20_poly1305_rtpsize']
2026-04-20 14:34:55,640 discord.voice.gateway DEBUG Received available voice connection modes: ['aead_xchacha20_poly1305_rtpsize']
2026-04-20 14:34:55,640 discord.voice.gateway DEBUG Received available voice connection modes: ['aead_xchacha20_poly1305_rtpsize']
2026-04-20 14:34:55,640 discord.voice.gateway DEBUG Sending voice websocket frame: {'op': 1, 'd': {'protocol': 'udp', 'data': {'address': '193.61.208.9', 'port': 46759, 'mode': 'aead_xchacha20_poly1305_rtpsize'}}}.
2026-04-20 14:34:55,640 discord.voice.gateway DEBUG Sending voice websocket frame: {'op': 1, 'd': {'protocol': 'udp', 'data': {'address': '193.61.208.9', 'port': 46759, 'mode': 'aead_xchacha20_poly1305_rtpsize'}}}.
2026-04-20 14:34:55,640 discord.voice.gateway DEBUG Sending voice websocket frame: {'op': 1, 'd': {'protocol': 'udp', 'data': {'address': '193.61.208.9', 'port': 46759, 'mode': 'aead_xchacha20_poly1305_rtpsize'}}}.
2026-04-20 14:34:55,640 discord.voice.gateway DEBUG Sending voice websocket frame: {'op': 1, 'd': {'protocol': 'udp', 'data': {'address': '193.61.208.9', 'port': 46759, 'mode': 'aead_xchacha20_poly1305_rtpsize'}}}.
2026-04-20 14:34:55,641 discord.voice.gateway DEBUG Selected voice protocol aead_xchacha20_poly1305_rtpsize for this connection
2026-04-20 14:34:55,641 discord.voice.gateway DEBUG Selected voice protocol aead_xchacha20_poly1305_rtpsize for this connection
2026-04-20 14:34:55,641 discord.voice.gateway DEBUG Selected voice protocol aead_xchacha20_poly1305_rtpsize for this connection
2026-04-20 14:34:55,641 discord.voice.gateway DEBUG Selected voice protocol aead_xchacha20_poly1305_rtpsize for this connection
2026-04-20 14:34:55,641 discord.voice.state DEBUG State changed from websocket_connected to got_ip_discovery
2026-04-20 14:34:55,641 discord.voice.state DEBUG State changed from websocket_connected to got_ip_discovery
2026-04-20 14:34:55,641 discord.voice.state DEBUG State changed from websocket_connected to got_ip_discovery
2026-04-20 14:34:55,641 discord.voice.state DEBUG State changed from websocket_connected to got_ip_discovery
2026-04-20 14:34:55,641 discord.voice.gateway DEBUG Received text payload: {"seq":0,"op":11,"d":{"user_ids":["1280802651029901354"]}}
2026-04-20 14:34:55,641 discord.voice.gateway DEBUG Received text payload: {"seq":0,"op":11,"d":{"user_ids":["1280802651029901354"]}}
2026-04-20 14:34:55,641 discord.voice.gateway DEBUG Received text payload: {"seq":0,"op":11,"d":{"user_ids":["1280802651029901354"]}}
2026-04-20 14:34:55,641 discord.voice.gateway DEBUG Received text payload: {"seq":0,"op":11,"d":{"user_ids":["1280802651029901354"]}}
2026-04-20 14:34:55,641 discord.voice.gateway DEBUG Voice websocket frame received: {'seq': 0, 'op': 11, 'd': {'user_ids': ['1280802651029901354']}}
2026-04-20 14:34:55,641 discord.voice.gateway DEBUG Voice websocket frame received: {'seq': 0, 'op': 11, 'd': {'user_ids': ['1280802651029901354']}}
2026-04-20 14:34:55,641 discord.voice.gateway DEBUG Voice websocket frame received: {'seq': 0, 'op': 11, 'd': {'user_ids': ['1280802651029901354']}}
2026-04-20 14:34:55,641 discord.voice.gateway DEBUG Voice websocket frame received: {'seq': 0, 'op': 11, 'd': {'user_ids': ['1280802651029901354']}}
2026-04-20 14:34:55,641 discord.voice.gateway DEBUG Unhandled op code: 11 with data {'user_ids': ['1280802651029901354']}
2026-04-20 14:34:55,641 discord.voice.gateway DEBUG Unhandled op code: 11 with data {'user_ids': ['1280802651029901354']}
2026-04-20 14:34:55,641 discord.voice.gateway DEBUG Unhandled op code: 11 with data {'user_ids': ['1280802651029901354']}
2026-04-20 14:34:55,641 discord.voice.gateway DEBUG Unhandled op code: 11 with data {'user_ids': ['1280802651029901354']}
2026-04-20 14:34:55,641 discord.voice.client WARNING Skipping member referencing ID 1280802651029901354 on member_connect
2026-04-20 14:34:55,641 discord.voice.client WARNING Skipping member referencing ID 1280802651029901354 on member_connect
2026-04-20 14:34:55,641 discord.voice.client WARNING Skipping member referencing ID 1280802651029901354 on member_connect
2026-04-20 14:34:55,641 discord.voice.client WARNING Skipping member referencing ID 1280802651029901354 on member_connect
2026-04-20 14:34:55,641 discord.voice.gateway DEBUG Received text payload: {"seq":1,"op":5,"d":{"user_id":"1280802651029901354","ssrc":8758,"speaking":1}}
2026-04-20 14:34:55,641 discord.voice.gateway DEBUG Received text payload: {"seq":1,"op":5,"d":{"user_id":"1280802651029901354","ssrc":8758,"speaking":1}}
2026-04-20 14:34:55,641 discord.voice.gateway DEBUG Received text payload: {"seq":1,"op":5,"d":{"user_id":"1280802651029901354","ssrc":8758,"speaking":1}}
2026-04-20 14:34:55,641 discord.voice.gateway DEBUG Received text payload: {"seq":1,"op":5,"d":{"user_id":"1280802651029901354","ssrc":8758,"speaking":1}}
2026-04-20 14:34:55,641 discord.voice.gateway DEBUG Voice websocket frame received: {'seq': 1, 'op': 5, 'd': {'user_id': '1280802651029901354', 'ssrc': 8758, 'speaking': 1}}
2026-04-20 14:34:55,641 discord.voice.gateway DEBUG Voice websocket frame received: {'seq': 1, 'op': 5, 'd': {'user_id': '1280802651029901354', 'ssrc': 8758, 'speaking': 1}}
2026-04-20 14:34:55,641 discord.voice.gateway DEBUG Voice websocket frame received: {'seq': 1, 'op': 5, 'd': {'user_id': '1280802651029901354', 'ssrc': 8758, 'speaking': 1}}
2026-04-20 14:34:55,641 discord.voice.gateway DEBUG Voice websocket frame received: {'seq': 1, 'op': 5, 'd': {'user_id': '1280802651029901354', 'ssrc': 8758, 'speaking': 1}}
2026-04-20 14:34:55,641 discord.voice.gateway DEBUG Unhandled op code: 5 with data {'user_id': '1280802651029901354', 'ssrc': 8758, 'speaking': 1}
2026-04-20 14:34:55,641 discord.voice.gateway DEBUG Unhandled op code: 5 with data {'user_id': '1280802651029901354', 'ssrc': 8758, 'speaking': 1}
2026-04-20 14:34:55,641 discord.voice.gateway DEBUG Unhandled op code: 5 with data {'user_id': '1280802651029901354', 'ssrc': 8758, 'speaking': 1}
2026-04-20 14:34:55,641 discord.voice.gateway DEBUG Unhandled op code: 5 with data {'user_id': '1280802651029901354', 'ssrc': 8758, 'speaking': 1}
2026-04-20 14:34:55,641 discord.voice.client DEBUG Dispatching voice_client event member_speaking_state_update
2026-04-20 14:34:55,641 discord.voice.client DEBUG Dispatching voice_client event member_speaking_state_update
2026-04-20 14:34:55,641 discord.voice.client DEBUG Dispatching voice_client event member_speaking_state_update
2026-04-20 14:34:55,641 discord.voice.client DEBUG Dispatching voice_client event member_speaking_state_update
2026-04-20 14:34:55,641 discord.voice.gateway DEBUG Received text payload: {"seq":2,"op":18,"d":{"user_id":"1280802651029901354","flags":2}}
2026-04-20 14:34:55,641 discord.voice.gateway DEBUG Received text payload: {"seq":2,"op":18,"d":{"user_id":"1280802651029901354","flags":2}}
2026-04-20 14:34:55,641 discord.voice.gateway DEBUG Received text payload: {"seq":2,"op":18,"d":{"user_id":"1280802651029901354","flags":2}}
2026-04-20 14:34:55,641 discord.voice.gateway DEBUG Received text payload: {"seq":2,"op":18,"d":{"user_id":"1280802651029901354","flags":2}}
2026-04-20 14:34:55,642 discord.voice.gateway DEBUG Voice websocket frame received: {'seq': 2, 'op': 18, 'd': {'user_id': '1280802651029901354', 'flags': 2}}
2026-04-20 14:34:55,642 discord.voice.gateway DEBUG Voice websocket frame received: {'seq': 2, 'op': 18, 'd': {'user_id': '1280802651029901354', 'flags': 2}}
2026-04-20 14:34:55,642 discord.voice.gateway DEBUG Voice websocket frame received: {'seq': 2, 'op': 18, 'd': {'user_id': '1280802651029901354', 'flags': 2}}
2026-04-20 14:34:55,642 discord.voice.gateway DEBUG Voice websocket frame received: {'seq': 2, 'op': 18, 'd': {'user_id': '1280802651029901354', 'flags': 2}}
2026-04-20 14:34:55,642 discord.voice.gateway DEBUG Unhandled op code: 18 with data {'user_id': '1280802651029901354', 'flags': 2}
2026-04-20 14:34:55,642 discord.voice.gateway DEBUG Unhandled op code: 18 with data {'user_id': '1280802651029901354', 'flags': 2}
2026-04-20 14:34:55,642 discord.voice.gateway DEBUG Unhandled op code: 18 with data {'user_id': '1280802651029901354', 'flags': 2}
2026-04-20 14:34:55,642 discord.voice.gateway DEBUG Unhandled op code: 18 with data {'user_id': '1280802651029901354', 'flags': 2}
2026-04-20 14:34:55,642 discord.voice.gateway DEBUG Received text payload: {"seq":3,"op":20,"d":{"user_id":"1280802651029901354","platform":0}}
2026-04-20 14:34:55,642 discord.voice.gateway DEBUG Received text payload: {"seq":3,"op":20,"d":{"user_id":"1280802651029901354","platform":0}}
2026-04-20 14:34:55,642 discord.voice.gateway DEBUG Received text payload: {"seq":3,"op":20,"d":{"user_id":"1280802651029901354","platform":0}}
2026-04-20 14:34:55,642 discord.voice.gateway DEBUG Received text payload: {"seq":3,"op":20,"d":{"user_id":"1280802651029901354","platform":0}}
2026-04-20 14:34:55,642 discord.voice.gateway DEBUG Voice websocket frame received: {'seq': 3, 'op': 20, 'd': {'user_id': '1280802651029901354', 'platform': 0}}
2026-04-20 14:34:55,642 discord.voice.gateway DEBUG Voice websocket frame received: {'seq': 3, 'op': 20, 'd': {'user_id': '1280802651029901354', 'platform': 0}}
2026-04-20 14:34:55,642 discord.voice.gateway DEBUG Voice websocket frame received: {'seq': 3, 'op': 20, 'd': {'user_id': '1280802651029901354', 'platform': 0}}
2026-04-20 14:34:55,642 discord.voice.gateway DEBUG Voice websocket frame received: {'seq': 3, 'op': 20, 'd': {'user_id': '1280802651029901354', 'platform': 0}}
2026-04-20 14:34:55,642 discord.voice.gateway DEBUG Unhandled op code: 20 with data {'user_id': '1280802651029901354', 'platform': 0}
2026-04-20 14:34:55,642 discord.voice.gateway DEBUG Unhandled op code: 20 with data {'user_id': '1280802651029901354', 'platform': 0}
2026-04-20 14:34:55,642 discord.voice.gateway DEBUG Unhandled op code: 20 with data {'user_id': '1280802651029901354', 'platform': 0}
2026-04-20 14:34:55,642 discord.voice.gateway DEBUG Unhandled op code: 20 with data {'user_id': '1280802651029901354', 'platform': 0}
2026-04-20 14:34:55,660 discord.voice.gateway DEBUG Received text payload: {"op":4,"d":{"video_codec":"H264","secure_frames_version":1,"secret_key":[205,198,160,116,104,8,39,29,191,90,175,249,99,210,140,142,191,186,190,24,130,17,136,119,20,194,216,208,30,111,150,164],"mode":"aead_xchacha20_poly1305_rtpsize","media_session_id":"cce186be0d1e917db05a3b68e921cdd9","dave_protocol_version":1,"audio_codec":"opus"}}
2026-04-20 14:34:55,660 discord.voice.gateway DEBUG Received text payload: {"op":4,"d":{"video_codec":"H264","secure_frames_version":1,"secret_key":[205,198,160,116,104,8,39,29,191,90,175,249,99,210,140,142,191,186,190,24,130,17,136,119,20,194,216,208,30,111,150,164],"mode":"aead_xchacha20_poly1305_rtpsize","media_session_id":"cce186be0d1e917db05a3b68e921cdd9","dave_protocol_version":1,"audio_codec":"opus"}}
2026-04-20 14:34:55,660 discord.voice.gateway DEBUG Received text payload: {"op":4,"d":{"video_codec":"H264","secure_frames_version":1,"secret_key":[205,198,160,116,104,8,39,29,191,90,175,249,99,210,140,142,191,186,190,24,130,17,136,119,20,194,216,208,30,111,150,164],"mode":"aead_xchacha20_poly1305_rtpsize","media_session_id":"cce186be0d1e917db05a3b68e921cdd9","dave_protocol_version":1,"audio_codec":"opus"}}
2026-04-20 14:34:55,660 discord.voice.gateway DEBUG Received text payload: {"op":4,"d":{"video_codec":"H264","secure_frames_version":1,"secret_key":[205,198,160,116,104,8,39,29,191,90,175,249,99,210,140,142,191,186,190,24,130,17,136,119,20,194,216,208,30,111,150,164],"mode":"aead_xchacha20_poly1305_rtpsize","media_session_id":"cce186be0d1e917db05a3b68e921cdd9","dave_protocol_version":1,"audio_codec":"opus"}}
2026-04-20 14:34:55,661 discord.voice.gateway DEBUG Voice websocket frame received: {'op': 4, 'd': {'video_codec': 'H264', 'secure_frames_version': 1, 'secret_key': [205, 198, 160, 116, 104, 8, 39, 29, 191, 90, 175, 249, 99, 210, 140, 142, 191, 186, 190, 24, 130, 17, 136, 119, 20, 194, 216, 208, 30, 111, 150, 164], 'mode': 'aead_xchacha20_poly1305_rtpsize', 'media_session_id': 'cce186be0d1e917db05a3b68e921cdd9', 'dave_protocol_version': 1, 'audio_codec': 'opus'}}
2026-04-20 14:34:55,661 discord.voice.gateway DEBUG Voice websocket frame received: {'op': 4, 'd': {'video_codec': 'H264', 'secure_frames_version': 1, 'secret_key': [205, 198, 160, 116, 104, 8, 39, 29, 191, 90, 175, 249, 99, 210, 140, 142, 191, 186, 190, 24, 130, 17, 136, 119, 20, 194, 216, 208, 30, 111, 150, 164], 'mode': 'aead_xchacha20_poly1305_rtpsize', 'media_session_id': 'cce186be0d1e917db05a3b68e921cdd9', 'dave_protocol_version': 1, 'audio_codec': 'opus'}}
2026-04-20 14:34:55,661 discord.voice.gateway DEBUG Voice websocket frame received: {'op': 4, 'd': {'video_codec': 'H264', 'secure_frames_version': 1, 'secret_key': [205, 198, 160, 116, 104, 8, 39, 29, 191, 90, 175, 249, 99, 210, 140, 142, 191, 186, 190, 24, 130, 17, 136, 119, 20, 194, 216, 208, 30, 111, 150, 164], 'mode': 'aead_xchacha20_poly1305_rtpsize', 'media_session_id': 'cce186be0d1e917db05a3b68e921cdd9', 'dave_protocol_version': 1, 'audio_codec': 'opus'}}
2026-04-20 14:34:55,661 discord.voice.gateway DEBUG Voice websocket frame received: {'op': 4, 'd': {'video_codec': 'H264', 'secure_frames_version': 1, 'secret_key': [205, 198, 160, 116, 104, 8, 39, 29, 191, 90, 175, 249, 99, 210, 140, 142, 191, 186, 190, 24, 130, 17, 136, 119, 20, 194, 216, 208, 30, 111, 150, 164], 'mode': 'aead_xchacha20_poly1305_rtpsize', 'media_session_id': 'cce186be0d1e917db05a3b68e921cdd9', 'dave_protocol_version': 1, 'audio_codec': 'opus'}}
2026-04-20 14:34:55,661 discord.voice.gateway DEBUG Received secret key for voice connection in channel 1495601021165244507 (guild 1495601020003156031)
2026-04-20 14:34:55,661 discord.voice.gateway DEBUG Received secret key for voice connection in channel 1495601021165244507 (guild 1495601020003156031)
2026-04-20 14:34:55,661 discord.voice.gateway DEBUG Received secret key for voice connection in channel 1495601021165244507 (guild 1495601020003156031)
2026-04-20 14:34:55,661 discord.voice.gateway DEBUG Received secret key for voice connection in channel 1495601021165244507 (guild 1495601020003156031)
2026-04-20 14:34:55,661 discord.voice.gateway DEBUG Sending voice websocket frame: {'op': 5, 'd': {'speaking': 0, 'delay': 0}}.
2026-04-20 14:34:55,661 discord.voice.gateway DEBUG Sending voice websocket frame: {'op': 5, 'd': {'speaking': 0, 'delay': 0}}.
2026-04-20 14:34:55,661 discord.voice.gateway DEBUG Sending voice websocket frame: {'op': 5, 'd': {'speaking': 0, 'delay': 0}}.
2026-04-20 14:34:55,661 discord.voice.gateway DEBUG Sending voice websocket frame: {'op': 5, 'd': {'speaking': 0, 'delay': 0}}.
2026-04-20 14:34:55,663 discord.voice.gateway DEBUG Sending voice websocket binary frame: op: OpCodes.mls_key_package size: 393
2026-04-20 14:34:55,663 discord.voice.gateway DEBUG Sending voice websocket binary frame: op: OpCodes.mls_key_package size: 393
2026-04-20 14:34:55,663 discord.voice.gateway DEBUG Sending voice websocket binary frame: op: OpCodes.mls_key_package size: 393
2026-04-20 14:34:55,663 discord.voice.gateway DEBUG Sending voice websocket binary frame: op: OpCodes.mls_key_package size: 393
2026-04-20 14:34:55,664 discord.voice.state DEBUG State changed from got_ip_discovery to connected
2026-04-20 14:34:55,664 discord.voice.state DEBUG State changed from got_ip_discovery to connected
2026-04-20 14:34:55,664 discord.voice.state DEBUG State changed from got_ip_discovery to connected
2026-04-20 14:34:55,664 discord.voice.state DEBUG State changed from got_ip_discovery to connected
2026-04-20 14:34:55,664 discord.voice.state INFO Voice connection completed
2026-04-20 14:34:55,664 discord.voice.state INFO Voice connection completed
2026-04-20 14:34:55,664 discord.voice.state INFO Voice connection completed
2026-04-20 14:34:55,664 discord.voice.state INFO Voice connection completed
2026-04-20 14:34:55,664 discord.voice.gateway DEBUG Received text payload: {"seq":4,"op":15,"d":{"any":100}}
2026-04-20 14:34:55,664 discord.voice.gateway DEBUG Received text payload: {"seq":4,"op":15,"d":{"any":100}}
2026-04-20 14:34:55,664 discord.voice.gateway DEBUG Received text payload: {"seq":4,"op":15,"d":{"any":100}}
2026-04-20 14:34:55,664 discord.voice.gateway DEBUG Received text payload: {"seq":4,"op":15,"d":{"any":100}}
2026-04-20 14:34:55,664 discord.voice.gateway DEBUG Voice websocket frame received: {'seq': 4, 'op': 15, 'd': {'any': 100}}
2026-04-20 14:34:55,664 discord.voice.gateway DEBUG Voice websocket frame received: {'seq': 4, 'op': 15, 'd': {'any': 100}}
2026-04-20 14:34:55,664 discord.voice.gateway DEBUG Voice websocket frame received: {'seq': 4, 'op': 15, 'd': {'any': 100}}
2026-04-20 14:34:55,664 discord.voice.gateway DEBUG Voice websocket frame received: {'seq': 4, 'op': 15, 'd': {'any': 100}}
2026-04-20 14:34:55,664 discord.voice.gateway DEBUG Received binary payload: size: 74
2026-04-20 14:34:55,664 discord.voice.gateway DEBUG Received binary payload: size: 74
2026-04-20 14:34:55,664 discord.voice.gateway DEBUG Received binary payload: size: 74
2026-04-20 14:34:55,664 discord.voice.gateway DEBUG Received binary payload: size: 74
2026-04-20 14:34:55,664 discord.voice.gateway DEBUG Voice websocket binary frame received: 74 bytes, seq: 5, op: 25
2026-04-20 14:34:55,664 discord.voice.gateway DEBUG Voice websocket binary frame received: 74 bytes, seq: 5, op: 25
2026-04-20 14:34:55,664 discord.voice.gateway DEBUG Voice websocket binary frame received: 74 bytes, seq: 5, op: 25
2026-04-20 14:34:55,664 discord.voice.gateway DEBUG Voice websocket binary frame received: 74 bytes, seq: 5, op: 25
2026-04-20 14:34:55,664 discord.voice.gateway DEBUG Received MLS External Sender Package, applying to DAVE session
2026-04-20 14:34:55,664 discord.voice.gateway DEBUG Received MLS External Sender Package, applying to DAVE session
2026-04-20 14:34:55,664 discord.voice.gateway DEBUG Received MLS External Sender Package, applying to DAVE session
2026-04-20 14:34:55,664 discord.voice.gateway DEBUG Received MLS External Sender Package, applying to DAVE session
2026-04-20 14:34:55,666 discord.voice.gateway DEBUG Applied MLS External Sender Package, user IDs available: ['1495577327826895069']
2026-04-20 14:34:55,666 discord.voice.gateway DEBUG Applied MLS External Sender Package, user IDs available: ['1495577327826895069']
2026-04-20 14:34:55,666 discord.voice.gateway DEBUG Applied MLS External Sender Package, user IDs available: ['1495577327826895069']
2026-04-20 14:34:55,666 discord.voice.gateway DEBUG Applied MLS External Sender Package, user IDs available: ['1495577327826895069']
2026-04-20 14:34:55,666 discord.voice.gateway DEBUG Received binary payload: size: 501
2026-04-20 14:34:55,666 discord.voice.gateway DEBUG Received binary payload: size: 501
2026-04-20 14:34:55,666 discord.voice.gateway DEBUG Received binary payload: size: 501
2026-04-20 14:34:55,666 discord.voice.gateway DEBUG Received binary payload: size: 501
2026-04-20 14:34:55,666 discord.voice.gateway DEBUG Voice websocket binary frame received: 501 bytes, seq: 6, op: 27
2026-04-20 14:34:55,666 discord.voice.gateway DEBUG Voice websocket binary frame received: 501 bytes, seq: 6, op: 27
2026-04-20 14:34:55,666 discord.voice.gateway DEBUG Voice websocket binary frame received: 501 bytes, seq: 6, op: 27
2026-04-20 14:34:55,666 discord.voice.gateway DEBUG Voice websocket binary frame received: 501 bytes, seq: 6, op: 27
2026-04-20 14:34:55,670 discord.voice.gateway DEBUG Sending MLS key package with data: b'\x00\x01\x00\x01\x08\x14\xc1q4hD\x10[\x00\x00\x00\x00\x00\x00\x00\x00\x01\x00\x00\x00\x00\x00\x03"\x02 3\xd2\x1d\xaeY$6K\xf2@\xe3?\xdd\xdaP\xda!\x1c\x07\x99\xfe\xd8\xa4\x8dA<\xb9\x80\x8a\xcd\x9c>\x00@F0D\x02 \x12\xf5\x85\xe5A/\xd1z\xdff\xc2\xd5\xb9\xce\xb48wA\x1f\xfehl\xc5\xe7\xd5\x9a\x04\xab\xfbC\xc0\xdd\x02 \x19\x0bV\x90\xa2\xc6E\xe6\x05\xe1\x81\x1d\x14\xcfd-+"\x0fe\x13\xd86\xeb\x10\xcb=V\xe2K\xebT \xc9\xd2\xff?\xd9\x12C\x0b\x92=b\x9e\xa9\xbf\x18:\xc9\x9d[\xa4dG\xa4#\xa4\x92}\xc5CI\x90\x14 \xd5*\x86\x8d@\x1e\xadf\xceI\x141Y\xe6\x9c\xb3\x8eT\x92\xd0\xc8\xcatO5J\x9cr=N\x13$\x00\x02@\x98 \xdd\xf1\xa1\x85\xe0\x88\xf7\x8fG\xdeS\xcb\xa2\x81\xd3\xfcd<\x14 \xe9\xc1\xa6u\xc5\x8cQ(\xcc43\xf4@A\x04\xa0z\xbc\xf6\xe3\xc5\x18|\x89\x8en\xf8\xd5\xb6\xa3O\x18\x0f\xa1b\x0fS\xa3\x9a\xd8\xd9R~#\x1b\xae|\xa7\xc2\xb7U\x80W=n\x01\xdae5\xf4\x15\x0b\xf6W\x98V\xf0\xa0\x97\x10.\x1c\n\x0f\x1d(2\xd3\x0b3D\xdb\xe6\xc5\x8f\x93\x0c:\x85@\xda/\xe2k\x98\xb3\xa9\xb6\xe5W\xc0`\xd0\x1e\xf2a\x94\xd7\xaf\x98B\xf8s\xa2\xa2b\xd6\xb2\x9b\x9e\xb5\x07\xfa%g\xe7$\\\xf30\x85C \xab\xa1`\x98\x13+k\xd7\xd5\xc7u\x89d\x8d\x87nT\xfc\xc6\xa1\xb0cQ\xa6o@_ZvN%\xda\xd2\xc6fu(\x99Hg\x10o\xce\xd2\xa5\xf1\x8f\xc4\xb5\xb5<\xc4l\xd3\x0b\xbf(MI\rQ\xc1\xc7\x96K\x0c\xf2\xeeH\xa5i\x92H\x88\xaa\x82\xb8\xad\xf6A\xdf\xd5\xe5\x9d\xed\xcc\x96\xf0\xad\x15~{s\xa5^o\xe9%\xd1\xc6\xf4\x89\xe1u\x90\xc7k\x86B\x9e\xe8\\G\xd9`\xb8\xcc\x8b1\x8a\x08`M#zt\xc9E\xbf=\xcc\xad;\xe1\xcf\xaaOS\xf0d\x16]\x18\xa3X\x987\x85)\xa8yD\x1f\x92\x13\xbb\xf1\xbd\xd3\x9e\x85Hz\x14\xcf\xc8\x84\xc6\x06\xb6\xff\xdb\xe76\x80\xd0\xfb\x91\x7f\x03\xe8\xbb\'\x05l\x00-\xa8\xc4\xb3>\xd7\x1a<\xb4%\xbb6\x83\xd4\xedh\x14\xeb2U\xcdkK\xa9\x11\xbd\x8e\xb3\xda\xfc\xc1\x89\xf2\xe5\x179\x99\\\x9c\x94\xa5\xdc$nX\x1f\x96(\x1f\xdb\x85F\x97r\x876\tAG\xe0\x89\x9d\xf0\x19\xf8\xe3\xa2\xd1\xe3\xc1\x1d,s\xc4\xb7.(|\x18\xa3A`\x08\xd5\xef\x9c\xeeV\xb0\xb3+\xf9\x87\x85?\x93\x17@\xbc\x16\x86N\x16\x0c!\t\x888X@l\xdd\xaf\x9acs9\x8d\x8e6\xae\xab\x83Y\xc3\xe7\xb7X\xad+*\xae$+<\x10Y\xf2o\x98\x0f\x97\x88\x8b\x8eO\xa8\xa9a\x128\xf2C\x95RD\xb847O\x94\xfc\xad\x18\r\x0b\xef6[\x9e\x95\x10)#\x0f\x1eH\x00(\xf5BX9/ \x87\xbe\xcc73\xb0\x01\x9a>\x8a\xa1\x0eT\xca\xd5\x84\xea\x961\xd4/\x81\xbe\xa1\x87\xef^<$\x80~\x17\xeb\x05\xfc\x02\x079\x9b\xb5s(\xedFvQo\xd4Z\xfb\xf5\xe6\x07\x16^\xd3\xf5\x1d2\xd0\xaa,\x1dNP(\x04\x9d\x7f\xd4\xf7\x1bLM,\xb3\xab\x1a\xa8\x86\x01\x14\x97\x977^\x86\t\x16\xac\xc9o\x1e\x87\x96g\xcf\x82p\xc4\xf9\x8c\xd2\xf1V6\x8bg\xc6Z\x04\xd9\xe6\xbbT\xc8\xa6\x8a7a?^U\xa1\x1e\x1c;\xaa\x10\xd4\xefU\xa3Bw;f\x01\xab\xd9|f\x1b 8W %\xb8i\xee\xa3\xe5\xb2k\xfc\x05k\x8f8NqJH\xe1q\xbc\xa5\xe2[\xd3\xe09IP"a,=_Q~\xbd8 \x947r\x93Am*_\\\xf7zJ,7\x08<\xa2\xc4\x1baKu\xc1\x1e\xd1I\xb9\xcf\xb9\x14\x1f\xccf\x1a\x91!.\x841\xa5\xc3U\xed\xb9\xaa\xbe\xdf\x98\xc0s\x14\xa9T{\x8d\x06~z\xfa^\xae\xed#Z\xcf\x8b\xe6\xfb\xf6:xT\xb1\'+\x19\xc6\x98\xabw\xd2\xb5UX\x0cH\xfc\xab\xe1q\xa7V\x91\t\x96\xacG\xb3\x0b\xbe~\xfb\x8b\x00n\xfd\x00%\xd9\xed\x05)\x93*\xab\xfe\x12u\xe1\xeb\x99\xa9\xffyT\xb6\xc7\xc7pF\xeb\x05\x9a4Y\x93\x1aa\x1d\xd2\x18\xda\xf6\xe2\xfeG\xed_\xad/\xec#\x0e\x80w\x87\xf8\xf8\xde\xf7Cr\xab\xcb\xdd}\x89\xc3,B~1\xe4\xcc\xe8\x8e\xda\x1dDmOx\xfb\xa3 \x12\x8e\xed\xf1\x06#\xc1\x1a/\x99<\x0b\xbe\xe6q\xe6Ao\x98\xbar\xdb#\xcd\xc0^\xc36go\xb7_?\xc8J\x17W<p\x98\x00VE\x1dj\xab\xc1W\xdf\xd5\xdf+&2H\x94\xf5\xf7\x84'
2026-04-20 14:34:55,670 discord.voice.gateway DEBUG Sending MLS key package with data: b'\x00\x01\x00\x01\x08\x14\xc1q4hD\x10[\x00\x00\x00\x00\x00\x00\x00\x00\x01\x00\x00\x00\x00\x00\x03"\x02 3\xd2\x1d\xaeY$6K\xf2@\xe3?\xdd\xdaP\xda!\x1c\x07\x99\xfe\xd8\xa4\x8dA<\xb9\x80\x8a\xcd\x9c>\x00@F0D\x02 \x12\xf5\x85\xe5A/\xd1z\xdff\xc2\xd5\xb9\xce\xb48wA\x1f\xfehl\xc5\xe7\xd5\x9a\x04\xab\xfbC\xc0\xdd\x02 \x19\x0bV\x90\xa2\xc6E\xe6\x05\xe1\x81\x1d\x14\xcfd-+"\x0fe\x13\xd86\xeb\x10\xcb=V\xe2K\xebT \xc9\xd2\xff?\xd9\x12C\x0b\x92=b\x9e\xa9\xbf\x18:\xc9\x9d[\xa4dG\xa4#\xa4\x92}\xc5CI\x90\x14 \xd5*\x86\x8d@\x1e\xadf\xceI\x141Y\xe6\x9c\xb3\x8eT\x92\xd0\xc8\xcatO5J\x9cr=N\x13$\x00\x02@\x98 \xdd\xf1\xa1\x85\xe0\x88\xf7\x8fG\xdeS\xcb\xa2\x81\xd3\xfcd<\x14 \xe9\xc1\xa6u\xc5\x8cQ(\xcc43\xf4@A\x04\xa0z\xbc\xf6\xe3\xc5\x18|\x89\x8en\xf8\xd5\xb6\xa3O\x18\x0f\xa1b\x0fS\xa3\x9a\xd8\xd9R~#\x1b\xae|\xa7\xc2\xb7U\x80W=n\x01\xdae5\xf4\x15\x0b\xf6W\x98V\xf0\xa0\x97\x10.\x1c\n\x0f\x1d(2\xd3\x0b3D\xdb\xe6\xc5\x8f\x93\x0c:\x85@\xda/\xe2k\x98\xb3\xa9\xb6\xe5W\xc0`\xd0\x1e\xf2a\x94\xd7\xaf\x98B\xf8s\xa2\xa2b\xd6\xb2\x9b\x9e\xb5\x07\xfa%g\xe7$\\\xf30\x85C \xab\xa1`\x98\x13+k\xd7\xd5\xc7u\x89d\x8d\x87nT\xfc\xc6\xa1\xb0cQ\xa6o@_ZvN%\xda\xd2\xc6fu(\x99Hg\x10o\xce\xd2\xa5\xf1\x8f\xc4\xb5\xb5<\xc4l\xd3\x0b\xbf(MI\rQ\xc1\xc7\x96K\x0c\xf2\xeeH\xa5i\x92H\x88\xaa\x82\xb8\xad\xf6A\xdf\xd5\xe5\x9d\xed\xcc\x96\xf0\xad\x15~{s\xa5^o\xe9%\xd1\xc6\xf4\x89\xe1u\x90\xc7k\x86B\x9e\xe8\\G\xd9`\xb8\xcc\x8b1\x8a\x08`M#zt\xc9E\xbf=\xcc\xad;\xe1\xcf\xaaOS\xf0d\x16]\x18\xa3X\x987\x85)\xa8yD\x1f\x92\x13\xbb\xf1\xbd\xd3\x9e\x85Hz\x14\xcf\xc8\x84\xc6\x06\xb6\xff\xdb\xe76\x80\xd0\xfb\x91\x7f\x03\xe8\xbb\'\x05l\x00-\xa8\xc4\xb3>\xd7\x1a<\xb4%\xbb6\x83\xd4\xedh\x14\xeb2U\xcdkK\xa9\x11\xbd\x8e\xb3\xda\xfc\xc1\x89\xf2\xe5\x179\x99\\\x9c\x94\xa5\xdc$nX\x1f\x96(\x1f\xdb\x85F\x97r\x876\tAG\xe0\x89\x9d\xf0\x19\xf8\xe3\xa2\xd1\xe3\xc1\x1d,s\xc4\xb7.(|\x18\xa3A`\x08\xd5\xef\x9c\xeeV\xb0\xb3+\xf9\x87\x85?\x93\x17@\xbc\x16\x86N\x16\x0c!\t\x888X@l\xdd\xaf\x9acs9\x8d\x8e6\xae\xab\x83Y\xc3\xe7\xb7X\xad+*\xae$+<\x10Y\xf2o\x98\x0f\x97\x88\x8b\x8eO\xa8\xa9a\x128\xf2C\x95RD\xb847O\x94\xfc\xad\x18\r\x0b\xef6[\x9e\x95\x10)#\x0f\x1eH\x00(\xf5BX9/ \x87\xbe\xcc73\xb0\x01\x9a>\x8a\xa1\x0eT\xca\xd5\x84\xea\x961\xd4/\x81\xbe\xa1\x87\xef^<$\x80~\x17\xeb\x05\xfc\x02\x079\x9b\xb5s(\xedFvQo\xd4Z\xfb\xf5\xe6\x07\x16^\xd3\xf5\x1d2\xd0\xaa,\x1dNP(\x04\x9d\x7f\xd4\xf7\x1bLM,\xb3\xab\x1a\xa8\x86\x01\x14\x97\x977^\x86\t\x16\xac\xc9o\x1e\x87\x96g\xcf\x82p\xc4\xf9\x8c\xd2\xf1V6\x8bg\xc6Z\x04\xd9\xe6\xbbT\xc8\xa6\x8a7a?^U\xa1\x1e\x1c;\xaa\x10\xd4\xefU\xa3Bw;f\x01\xab\xd9|f\x1b 8W %\xb8i\xee\xa3\xe5\xb2k\xfc\x05k\x8f8NqJH\xe1q\xbc\xa5\xe2[\xd3\xe09IP"a,=_Q~\xbd8 \x947r\x93Am*_\\\xf7zJ,7\x08<\xa2\xc4\x1baKu\xc1\x1e\xd1I\xb9\xcf\xb9\x14\x1f\xccf\x1a\x91!.\x841\xa5\xc3U\xed\xb9\xaa\xbe\xdf\x98\xc0s\x14\xa9T{\x8d\x06~z\xfa^\xae\xed#Z\xcf\x8b\xe6\xfb\xf6:xT\xb1\'+\x19\xc6\x98\xabw\xd2\xb5UX\x0cH\xfc\xab\xe1q\xa7V\x91\t\x96\xacG\xb3\x0b\xbe~\xfb\x8b\x00n\xfd\x00%\xd9\xed\x05)\x93*\xab\xfe\x12u\xe1\xeb\x99\xa9\xffyT\xb6\xc7\xc7pF\xeb\x05\x9a4Y\x93\x1aa\x1d\xd2\x18\xda\xf6\xe2\xfeG\xed_\xad/\xec#\x0e\x80w\x87\xf8\xf8\xde\xf7Cr\xab\xcb\xdd}\x89\xc3,B~1\xe4\xcc\xe8\x8e\xda\x1dDmOx\xfb\xa3 \x12\x8e\xed\xf1\x06#\xc1\x1a/\x99<\x0b\xbe\xe6q\xe6Ao\x98\xbar\xdb#\xcd\xc0^\xc36go\xb7_?\xc8J\x17W<p\x98\x00VE\x1dj\xab\xc1W\xdf\xd5\xdf+&2H\x94\xf5\xf7\x84'
2026-04-20 14:34:55,670 discord.voice.gateway DEBUG Sending MLS key package with data: b'\x00\x01\x00\x01\x08\x14\xc1q4hD\x10[\x00\x00\x00\x00\x00\x00\x00\x00\x01\x00\x00\x00\x00\x00\x03"\x02 3\xd2\x1d\xaeY$6K\xf2@\xe3?\xdd\xdaP\xda!\x1c\x07\x99\xfe\xd8\xa4\x8dA<\xb9\x80\x8a\xcd\x9c>\x00@F0D\x02 \x12\xf5\x85\xe5A/\xd1z\xdff\xc2\xd5\xb9\xce\xb48wA\x1f\xfehl\xc5\xe7\xd5\x9a\x04\xab\xfbC\xc0\xdd\x02 \x19\x0bV\x90\xa2\xc6E\xe6\x05\xe1\x81\x1d\x14\xcfd-+"\x0fe\x13\xd86\xeb\x10\xcb=V\xe2K\xebT \xc9\xd2\xff?\xd9\x12C\x0b\x92=b\x9e\xa9\xbf\x18:\xc9\x9d[\xa4dG\xa4#\xa4\x92}\xc5CI\x90\x14 \xd5*\x86\x8d@\x1e\xadf\xceI\x141Y\xe6\x9c\xb3\x8eT\x92\xd0\xc8\xcatO5J\x9cr=N\x13$\x00\x02@\x98 \xdd\xf1\xa1\x85\xe0\x88\xf7\x8fG\xdeS\xcb\xa2\x81\xd3\xfcd<\x14 \xe9\xc1\xa6u\xc5\x8cQ(\xcc43\xf4@A\x04\xa0z\xbc\xf6\xe3\xc5\x18|\x89\x8en\xf8\xd5\xb6\xa3O\x18\x0f\xa1b\x0fS\xa3\x9a\xd8\xd9R~#\x1b\xae|\xa7\xc2\xb7U\x80W=n\x01\xdae5\xf4\x15\x0b\xf6W\x98V\xf0\xa0\x97\x10.\x1c\n\x0f\x1d(2\xd3\x0b3D\xdb\xe6\xc5\x8f\x93\x0c:\x85@\xda/\xe2k\x98\xb3\xa9\xb6\xe5W\xc0`\xd0\x1e\xf2a\x94\xd7\xaf\x98B\xf8s\xa2\xa2b\xd6\xb2\x9b\x9e\xb5\x07\xfa%g\xe7$\\\xf30\x85C \xab\xa1`\x98\x13+k\xd7\xd5\xc7u\x89d\x8d\x87nT\xfc\xc6\xa1\xb0cQ\xa6o@_ZvN%\xda\xd2\xc6fu(\x99Hg\x10o\xce\xd2\xa5\xf1\x8f\xc4\xb5\xb5<\xc4l\xd3\x0b\xbf(MI\rQ\xc1\xc7\x96K\x0c\xf2\xeeH\xa5i\x92H\x88\xaa\x82\xb8\xad\xf6A\xdf\xd5\xe5\x9d\xed\xcc\x96\xf0\xad\x15~{s\xa5^o\xe9%\xd1\xc6\xf4\x89\xe1u\x90\xc7k\x86B\x9e\xe8\\G\xd9`\xb8\xcc\x8b1\x8a\x08`M#zt\xc9E\xbf=\xcc\xad;\xe1\xcf\xaaOS\xf0d\x16]\x18\xa3X\x987\x85)\xa8yD\x1f\x92\x13\xbb\xf1\xbd\xd3\x9e\x85Hz\x14\xcf\xc8\x84\xc6\x06\xb6\xff\xdb\xe76\x80\xd0\xfb\x91\x7f\x03\xe8\xbb\'\x05l\x00-\xa8\xc4\xb3>\xd7\x1a<\xb4%\xbb6\x83\xd4\xedh\x14\xeb2U\xcdkK\xa9\x11\xbd\x8e\xb3\xda\xfc\xc1\x89\xf2\xe5\x179\x99\\\x9c\x94\xa5\xdc$nX\x1f\x96(\x1f\xdb\x85F\x97r\x876\tAG\xe0\x89\x9d\xf0\x19\xf8\xe3\xa2\xd1\xe3\xc1\x1d,s\xc4\xb7.(|\x18\xa3A`\x08\xd5\xef\x9c\xeeV\xb0\xb3+\xf9\x87\x85?\x93\x17@\xbc\x16\x86N\x16\x0c!\t\x888X@l\xdd\xaf\x9acs9\x8d\x8e6\xae\xab\x83Y\xc3\xe7\xb7X\xad+*\xae$+<\x10Y\xf2o\x98\x0f\x97\x88\x8b\x8eO\xa8\xa9a\x128\xf2C\x95RD\xb847O\x94\xfc\xad\x18\r\x0b\xef6[\x9e\x95\x10)#\x0f\x1eH\x00(\xf5BX9/ \x87\xbe\xcc73\xb0\x01\x9a>\x8a\xa1\x0eT\xca\xd5\x84\xea\x961\xd4/\x81\xbe\xa1\x87\xef^<$\x80~\x17\xeb\x05\xfc\x02\x079\x9b\xb5s(\xedFvQo\xd4Z\xfb\xf5\xe6\x07\x16^\xd3\xf5\x1d2\xd0\xaa,\x1dNP(\x04\x9d\x7f\xd4\xf7\x1bLM,\xb3\xab\x1a\xa8\x86\x01\x14\x97\x977^\x86\t\x16\xac\xc9o\x1e\x87\x96g\xcf\x82p\xc4\xf9\x8c\xd2\xf1V6\x8bg\xc6Z\x04\xd9\xe6\xbbT\xc8\xa6\x8a7a?^U\xa1\x1e\x1c;\xaa\x10\xd4\xefU\xa3Bw;f\x01\xab\xd9|f\x1b 8W %\xb8i\xee\xa3\xe5\xb2k\xfc\x05k\x8f8NqJH\xe1q\xbc\xa5\xe2[\xd3\xe09IP"a,=_Q~\xbd8 \x947r\x93Am*_\\\xf7zJ,7\x08<\xa2\xc4\x1baKu\xc1\x1e\xd1I\xb9\xcf\xb9\x14\x1f\xccf\x1a\x91!.\x841\xa5\xc3U\xed\xb9\xaa\xbe\xdf\x98\xc0s\x14\xa9T{\x8d\x06~z\xfa^\xae\xed#Z\xcf\x8b\xe6\xfb\xf6:xT\xb1\'+\x19\xc6\x98\xabw\xd2\xb5UX\x0cH\xfc\xab\xe1q\xa7V\x91\t\x96\xacG\xb3\x0b\xbe~\xfb\x8b\x00n\xfd\x00%\xd9\xed\x05)\x93*\xab\xfe\x12u\xe1\xeb\x99\xa9\xffyT\xb6\xc7\xc7pF\xeb\x05\x9a4Y\x93\x1aa\x1d\xd2\x18\xda\xf6\xe2\xfeG\xed_\xad/\xec#\x0e\x80w\x87\xf8\xf8\xde\xf7Cr\xab\xcb\xdd}\x89\xc3,B~1\xe4\xcc\xe8\x8e\xda\x1dDmOx\xfb\xa3 \x12\x8e\xed\xf1\x06#\xc1\x1a/\x99<\x0b\xbe\xe6q\xe6Ao\x98\xbar\xdb#\xcd\xc0^\xc36go\xb7_?\xc8J\x17W<p\x98\x00VE\x1dj\xab\xc1W\xdf\xd5\xdf+&2H\x94\xf5\xf7\x84'
2026-04-20 14:34:55,670 discord.voice.gateway DEBUG Sending MLS key package with data: b'\x00\x01\x00\x01\x08\x14\xc1q4hD\x10[\x00\x00\x00\x00\x00\x00\x00\x00\x01\x00\x00\x00\x00\x00\x03"\x02 3\xd2\x1d\xaeY$6K\xf2@\xe3?\xdd\xdaP\xda!\x1c\x07\x99\xfe\xd8\xa4\x8dA<\xb9\x80\x8a\xcd\x9c>\x00@F0D\x02 \x12\xf5\x85\xe5A/\xd1z\xdff\xc2\xd5\xb9\xce\xb48wA\x1f\xfehl\xc5\xe7\xd5\x9a\x04\xab\xfbC\xc0\xdd\x02 \x19\x0bV\x90\xa2\xc6E\xe6\x05\xe1\x81\x1d\x14\xcfd-+"\x0fe\x13\xd86\xeb\x10\xcb=V\xe2K\xebT \xc9\xd2\xff?\xd9\x12C\x0b\x92=b\x9e\xa9\xbf\x18:\xc9\x9d[\xa4dG\xa4#\xa4\x92}\xc5CI\x90\x14 \xd5*\x86\x8d@\x1e\xadf\xceI\x141Y\xe6\x9c\xb3\x8eT\x92\xd0\xc8\xcatO5J\x9cr=N\x13$\x00\x02@\x98 \xdd\xf1\xa1\x85\xe0\x88\xf7\x8fG\xdeS\xcb\xa2\x81\xd3\xfcd<\x14 \xe9\xc1\xa6u\xc5\x8cQ(\xcc43\xf4@A\x04\xa0z\xbc\xf6\xe3\xc5\x18|\x89\x8en\xf8\xd5\xb6\xa3O\x18\x0f\xa1b\x0fS\xa3\x9a\xd8\xd9R~#\x1b\xae|\xa7\xc2\xb7U\x80W=n\x01\xdae5\xf4\x15\x0b\xf6W\x98V\xf0\xa0\x97\x10.\x1c\n\x0f\x1d(2\xd3\x0b3D\xdb\xe6\xc5\x8f\x93\x0c:\x85@\xda/\xe2k\x98\xb3\xa9\xb6\xe5W\xc0`\xd0\x1e\xf2a\x94\xd7\xaf\x98B\xf8s\xa2\xa2b\xd6\xb2\x9b\x9e\xb5\x07\xfa%g\xe7$\\\xf30\x85C \xab\xa1`\x98\x13+k\xd7\xd5\xc7u\x89d\x8d\x87nT\xfc\xc6\xa1\xb0cQ\xa6o@_ZvN%\xda\xd2\xc6fu(\x99Hg\x10o\xce\xd2\xa5\xf1\x8f\xc4\xb5\xb5<\xc4l\xd3\x0b\xbf(MI\rQ\xc1\xc7\x96K\x0c\xf2\xeeH\xa5i\x92H\x88\xaa\x82\xb8\xad\xf6A\xdf\xd5\xe5\x9d\xed\xcc\x96\xf0\xad\x15~{s\xa5^o\xe9%\xd1\xc6\xf4\x89\xe1u\x90\xc7k\x86B\x9e\xe8\\G\xd9`\xb8\xcc\x8b1\x8a\x08`M#zt\xc9E\xbf=\xcc\xad;\xe1\xcf\xaaOS\xf0d\x16]\x18\xa3X\x987\x85)\xa8yD\x1f\x92\x13\xbb\xf1\xbd\xd3\x9e\x85Hz\x14\xcf\xc8\x84\xc6\x06\xb6\xff\xdb\xe76\x80\xd0\xfb\x91\x7f\x03\xe8\xbb\'\x05l\x00-\xa8\xc4\xb3>\xd7\x1a<\xb4%\xbb6\x83\xd4\xedh\x14\xeb2U\xcdkK\xa9\x11\xbd\x8e\xb3\xda\xfc\xc1\x89\xf2\xe5\x179\x99\\\x9c\x94\xa5\xdc$nX\x1f\x96(\x1f\xdb\x85F\x97r\x876\tAG\xe0\x89\x9d\xf0\x19\xf8\xe3\xa2\xd1\xe3\xc1\x1d,s\xc4\xb7.(|\x18\xa3A`\x08\xd5\xef\x9c\xeeV\xb0\xb3+\xf9\x87\x85?\x93\x17@\xbc\x16\x86N\x16\x0c!\t\x888X@l\xdd\xaf\x9acs9\x8d\x8e6\xae\xab\x83Y\xc3\xe7\xb7X\xad+*\xae$+<\x10Y\xf2o\x98\x0f\x97\x88\x8b\x8eO\xa8\xa9a\x128\xf2C\x95RD\xb847O\x94\xfc\xad\x18\r\x0b\xef6[\x9e\x95\x10)#\x0f\x1eH\x00(\xf5BX9/ \x87\xbe\xcc73\xb0\x01\x9a>\x8a\xa1\x0eT\xca\xd5\x84\xea\x961\xd4/\x81\xbe\xa1\x87\xef^<$\x80~\x17\xeb\x05\xfc\x02\x079\x9b\xb5s(\xedFvQo\xd4Z\xfb\xf5\xe6\x07\x16^\xd3\xf5\x1d2\xd0\xaa,\x1dNP(\x04\x9d\x7f\xd4\xf7\x1bLM,\xb3\xab\x1a\xa8\x86\x01\x14\x97\x977^\x86\t\x16\xac\xc9o\x1e\x87\x96g\xcf\x82p\xc4\xf9\x8c\xd2\xf1V6\x8bg\xc6Z\x04\xd9\xe6\xbbT\xc8\xa6\x8a7a?^U\xa1\x1e\x1c;\xaa\x10\xd4\xefU\xa3Bw;f\x01\xab\xd9|f\x1b 8W %\xb8i\xee\xa3\xe5\xb2k\xfc\x05k\x8f8NqJH\xe1q\xbc\xa5\xe2[\xd3\xe09IP"a,=_Q~\xbd8 \x947r\x93Am*_\\\xf7zJ,7\x08<\xa2\xc4\x1baKu\xc1\x1e\xd1I\xb9\xcf\xb9\x14\x1f\xccf\x1a\x91!.\x841\xa5\xc3U\xed\xb9\xaa\xbe\xdf\x98\xc0s\x14\xa9T{\x8d\x06~z\xfa^\xae\xed#Z\xcf\x8b\xe6\xfb\xf6:xT\xb1\'+\x19\xc6\x98\xabw\xd2\xb5UX\x0cH\xfc\xab\xe1q\xa7V\x91\t\x96\xacG\xb3\x0b\xbe~\xfb\x8b\x00n\xfd\x00%\xd9\xed\x05)\x93*\xab\xfe\x12u\xe1\xeb\x99\xa9\xffyT\xb6\xc7\xc7pF\xeb\x05\x9a4Y\x93\x1aa\x1d\xd2\x18\xda\xf6\xe2\xfeG\xed_\xad/\xec#\x0e\x80w\x87\xf8\xf8\xde\xf7Cr\xab\xcb\xdd}\x89\xc3,B~1\xe4\xcc\xe8\x8e\xda\x1dDmOx\xfb\xa3 \x12\x8e\xed\xf1\x06#\xc1\x1a/\x99<\x0b\xbe\xe6q\xe6Ao\x98\xbar\xdb#\xcd\xc0^\xc36go\xb7_?\xc8J\x17W<p\x98\x00VE\x1dj\xab\xc1W\xdf\xd5\xdf+&2H\x94\xf5\xf7\x84'
2026-04-20 14:34:55,670 discord.voice.gateway DEBUG Sending voice websocket binary frame: op: OpCodes.mls_commit_welcome size: 1160
2026-04-20 14:34:55,670 discord.voice.gateway DEBUG Sending voice websocket binary frame: op: OpCodes.mls_commit_welcome size: 1160
2026-04-20 14:34:55,670 discord.voice.gateway DEBUG Sending voice websocket binary frame: op: OpCodes.mls_commit_welcome size: 1160
2026-04-20 14:34:55,670 discord.voice.gateway DEBUG Sending voice websocket binary frame: op: OpCodes.mls_commit_welcome size: 1160
2026-04-20 14:34:55,670 discord.voice.gateway DEBUG Processed MLS proposals for current dave session: <builtins.CommitWelcome object at 0x000001F634CA7230>
2026-04-20 14:34:55,670 discord.voice.gateway DEBUG Processed MLS proposals for current dave session: <builtins.CommitWelcome object at 0x000001F634CA7230>
2026-04-20 14:34:55,670 discord.voice.gateway DEBUG Processed MLS proposals for current dave session: <builtins.CommitWelcome object at 0x000001F634CA7230>
2026-04-20 14:34:55,670 discord.voice.gateway DEBUG Processed MLS proposals for current dave session: <builtins.CommitWelcome object at 0x000001F634CA7230>
2026-04-20 14:34:55,677 discord.voice.state WARNING Socket reader voice-socket-event-reader:0x1f634741760 is waiting to be set as running
2026-04-20 14:34:55,677 discord.voice.state WARNING Socket reader voice-socket-event-reader:0x1f634741760 is waiting to be set as running
2026-04-20 14:34:55,677 discord.voice.state WARNING Socket reader voice-socket-event-reader:0x1f634741760 is waiting to be set as running
2026-04-20 14:34:55,677 discord.voice.state WARNING Socket reader voice-socket-event-reader:0x1f634741760 is waiting to be set as running
2026-04-20 14:34:55,685 discord.voice.gateway DEBUG Received binary payload: size: 207
2026-04-20 14:34:55,685 discord.voice.gateway DEBUG Received binary payload: size: 207
2026-04-20 14:34:55,685 discord.voice.gateway DEBUG Received binary payload: size: 207
2026-04-20 14:34:55,685 discord.voice.gateway DEBUG Received binary payload: size: 207
2026-04-20 14:34:55,685 discord.voice.gateway DEBUG Voice websocket binary frame received: 207 bytes, seq: 7, op: 29
2026-04-20 14:34:55,685 discord.voice.gateway DEBUG Voice websocket binary frame received: 207 bytes, seq: 7, op: 29
2026-04-20 14:34:55,685 discord.voice.gateway DEBUG Voice websocket binary frame received: 207 bytes, seq: 7, op: 29
2026-04-20 14:34:55,685 discord.voice.gateway DEBUG Voice websocket binary frame received: 207 bytes, seq: 7, op: 29
2026-04-20 14:34:55,686 discord.voice.gateway DEBUG Processed MLS commit for transition 0
2026-04-20 14:34:55,686 discord.voice.gateway DEBUG Processed MLS commit for transition 0
2026-04-20 14:34:55,686 discord.voice.gateway DEBUG Processed MLS commit for transition 0
2026-04-20 14:34:55,686 discord.voice.gateway DEBUG Processed MLS commit for transition 0
2026-04-20 14:35:00,608 discord.voice.gateway DEBUG Sending voice websocket frame: {'op': 3, 'd': {'t': 1776692100608, 'seq_ack': 7}}.
2026-04-20 14:35:00,608 discord.voice.gateway DEBUG Sending voice websocket frame: {'op': 3, 'd': {'t': 1776692100608, 'seq_ack': 7}}.
2026-04-20 14:35:00,608 discord.voice.gateway DEBUG Sending voice websocket frame: {'op': 3, 'd': {'t': 1776692100608, 'seq_ack': 7}}.
2026-04-20 14:35:00,608 discord.voice.gateway DEBUG Sending voice websocket frame: {'op': 3, 'd': {'t': 1776692100608, 'seq_ack': 7}}.
2026-04-20 14:35:00,622 discord.voice.gateway DEBUG Received text payload: {"op":6,"d":{"t":1776692100608}}
2026-04-20 14:35:00,622 discord.voice.gateway DEBUG Received text payload: {"op":6,"d":{"t":1776692100608}}
2026-04-20 14:35:00,622 discord.voice.gateway DEBUG Received text payload: {"op":6,"d":{"t":1776692100608}}
2026-04-20 14:35:00,622 discord.voice.gateway DEBUG Received text payload: {"op":6,"d":{"t":1776692100608}}
2026-04-20 14:35:00,622 discord.voice.gateway DEBUG Voice websocket frame received: {'op': 6, 'd': {'t': 1776692100608}}
2026-04-20 14:35:00,622 discord.voice.gateway DEBUG Voice websocket frame received: {'op': 6, 'd': {'t': 1776692100608}}
2026-04-20 14:35:00,622 discord.voice.gateway DEBUG Voice websocket frame received: {'op': 6, 'd': {'t': 1776692100608}}
2026-04-20 14:35:00,622 discord.voice.gateway DEBUG Voice websocket frame received: {'op': 6, 'd': {'t': 1776692100608}}
2026-04-20 14:35:05,613 discord.voice.gateway DEBUG Sending voice websocket frame: {'op': 3, 'd': {'t': 1776692105613, 'seq_ack': 7}}.
2026-04-20 14:35:05,613 discord.voice.gateway DEBUG Sending voice websocket frame: {'op': 3, 'd': {'t': 1776692105613, 'seq_ack': 7}}.
2026-04-20 14:35:05,613 discord.voice.gateway DEBUG Sending voice websocket frame: {'op': 3, 'd': {'t': 1776692105613, 'seq_ack': 7}}.
2026-04-20 14:35:05,613 discord.voice.gateway DEBUG Sending voice websocket frame: {'op': 3, 'd': {'t': 1776692105613, 'seq_ack': 7}}.
2026-04-20 14:35:05,627 discord.voice.gateway DEBUG Received text payload: {"op":6,"d":{"t":1776692105613}}
2026-04-20 14:35:05,627 discord.voice.gateway DEBUG Received text payload: {"op":6,"d":{"t":1776692105613}}
2026-04-20 14:35:05,627 discord.voice.gateway DEBUG Received text payload: {"op":6,"d":{"t":1776692105613}}
2026-04-20 14:35:05,627 discord.voice.gateway DEBUG Received text payload: {"op":6,"d":{"t":1776692105613}}
2026-04-20 14:35:05,627 discord.voice.gateway DEBUG Voice websocket frame received: {'op': 6, 'd': {'t': 1776692105613}}
2026-04-20 14:35:05,627 discord.voice.gateway DEBUG Voice websocket frame received: {'op': 6, 'd': {'t': 1776692105613}}
2026-04-20 14:35:05,627 discord.voice.gateway DEBUG Voice websocket frame received: {'op': 6, 'd': {'t': 1776692105613}}
2026-04-20 14:35:05,627 discord.voice.gateway DEBUG Voice websocket frame received: {'op': 6, 'd': {'t': 1776692105613}}
2026-04-20 14:35:10,619 discord.voice.gateway DEBUG Sending voice websocket frame: {'op': 3, 'd': {'t': 1776692110619, 'seq_ack': 7}}.
2026-04-20 14:35:10,619 discord.voice.gateway DEBUG Sending voice websocket frame: {'op': 3, 'd': {'t': 1776692110619, 'seq_ack': 7}}.
2026-04-20 14:35:10,619 discord.voice.gateway DEBUG Sending voice websocket frame: {'op': 3, 'd': {'t': 1776692110619, 'seq_ack': 7}}.
2026-04-20 14:35:10,619 discord.voice.gateway DEBUG Sending voice websocket frame: {'op': 3, 'd': {'t': 1776692110619, 'seq_ack': 7}}.
2026-04-20 14:35:10,640 discord.voice.gateway DEBUG Received text payload: {"op":6,"d":{"t":1776692110619}}
2026-04-20 14:35:10,640 discord.voice.gateway DEBUG Received text payload: {"op":6,"d":{"t":1776692110619}}
2026-04-20 14:35:10,640 discord.voice.gateway DEBUG Received text payload: {"op":6,"d":{"t":1776692110619}}
2026-04-20 14:35:10,640 discord.voice.gateway DEBUG Received text payload: {"op":6,"d":{"t":1776692110619}}
2026-04-20 14:35:10,641 discord.voice.gateway DEBUG Voice websocket frame received: {'op': 6, 'd': {'t': 1776692110619}}
2026-04-20 14:35:10,641 discord.voice.gateway DEBUG Voice websocket frame received: {'op': 6, 'd': {'t': 1776692110619}}
2026-04-20 14:35:10,641 discord.voice.gateway DEBUG Voice websocket frame received: {'op': 6, 'd': {'t': 1776692110619}}
2026-04-20 14:35:10,641 discord.voice.gateway DEBUG Voice websocket frame received: {'op': 6, 'd': {'t': 1776692110619}}
2026-04-20 14:35:15,625 discord.voice.gateway DEBUG Sending voice websocket frame: {'op': 3, 'd': {'t': 1776692115625, 'seq_ack': 7}}.
2026-04-20 14:35:15,625 discord.voice.gateway DEBUG Sending voice websocket frame: {'op': 3, 'd': {'t': 1776692115625, 'seq_ack': 7}}.
2026-04-20 14:35:15,625 discord.voice.gateway DEBUG Sending voice websocket frame: {'op': 3, 'd': {'t': 1776692115625, 'seq_ack': 7}}.
2026-04-20 14:35:15,625 discord.voice.gateway DEBUG Sending voice websocket frame: {'op': 3, 'd': {'t': 1776692115625, 'seq_ack': 7}}.
2026-04-20 14:35:15,639 discord.voice.gateway DEBUG Received text payload: {"op":6,"d":{"t":1776692115625}}
2026-04-20 14:35:15,639 discord.voice.gateway DEBUG Received text payload: {"op":6,"d":{"t":1776692115625}}
2026-04-20 14:35:15,639 discord.voice.gateway DEBUG Received text payload: {"op":6,"d":{"t":1776692115625}}
2026-04-20 14:35:15,639 discord.voice.gateway DEBUG Received text payload: {"op":6,"d":{"t":1776692115625}}
2026-04-20 14:35:15,639 discord.voice.gateway DEBUG Voice websocket frame received: {'op': 6, 'd': {'t': 1776692115625}}
2026-04-20 14:35:15,639 discord.voice.gateway DEBUG Voice websocket frame received: {'op': 6, 'd': {'t': 1776692115625}}
2026-04-20 14:35:15,639 discord.voice.gateway DEBUG Voice websocket frame received: {'op': 6, 'd': {'t': 1776692115625}}
2026-04-20 14:35:15,639 discord.voice.gateway DEBUG Voice websocket frame received: {'op': 6, 'd': {'t': 1776692115625}}
2026-04-20 14:35:20,632 discord.voice.gateway DEBUG Sending voice websocket frame: {'op': 3, 'd': {'t': 1776692120632, 'seq_ack': 7}}.
2026-04-20 14:35:20,632 discord.voice.gateway DEBUG Sending voice websocket frame: {'op': 3, 'd': {'t': 1776692120632, 'seq_ack': 7}}.
2026-04-20 14:35:20,632 discord.voice.gateway DEBUG Sending voice websocket frame: {'op': 3, 'd': {'t': 1776692120632, 'seq_ack': 7}}.
2026-04-20 14:35:20,632 discord.voice.gateway DEBUG Sending voice websocket frame: {'op': 3, 'd': {'t': 1776692120632, 'seq_ack': 7}}.
2026-04-20 14:35:20,648 discord.voice.gateway DEBUG Received text payload: {"op":6,"d":{"t":1776692120632}}
2026-04-20 14:35:20,648 discord.voice.gateway DEBUG Received text payload: {"op":6,"d":{"t":1776692120632}}
2026-04-20 14:35:20,648 discord.voice.gateway DEBUG Received text payload: {"op":6,"d":{"t":1776692120632}}
2026-04-20 14:35:20,648 discord.voice.gateway DEBUG Received text payload: {"op":6,"d":{"t":1776692120632}}
2026-04-20 14:35:20,648 discord.voice.gateway DEBUG Voice websocket frame received: {'op': 6, 'd': {'t': 1776692120632}}
2026-04-20 14:35:20,648 discord.voice.gateway DEBUG Voice websocket frame received: {'op': 6, 'd': {'t': 1776692120632}}
2026-04-20 14:35:20,648 discord.voice.gateway DEBUG Voice websocket frame received: {'op': 6, 'd': {'t': 1776692120632}}
2026-04-20 14:35:20,648 discord.voice.gateway DEBUG Voice websocket frame received: {'op': 6, 'd': {'t': 1776692120632}}
2026-04-20 14:35:25,646 discord.voice.gateway DEBUG Sending voice websocket frame: {'op': 3, 'd': {'t': 1776692125646, 'seq_ack': 7}}.
2026-04-20 14:35:25,646 discord.voice.gateway DEBUG Sending voice websocket frame: {'op': 3, 'd': {'t': 1776692125646, 'seq_ack': 7}}.
2026-04-20 14:35:25,646 discord.voice.gateway DEBUG Sending voice websocket frame: {'op': 3, 'd': {'t': 1776692125646, 'seq_ack': 7}}.
2026-04-20 14:35:25,646 discord.voice.gateway DEBUG Sending voice websocket frame: {'op': 3, 'd': {'t': 1776692125646, 'seq_ack': 7}}.
2026-04-20 14:35:25,660 discord.voice.gateway DEBUG Received text payload: {"op":6,"d":{"t":1776692125646}}
2026-04-20 14:35:25,660 discord.voice.gateway DEBUG Received text payload: {"op":6,"d":{"t":1776692125646}}
2026-04-20 14:35:25,660 discord.voice.gateway DEBUG Received text payload: {"op":6,"d":{"t":1776692125646}}
2026-04-20 14:35:25,660 discord.voice.gateway DEBUG Received text payload: {"op":6,"d":{"t":1776692125646}}
2026-04-20 14:35:25,660 discord.voice.gateway DEBUG Voice websocket frame received: {'op': 6, 'd': {'t': 1776692125646}}
2026-04-20 14:35:25,660 discord.voice.gateway DEBUG Voice websocket frame received: {'op': 6, 'd': {'t': 1776692125646}}
2026-04-20 14:35:25,660 discord.voice.gateway DEBUG Voice websocket frame received: {'op': 6, 'd': {'t': 1776692125646}}
2026-04-20 14:35:25,660 discord.voice.gateway DEBUG Voice websocket frame received: {'op': 6, 'd': {'t': 1776692125646}}
2026-04-20 14:35:30,661 discord.voice.gateway DEBUG Sending voice websocket frame: {'op': 3, 'd': {'t': 1776692130661, 'seq_ack': 7}}.
2026-04-20 14:35:30,661 discord.voice.gateway DEBUG Sending voice websocket frame: {'op': 3, 'd': {'t': 1776692130661, 'seq_ack': 7}}.
2026-04-20 14:35:30,661 discord.voice.gateway DEBUG Sending voice websocket frame: {'op': 3, 'd': {'t': 1776692130661, 'seq_ack': 7}}.
2026-04-20 14:35:30,661 discord.voice.gateway DEBUG Sending voice websocket frame: {'op': 3, 'd': {'t': 1776692130661, 'seq_ack': 7}}.
2026-04-20 14:35:30,674 discord.voice.gateway DEBUG Received text payload: {"op":6,"d":{"t":1776692130661}}
2026-04-20 14:35:30,674 discord.voice.gateway DEBUG Received text payload: {"op":6,"d":{"t":1776692130661}}
2026-04-20 14:35:30,674 discord.voice.gateway DEBUG Received text payload: {"op":6,"d":{"t":1776692130661}}
2026-04-20 14:35:30,674 discord.voice.gateway DEBUG Received text payload: {"op":6,"d":{"t":1776692130661}}
2026-04-20 14:35:30,674 discord.voice.gateway DEBUG Voice websocket frame received: {'op': 6, 'd': {'t': 1776692130661}}
2026-04-20 14:35:30,674 discord.voice.gateway DEBUG Voice websocket frame received: {'op': 6, 'd': {'t': 1776692130661}}
2026-04-20 14:35:30,674 discord.voice.gateway DEBUG Voice websocket frame received: {'op': 6, 'd': {'t': 1776692130661}}
2026-04-20 14:35:30,674 discord.voice.gateway DEBUG Voice websocket frame received: {'op': 6, 'd': {'t': 1776692130661}}
2026-04-20 14:35:35,672 discord.voice.gateway DEBUG Sending voice websocket frame: {'op': 3, 'd': {'t': 1776692135672, 'seq_ack': 7}}.
2026-04-20 14:35:35,672 discord.voice.gateway DEBUG Sending voice websocket frame: {'op': 3, 'd': {'t': 1776692135672, 'seq_ack': 7}}.
2026-04-20 14:35:35,672 discord.voice.gateway DEBUG Sending voice websocket frame: {'op': 3, 'd': {'t': 1776692135672, 'seq_ack': 7}}.
2026-04-20 14:35:35,672 discord.voice.gateway DEBUG Sending voice websocket frame: {'op': 3, 'd': {'t': 1776692135672, 'seq_ack': 7}}.
2026-04-20 14:35:35,687 discord.voice.gateway DEBUG Received text payload: {"op":6,"d":{"t":1776692135672}}
2026-04-20 14:35:35,687 discord.voice.gateway DEBUG Received text payload: {"op":6,"d":{"t":1776692135672}}
2026-04-20 14:35:35,687 discord.voice.gateway DEBUG Received text payload: {"op":6,"d":{"t":1776692135672}}
2026-04-20 14:35:35,687 discord.voice.gateway DEBUG Received text payload: {"op":6,"d":{"t":1776692135672}}
2026-04-20 14:35:35,687 discord.voice.gateway DEBUG Voice websocket frame received: {'op': 6, 'd': {'t': 1776692135672}}
2026-04-20 14:35:35,687 discord.voice.gateway DEBUG Voice websocket frame received: {'op': 6, 'd': {'t': 1776692135672}}
2026-04-20 14:35:35,687 discord.voice.gateway DEBUG Voice websocket frame received: {'op': 6, 'd': {'t': 1776692135672}}
2026-04-20 14:35:35,687 discord.voice.gateway DEBUG Voice websocket frame received: {'op': 6, 'd': {'t': 1776692135672}}
2026-04-20 14:35:40,680 discord.voice.gateway DEBUG Sending voice websocket frame: {'op': 3, 'd': {'t': 1776692140680, 'seq_ack': 7}}.
2026-04-20 14:35:40,680 discord.voice.gateway DEBUG Sending voice websocket frame: {'op': 3, 'd': {'t': 1776692140680, 'seq_ack': 7}}.
2026-04-20 14:35:40,680 discord.voice.gateway DEBUG Sending voice websocket frame: {'op': 3, 'd': {'t': 1776692140680, 'seq_ack': 7}}.
2026-04-20 14:35:40,680 discord.voice.gateway DEBUG Sending voice websocket frame: {'op': 3, 'd': {'t': 1776692140680, 'seq_ack': 7}}.
2026-04-20 14:35:40,699 discord.voice.gateway DEBUG Received text payload: {"op":6,"d":{"t":1776692140680}}
2026-04-20 14:35:40,699 discord.voice.gateway DEBUG Received text payload: {"op":6,"d":{"t":1776692140680}}
2026-04-20 14:35:40,699 discord.voice.gateway DEBUG Received text payload: {"op":6,"d":{"t":1776692140680}}
2026-04-20 14:35:40,699 discord.voice.gateway DEBUG Received text payload: {"op":6,"d":{"t":1776692140680}}
2026-04-20 14:35:40,699 discord.voice.gateway DEBUG Voice websocket frame received: {'op': 6, 'd': {'t': 1776692140680}}
2026-04-20 14:35:40,699 discord.voice.gateway DEBUG Voice websocket frame received: {'op': 6, 'd': {'t': 1776692140680}}
2026-04-20 14:35:40,699 discord.voice.gateway DEBUG Voice websocket frame received: {'op': 6, 'd': {'t': 1776692140680}}
2026-04-20 14:35:40,699 discord.voice.gateway DEBUG Voice websocket frame received: {'op': 6, 'd': {'t': 1776692140680}}
2026-04-20 14:35:45,684 discord.voice.gateway DEBUG Sending voice websocket frame: {'op': 3, 'd': {'t': 1776692145684, 'seq_ack': 7}}.
2026-04-20 14:35:45,684 discord.voice.gateway DEBUG Sending voice websocket frame: {'op': 3, 'd': {'t': 1776692145684, 'seq_ack': 7}}.
2026-04-20 14:35:45,684 discord.voice.gateway DEBUG Sending voice websocket frame: {'op': 3, 'd': {'t': 1776692145684, 'seq_ack': 7}}.
2026-04-20 14:35:45,684 discord.voice.gateway DEBUG Sending voice websocket frame: {'op': 3, 'd': {'t': 1776692145684, 'seq_ack': 7}}.
2026-04-20 14:35:45,697 discord.voice.gateway DEBUG Received text payload: {"op":6,"d":{"t":1776692145684}}
2026-04-20 14:35:45,697 discord.voice.gateway DEBUG Received text payload: {"op":6,"d":{"t":1776692145684}}
2026-04-20 14:35:45,697 discord.voice.gateway DEBUG Received text payload: {"op":6,"d":{"t":1776692145684}}
2026-04-20 14:35:45,697 discord.voice.gateway DEBUG Received text payload: {"op":6,"d":{"t":1776692145684}}
2026-04-20 14:35:45,697 discord.voice.gateway DEBUG Voice websocket frame received: {'op': 6, 'd': {'t': 1776692145684}}
2026-04-20 14:35:45,697 discord.voice.gateway DEBUG Voice websocket frame received: {'op': 6, 'd': {'t': 1776692145684}}
2026-04-20 14:35:45,697 discord.voice.gateway DEBUG Voice websocket frame received: {'op': 6, 'd': {'t': 1776692145684}}
2026-04-20 14:35:45,697 discord.voice.gateway DEBUG Voice websocket frame received: {'op': 6, 'd': {'t': 1776692145684}}
2026-04-20 14:35:50,696 discord.voice.gateway DEBUG Sending voice websocket frame: {'op': 3, 'd': {'t': 1776692150696, 'seq_ack': 7}}.
2026-04-20 14:35:50,696 discord.voice.gateway DEBUG Sending voice websocket frame: {'op': 3, 'd': {'t': 1776692150696, 'seq_ack': 7}}.
2026-04-20 14:35:50,696 discord.voice.gateway DEBUG Sending voice websocket frame: {'op': 3, 'd': {'t': 1776692150696, 'seq_ack': 7}}.
2026-04-20 14:35:50,696 discord.voice.gateway DEBUG Sending voice websocket frame: {'op': 3, 'd': {'t': 1776692150696, 'seq_ack': 7}}.
2026-04-20 14:35:50,716 discord.voice.gateway DEBUG Received text payload: {"op":6,"d":{"t":1776692150696}}
2026-04-20 14:35:50,716 discord.voice.gateway DEBUG Received text payload: {"op":6,"d":{"t":1776692150696}}
2026-04-20 14:35:50,716 discord.voice.gateway DEBUG Received text payload: {"op":6,"d":{"t":1776692150696}}
2026-04-20 14:35:50,716 discord.voice.gateway DEBUG Received text payload: {"op":6,"d":{"t":1776692150696}}
2026-04-20 14:35:50,716 discord.voice.gateway DEBUG Voice websocket frame received: {'op': 6, 'd': {'t': 1776692150696}}
2026-04-20 14:35:50,716 discord.voice.gateway DEBUG Voice websocket frame received: {'op': 6, 'd': {'t': 1776692150696}}
2026-04-20 14:35:50,716 discord.voice.gateway DEBUG Voice websocket frame received: {'op': 6, 'd': {'t': 1776692150696}}
2026-04-20 14:35:50,716 discord.voice.gateway DEBUG Voice websocket frame received: {'op': 6, 'd': {'t': 1776692150696}}
2026-04-20 14:35:55,703 discord.voice.gateway DEBUG Sending voice websocket frame: {'op': 3, 'd': {'t': 1776692155703, 'seq_ack': 7}}.
2026-04-20 14:35:55,703 discord.voice.gateway DEBUG Sending voice websocket frame: {'op': 3, 'd': {'t': 1776692155703, 'seq_ack': 7}}.
2026-04-20 14:35:55,703 discord.voice.gateway DEBUG Sending voice websocket frame: {'op': 3, 'd': {'t': 1776692155703, 'seq_ack': 7}}.
2026-04-20 14:35:55,703 discord.voice.gateway DEBUG Sending voice websocket frame: {'op': 3, 'd': {'t': 1776692155703, 'seq_ack': 7}}.
2026-04-20 14:35:55,717 discord.voice.gateway DEBUG Received text payload: {"op":6,"d":{"t":1776692155703}}
2026-04-20 14:35:55,717 discord.voice.gateway DEBUG Received text payload: {"op":6,"d":{"t":1776692155703}}
2026-04-20 14:35:55,717 discord.voice.gateway DEBUG Received text payload: {"op":6,"d":{"t":1776692155703}}
2026-04-20 14:35:55,717 discord.voice.gateway DEBUG Received text payload: {"op":6,"d":{"t":1776692155703}}
2026-04-20 14:35:55,717 discord.voice.gateway DEBUG Voice websocket frame received: {'op': 6, 'd': {'t': 1776692155703}}
2026-04-20 14:35:55,717 discord.voice.gateway DEBUG Voice websocket frame received: {'op': 6, 'd': {'t': 1776692155703}}
2026-04-20 14:35:55,717 discord.voice.gateway DEBUG Voice websocket frame received: {'op': 6, 'd': {'t': 1776692155703}}
2026-04-20 14:35:55,717 discord.voice.gateway DEBUG Voice websocket frame received: {'op': 6, 'd': {'t': 1776692155703}}
2026-04-20 14:36:00,710 discord.voice.gateway DEBUG Sending voice websocket frame: {'op': 3, 'd': {'t': 1776692160710, 'seq_ack': 7}}.
2026-04-20 14:36:00,710 discord.voice.gateway DEBUG Sending voice websocket frame: {'op': 3, 'd': {'t': 1776692160710, 'seq_ack': 7}}.
2026-04-20 14:36:00,710 discord.voice.gateway DEBUG Sending voice websocket frame: {'op': 3, 'd': {'t': 1776692160710, 'seq_ack': 7}}.
2026-04-20 14:36:00,710 discord.voice.gateway DEBUG Sending voice websocket frame: {'op': 3, 'd': {'t': 1776692160710, 'seq_ack': 7}}.
2026-04-20 14:36:00,728 discord.voice.gateway DEBUG Received text payload: {"op":6,"d":{"t":1776692160710}}
2026-04-20 14:36:00,728 discord.voice.gateway DEBUG Received text payload: {"op":6,"d":{"t":1776692160710}}
2026-04-20 14:36:00,728 discord.voice.gateway DEBUG Received text payload: {"op":6,"d":{"t":1776692160710}}
2026-04-20 14:36:00,728 discord.voice.gateway DEBUG Received text payload: {"op":6,"d":{"t":1776692160710}}
2026-04-20 14:36:00,728 discord.voice.gateway DEBUG Voice websocket frame received: {'op': 6, 'd': {'t': 1776692160710}}
2026-04-20 14:36:00,728 discord.voice.gateway DEBUG Voice websocket frame received: {'op': 6, 'd': {'t': 1776692160710}}
2026-04-20 14:36:00,728 discord.voice.gateway DEBUG Voice websocket frame received: {'op': 6, 'd': {'t': 1776692160710}}
2026-04-20 14:36:00,728 discord.voice.gateway DEBUG Voice websocket frame received: {'op': 6, 'd': {'t': 1776692160710}}
2026-04-20 14:36:05,721 discord.voice.gateway DEBUG Sending voice websocket frame: {'op': 3, 'd': {'t': 1776692165721, 'seq_ack': 7}}.
2026-04-20 14:36:05,721 discord.voice.gateway DEBUG Sending voice websocket frame: {'op': 3, 'd': {'t': 1776692165721, 'seq_ack': 7}}.
2026-04-20 14:36:05,721 discord.voice.gateway DEBUG Sending voice websocket frame: {'op': 3, 'd': {'t': 1776692165721, 'seq_ack': 7}}.
2026-04-20 14:36:05,721 discord.voice.gateway DEBUG Sending voice websocket frame: {'op': 3, 'd': {'t': 1776692165721, 'seq_ack': 7}}.
2026-04-20 14:36:05,738 discord.voice.gateway DEBUG Received text payload: {"op":6,"d":{"t":1776692165721}}
2026-04-20 14:36:05,738 discord.voice.gateway DEBUG Received text payload: {"op":6,"d":{"t":1776692165721}}
2026-04-20 14:36:05,738 discord.voice.gateway DEBUG Received text payload: {"op":6,"d":{"t":1776692165721}}
2026-04-20 14:36:05,738 discord.voice.gateway DEBUG Received text payload: {"op":6,"d":{"t":1776692165721}}
2026-04-20 14:36:05,738 discord.voice.gateway DEBUG Voice websocket frame received: {'op': 6, 'd': {'t': 1776692165721}}
2026-04-20 14:36:05,738 discord.voice.gateway DEBUG Voice websocket frame received: {'op': 6, 'd': {'t': 1776692165721}}
2026-04-20 14:36:05,738 discord.voice.gateway DEBUG Voice websocket frame received: {'op': 6, 'd': {'t': 1776692165721}}
2026-04-20 14:36:05,738 discord.voice.gateway DEBUG Voice websocket frame received: {'op': 6, 'd': {'t': 1776692165721}}
2026-04-20 14:36:10,731 discord.voice.gateway DEBUG Sending voice websocket frame: {'op': 3, 'd': {'t': 1776692170731, 'seq_ack': 7}}.
2026-04-20 14:36:10,731 discord.voice.gateway DEBUG Sending voice websocket frame: {'op': 3, 'd': {'t': 1776692170731, 'seq_ack': 7}}.
2026-04-20 14:36:10,731 discord.voice.gateway DEBUG Sending voice websocket frame: {'op': 3, 'd': {'t': 1776692170731, 'seq_ack': 7}}.
2026-04-20 14:36:10,731 discord.voice.gateway DEBUG Sending voice websocket frame: {'op': 3, 'd': {'t': 1776692170731, 'seq_ack': 7}}.
2026-04-20 14:36:10,754 discord.voice.gateway DEBUG Received text payload: {"op":6,"d":{"t":1776692170731}}
2026-04-20 14:36:10,754 discord.voice.gateway DEBUG Received text payload: {"op":6,"d":{"t":1776692170731}}
2026-04-20 14:36:10,754 discord.voice.gateway DEBUG Received text payload: {"op":6,"d":{"t":1776692170731}}
2026-04-20 14:36:10,754 discord.voice.gateway DEBUG Received text payload: {"op":6,"d":{"t":1776692170731}}
2026-04-20 14:36:10,754 discord.voice.gateway DEBUG Voice websocket frame received: {'op': 6, 'd': {'t': 1776692170731}}
2026-04-20 14:36:10,754 discord.voice.gateway DEBUG Voice websocket frame received: {'op': 6, 'd': {'t': 1776692170731}}
2026-04-20 14:36:10,754 discord.voice.gateway DEBUG Voice websocket frame received: {'op': 6, 'd': {'t': 1776692170731}}
2026-04-20 14:36:10,754 discord.voice.gateway DEBUG Voice websocket frame received: {'op': 6, 'd': {'t': 1776692170731}}
2026-04-20 14:36:15,734 discord.voice.gateway DEBUG Sending voice websocket frame: {'op': 3, 'd': {'t': 1776692175734, 'seq_ack': 7}}.
2026-04-20 14:36:15,734 discord.voice.gateway DEBUG Sending voice websocket frame: {'op': 3, 'd': {'t': 1776692175734, 'seq_ack': 7}}.
2026-04-20 14:36:15,734 discord.voice.gateway DEBUG Sending voice websocket frame: {'op': 3, 'd': {'t': 1776692175734, 'seq_ack': 7}}.
2026-04-20 14:36:15,734 discord.voice.gateway DEBUG Sending voice websocket frame: {'op': 3, 'd': {'t': 1776692175734, 'seq_ack': 7}}.
2026-04-20 14:36:15,748 discord.voice.gateway DEBUG Received text payload: {"op":6,"d":{"t":1776692175734}}
2026-04-20 14:36:15,748 discord.voice.gateway DEBUG Received text payload: {"op":6,"d":{"t":1776692175734}}
2026-04-20 14:36:15,748 discord.voice.gateway DEBUG Received text payload: {"op":6,"d":{"t":1776692175734}}
2026-04-20 14:36:15,748 discord.voice.gateway DEBUG Received text payload: {"op":6,"d":{"t":1776692175734}}
2026-04-20 14:36:15,748 discord.voice.gateway DEBUG Voice websocket frame received: {'op': 6, 'd': {'t': 1776692175734}}
2026-04-20 14:36:15,748 discord.voice.gateway DEBUG Voice websocket frame received: {'op': 6, 'd': {'t': 1776692175734}}
2026-04-20 14:36:15,748 discord.voice.gateway DEBUG Voice websocket frame received: {'op': 6, 'd': {'t': 1776692175734}}
2026-04-20 14:36:15,748 discord.voice.gateway DEBUG Voice websocket frame received: {'op': 6, 'd': {'t': 1776692175734}}
2026-04-20 14:36:20,750 discord.voice.gateway DEBUG Sending voice websocket frame: {'op': 3, 'd': {'t': 1776692180750, 'seq_ack': 7}}.
2026-04-20 14:36:20,750 discord.voice.gateway DEBUG Sending voice websocket frame: {'op': 3, 'd': {'t': 1776692180750, 'seq_ack': 7}}.
2026-04-20 14:36:20,750 discord.voice.gateway DEBUG Sending voice websocket frame: {'op': 3, 'd': {'t': 1776692180750, 'seq_ack': 7}}.
2026-04-20 14:36:20,750 discord.voice.gateway DEBUG Sending voice websocket frame: {'op': 3, 'd': {'t': 1776692180750, 'seq_ack': 7}}.
2026-04-20 14:36:20,764 discord.voice.gateway DEBUG Received text payload: {"op":6,"d":{"t":1776692180750}}
2026-04-20 14:36:20,764 discord.voice.gateway DEBUG Received text payload: {"op":6,"d":{"t":1776692180750}}
2026-04-20 14:36:20,764 discord.voice.gateway DEBUG Received text payload: {"op":6,"d":{"t":1776692180750}}
2026-04-20 14:36:20,764 discord.voice.gateway DEBUG Received text payload: {"op":6,"d":{"t":1776692180750}}
2026-04-20 14:36:20,764 discord.voice.gateway DEBUG Voice websocket frame received: {'op': 6, 'd': {'t': 1776692180750}}
2026-04-20 14:36:20,764 discord.voice.gateway DEBUG Voice websocket frame received: {'op': 6, 'd': {'t': 1776692180750}}
2026-04-20 14:36:20,764 discord.voice.gateway DEBUG Voice websocket frame received: {'op': 6, 'd': {'t': 1776692180750}}
2026-04-20 14:36:20,764 discord.voice.gateway DEBUG Voice websocket frame received: {'op': 6, 'd': {'t': 1776692180750}}
2026-04-20 14:36:25,757 discord.voice.gateway DEBUG Sending voice websocket frame: {'op': 3, 'd': {'t': 1776692185757, 'seq_ack': 7}}.
2026-04-20 14:36:25,757 discord.voice.gateway DEBUG Sending voice websocket frame: {'op': 3, 'd': {'t': 1776692185757, 'seq_ack': 7}}.
2026-04-20 14:36:25,757 discord.voice.gateway DEBUG Sending voice websocket frame: {'op': 3, 'd': {'t': 1776692185757, 'seq_ack': 7}}.
2026-04-20 14:36:25,757 discord.voice.gateway DEBUG Sending voice websocket frame: {'op': 3, 'd': {'t': 1776692185757, 'seq_ack': 7}}.
2026-04-20 14:36:25,770 discord.voice.gateway DEBUG Received text payload: {"op":6,"d":{"t":1776692185757}}
2026-04-20 14:36:25,770 discord.voice.gateway DEBUG Received text payload: {"op":6,"d":{"t":1776692185757}}
2026-04-20 14:36:25,770 discord.voice.gateway DEBUG Received text payload: {"op":6,"d":{"t":1776692185757}}
2026-04-20 14:36:25,770 discord.voice.gateway DEBUG Received text payload: {"op":6,"d":{"t":1776692185757}}
2026-04-20 14:36:25,770 discord.voice.gateway DEBUG Voice websocket frame received: {'op': 6, 'd': {'t': 1776692185757}}
2026-04-20 14:36:25,770 discord.voice.gateway DEBUG Voice websocket frame received: {'op': 6, 'd': {'t': 1776692185757}}
2026-04-20 14:36:25,770 discord.voice.gateway DEBUG Voice websocket frame received: {'op': 6, 'd': {'t': 1776692185757}}
2026-04-20 14:36:25,770 discord.voice.gateway DEBUG Voice websocket frame received: {'op': 6, 'd': {'t': 1776692185757}}
2026-04-20 14:36:30,771 discord.voice.gateway DEBUG Sending voice websocket frame: {'op': 3, 'd': {'t': 1776692190771, 'seq_ack': 7}}.
2026-04-20 14:36:30,771 discord.voice.gateway DEBUG Sending voice websocket frame: {'op': 3, 'd': {'t': 1776692190771, 'seq_ack': 7}}.
2026-04-20 14:36:30,771 discord.voice.gateway DEBUG Sending voice websocket frame: {'op': 3, 'd': {'t': 1776692190771, 'seq_ack': 7}}.
2026-04-20 14:36:30,771 discord.voice.gateway DEBUG Sending voice websocket frame: {'op': 3, 'd': {'t': 1776692190771, 'seq_ack': 7}}.
2026-04-20 14:36:30,788 discord.voice.gateway DEBUG Received text payload: {"op":6,"d":{"t":1776692190771}}
2026-04-20 14:36:30,788 discord.voice.gateway DEBUG Received text payload: {"op":6,"d":{"t":1776692190771}}
2026-04-20 14:36:30,788 discord.voice.gateway DEBUG Received text payload: {"op":6,"d":{"t":1776692190771}}
2026-04-20 14:36:30,788 discord.voice.gateway DEBUG Received text payload: {"op":6,"d":{"t":1776692190771}}
2026-04-20 14:36:30,788 discord.voice.gateway DEBUG Voice websocket frame received: {'op': 6, 'd': {'t': 1776692190771}}
2026-04-20 14:36:30,788 discord.voice.gateway DEBUG Voice websocket frame received: {'op': 6, 'd': {'t': 1776692190771}}
2026-04-20 14:36:30,788 discord.voice.gateway DEBUG Voice websocket frame received: {'op': 6, 'd': {'t': 1776692190771}}
2026-04-20 14:36:30,788 discord.voice.gateway DEBUG Voice websocket frame received: {'op': 6, 'd': {'t': 1776692190771}}
2026-04-20 14:36:35,784 discord.voice.gateway DEBUG Sending voice websocket frame: {'op': 3, 'd': {'t': 1776692195784, 'seq_ack': 7}}.
2026-04-20 14:36:35,784 discord.voice.gateway DEBUG Sending voice websocket frame: {'op': 3, 'd': {'t': 1776692195784, 'seq_ack': 7}}.
2026-04-20 14:36:35,784 discord.voice.gateway DEBUG Sending voice websocket frame: {'op': 3, 'd': {'t': 1776692195784, 'seq_ack': 7}}.
2026-04-20 14:36:35,784 discord.voice.gateway DEBUG Sending voice websocket frame: {'op': 3, 'd': {'t': 1776692195784, 'seq_ack': 7}}.
2026-04-20 14:36:35,796 discord.voice.gateway DEBUG Received text payload: {"op":6,"d":{"t":1776692195784}}
2026-04-20 14:36:35,796 discord.voice.gateway DEBUG Received text payload: {"op":6,"d":{"t":1776692195784}}
2026-04-20 14:36:35,796 discord.voice.gateway DEBUG Received text payload: {"op":6,"d":{"t":1776692195784}}
2026-04-20 14:36:35,796 discord.voice.gateway DEBUG Received text payload: {"op":6,"d":{"t":1776692195784}}
2026-04-20 14:36:35,797 discord.voice.gateway DEBUG Voice websocket frame received: {'op': 6, 'd': {'t': 1776692195784}}
2026-04-20 14:36:35,797 discord.voice.gateway DEBUG Voice websocket frame received: {'op': 6, 'd': {'t': 1776692195784}}
2026-04-20 14:36:35,797 discord.voice.gateway DEBUG Voice websocket frame received: {'op': 6, 'd': {'t': 1776692195784}}
2026-04-20 14:36:35,797 discord.voice.gateway DEBUG Voice websocket frame received: {'op': 6, 'd': {'t': 1776692195784}}
2026-04-20 14:36:40,786 discord.voice.gateway DEBUG Sending voice websocket frame: {'op': 3, 'd': {'t': 1776692200786, 'seq_ack': 7}}.
2026-04-20 14:36:40,786 discord.voice.gateway DEBUG Sending voice websocket frame: {'op': 3, 'd': {'t': 1776692200786, 'seq_ack': 7}}.
2026-04-20 14:36:40,786 discord.voice.gateway DEBUG Sending voice websocket frame: {'op': 3, 'd': {'t': 1776692200786, 'seq_ack': 7}}.
2026-04-20 14:36:40,786 discord.voice.gateway DEBUG Sending voice websocket frame: {'op': 3, 'd': {'t': 1776692200786, 'seq_ack': 7}}.
2026-04-20 14:36:40,799 discord.voice.gateway DEBUG Received text payload: {"op":6,"d":{"t":1776692200786}}
2026-04-20 14:36:40,799 discord.voice.gateway DEBUG Received text payload: {"op":6,"d":{"t":1776692200786}}
2026-04-20 14:36:40,799 discord.voice.gateway DEBUG Received text payload: {"op":6,"d":{"t":1776692200786}}
2026-04-20 14:36:40,799 discord.voice.gateway DEBUG Received text payload: {"op":6,"d":{"t":1776692200786}}
2026-04-20 14:36:40,799 discord.voice.gateway DEBUG Voice websocket frame received: {'op': 6, 'd': {'t': 1776692200786}}
2026-04-20 14:36:40,799 discord.voice.gateway DEBUG Voice websocket frame received: {'op': 6, 'd': {'t': 1776692200786}}
2026-04-20 14:36:40,799 discord.voice.gateway DEBUG Voice websocket frame received: {'op': 6, 'd': {'t': 1776692200786}}
2026-04-20 14:36:40,799 discord.voice.gateway DEBUG Voice websocket frame received: {'op': 6, 'd': {'t': 1776692200786}}
2026-04-20 14:36:45,800 discord.voice.gateway DEBUG Sending voice websocket frame: {'op': 3, 'd': {'t': 1776692205800, 'seq_ack': 7}}.
2026-04-20 14:36:45,800 discord.voice.gateway DEBUG Sending voice websocket frame: {'op': 3, 'd': {'t': 1776692205800, 'seq_ack': 7}}.
2026-04-20 14:36:45,800 discord.voice.gateway DEBUG Sending voice websocket frame: {'op': 3, 'd': {'t': 1776692205800, 'seq_ack': 7}}.
2026-04-20 14:36:45,800 discord.voice.gateway DEBUG Sending voice websocket frame: {'op': 3, 'd': {'t': 1776692205800, 'seq_ack': 7}}.
2026-04-20 14:36:45,816 discord.voice.gateway DEBUG Received text payload: {"op":6,"d":{"t":1776692205800}}
2026-04-20 14:36:45,816 discord.voice.gateway DEBUG Received text payload: {"op":6,"d":{"t":1776692205800}}
2026-04-20 14:36:45,816 discord.voice.gateway DEBUG Received text payload: {"op":6,"d":{"t":1776692205800}}
2026-04-20 14:36:45,816 discord.voice.gateway DEBUG Received text payload: {"op":6,"d":{"t":1776692205800}}
2026-04-20 14:36:45,816 discord.voice.gateway DEBUG Voice websocket frame received: {'op': 6, 'd': {'t': 1776692205800}}
2026-04-20 14:36:45,816 discord.voice.gateway DEBUG Voice websocket frame received: {'op': 6, 'd': {'t': 1776692205800}}
2026-04-20 14:36:45,816 discord.voice.gateway DEBUG Voice websocket frame received: {'op': 6, 'd': {'t': 1776692205800}}
2026-04-20 14:36:45,816 discord.voice.gateway DEBUG Voice websocket frame received: {'op': 6, 'd': {'t': 1776692205800}}
2026-04-20 14:36:47,410 discord.voice.gateway DEBUG Sending voice websocket frame: {'op': 5, 'd': {'speaking': 1, 'delay': 0}}.
2026-04-20 14:36:47,410 discord.voice.gateway DEBUG Sending voice websocket frame: {'op': 5, 'd': {'speaking': 1, 'delay': 0}}.
2026-04-20 14:36:47,410 discord.voice.gateway DEBUG Sending voice websocket frame: {'op': 5, 'd': {'speaking': 1, 'delay': 0}}.
2026-04-20 14:36:47,410 discord.voice.gateway DEBUG Sending voice websocket frame: {'op': 5, 'd': {'speaking': 1, 'delay': 0}}.
2026-04-20 14:36:50,811 discord.voice.gateway DEBUG Sending voice websocket frame: {'op': 3, 'd': {'t': 1776692210811, 'seq_ack': 7}}.
2026-04-20 14:36:50,811 discord.voice.gateway DEBUG Sending voice websocket frame: {'op': 3, 'd': {'t': 1776692210811, 'seq_ack': 7}}.
2026-04-20 14:36:50,811 discord.voice.gateway DEBUG Sending voice websocket frame: {'op': 3, 'd': {'t': 1776692210811, 'seq_ack': 7}}.
2026-04-20 14:36:50,811 discord.voice.gateway DEBUG Sending voice websocket frame: {'op': 3, 'd': {'t': 1776692210811, 'seq_ack': 7}}.
2026-04-20 14:36:50,825 discord.voice.gateway DEBUG Received text payload: {"op":6,"d":{"t":1776692210811}}
2026-04-20 14:36:50,825 discord.voice.gateway DEBUG Received text payload: {"op":6,"d":{"t":1776692210811}}
2026-04-20 14:36:50,825 discord.voice.gateway DEBUG Received text payload: {"op":6,"d":{"t":1776692210811}}
2026-04-20 14:36:50,825 discord.voice.gateway DEBUG Received text payload: {"op":6,"d":{"t":1776692210811}}
2026-04-20 14:36:50,825 discord.voice.gateway DEBUG Voice websocket frame received: {'op': 6, 'd': {'t': 1776692210811}}
2026-04-20 14:36:50,825 discord.voice.gateway DEBUG Voice websocket frame received: {'op': 6, 'd': {'t': 1776692210811}}
2026-04-20 14:36:50,825 discord.voice.gateway DEBUG Voice websocket frame received: {'op': 6, 'd': {'t': 1776692210811}}
2026-04-20 14:36:50,825 discord.voice.gateway DEBUG Voice websocket frame received: {'op': 6, 'd': {'t': 1776692210811}}
2026-04-20 14:36:55,820 discord.voice.gateway DEBUG Sending voice websocket frame: {'op': 3, 'd': {'t': 1776692215820, 'seq_ack': 7}}.
2026-04-20 14:36:55,820 discord.voice.gateway DEBUG Sending voice websocket frame: {'op': 3, 'd': {'t': 1776692215820, 'seq_ack': 7}}.
2026-04-20 14:36:55,820 discord.voice.gateway DEBUG Sending voice websocket frame: {'op': 3, 'd': {'t': 1776692215820, 'seq_ack': 7}}.
2026-04-20 14:36:55,820 discord.voice.gateway DEBUG Sending voice websocket frame: {'op': 3, 'd': {'t': 1776692215820, 'seq_ack': 7}}.
2026-04-20 14:36:55,836 discord.voice.gateway DEBUG Received text payload: {"op":6,"d":{"t":1776692215820}}
2026-04-20 14:36:55,836 discord.voice.gateway DEBUG Received text payload: {"op":6,"d":{"t":1776692215820}}
2026-04-20 14:36:55,836 discord.voice.gateway DEBUG Received text payload: {"op":6,"d":{"t":1776692215820}}
2026-04-20 14:36:55,836 discord.voice.gateway DEBUG Received text payload: {"op":6,"d":{"t":1776692215820}}
2026-04-20 14:36:55,836 discord.voice.gateway DEBUG Voice websocket frame received: {'op': 6, 'd': {'t': 1776692215820}}
2026-04-20 14:36:55,836 discord.voice.gateway DEBUG Voice websocket frame received: {'op': 6, 'd': {'t': 1776692215820}}
2026-04-20 14:36:55,836 discord.voice.gateway DEBUG Voice websocket frame received: {'op': 6, 'd': {'t': 1776692215820}}
2026-04-20 14:36:55,836 discord.voice.gateway DEBUG Voice websocket frame received: {'op': 6, 'd': {'t': 1776692215820}}
2026-04-20 14:37:00,829 discord.voice.gateway DEBUG Sending voice websocket frame: {'op': 3, 'd': {'t': 1776692220829, 'seq_ack': 7}}.
2026-04-20 14:37:00,829 discord.voice.gateway DEBUG Sending voice websocket frame: {'op': 3, 'd': {'t': 1776692220829, 'seq_ack': 7}}.
2026-04-20 14:37:00,829 discord.voice.gateway DEBUG Sending voice websocket frame: {'op': 3, 'd': {'t': 1776692220829, 'seq_ack': 7}}.
2026-04-20 14:37:00,829 discord.voice.gateway DEBUG Sending voice websocket frame: {'op': 3, 'd': {'t': 1776692220829, 'seq_ack': 7}}.
2026-04-20 14:37:00,844 discord.voice.gateway DEBUG Received text payload: {"op":6,"d":{"t":1776692220829}}
2026-04-20 14:37:00,844 discord.voice.gateway DEBUG Received text payload: {"op":6,"d":{"t":1776692220829}}
2026-04-20 14:37:00,844 discord.voice.gateway DEBUG Received text payload: {"op":6,"d":{"t":1776692220829}}
2026-04-20 14:37:00,844 discord.voice.gateway DEBUG Received text payload: {"op":6,"d":{"t":1776692220829}}
2026-04-20 14:37:00,844 discord.voice.gateway DEBUG Voice websocket frame received: {'op': 6, 'd': {'t': 1776692220829}}
2026-04-20 14:37:00,844 discord.voice.gateway DEBUG Voice websocket frame received: {'op': 6, 'd': {'t': 1776692220829}}
2026-04-20 14:37:00,844 discord.voice.gateway DEBUG Voice websocket frame received: {'op': 6, 'd': {'t': 1776692220829}}
2026-04-20 14:37:00,844 discord.voice.gateway DEBUG Voice websocket frame received: {'op': 6, 'd': {'t': 1776692220829}}
2026-04-20 14:37:05,837 discord.voice.gateway DEBUG Sending voice websocket frame: {'op': 3, 'd': {'t': 1776692225837, 'seq_ack': 7}}.
2026-04-20 14:37:05,837 discord.voice.gateway DEBUG Sending voice websocket frame: {'op': 3, 'd': {'t': 1776692225837, 'seq_ack': 7}}.
2026-04-20 14:37:05,837 discord.voice.gateway DEBUG Sending voice websocket frame: {'op': 3, 'd': {'t': 1776692225837, 'seq_ack': 7}}.
2026-04-20 14:37:05,837 discord.voice.gateway DEBUG Sending voice websocket frame: {'op': 3, 'd': {'t': 1776692225837, 'seq_ack': 7}}.
2026-04-20 14:37:05,869 discord.voice.gateway DEBUG Received text payload: {"op":6,"d":{"t":1776692225837}}
2026-04-20 14:37:05,869 discord.voice.gateway DEBUG Received text payload: {"op":6,"d":{"t":1776692225837}}
2026-04-20 14:37:05,869 discord.voice.gateway DEBUG Received text payload: {"op":6,"d":{"t":1776692225837}}
2026-04-20 14:37:05,869 discord.voice.gateway DEBUG Received text payload: {"op":6,"d":{"t":1776692225837}}
2026-04-20 14:37:05,869 discord.voice.gateway DEBUG Voice websocket frame received: {'op': 6, 'd': {'t': 1776692225837}}
2026-04-20 14:37:05,869 discord.voice.gateway DEBUG Voice websocket frame received: {'op': 6, 'd': {'t': 1776692225837}}
2026-04-20 14:37:05,869 discord.voice.gateway DEBUG Voice websocket frame received: {'op': 6, 'd': {'t': 1776692225837}}
2026-04-20 14:37:05,869 discord.voice.gateway DEBUG Voice websocket frame received: {'op': 6, 'd': {'t': 1776692225837}}
2026-04-20 14:37:10,842 discord.voice.gateway DEBUG Sending voice websocket frame: {'op': 3, 'd': {'t': 1776692230842, 'seq_ack': 7}}.
2026-04-20 14:37:10,842 discord.voice.gateway DEBUG Sending voice websocket frame: {'op': 3, 'd': {'t': 1776692230842, 'seq_ack': 7}}.
2026-04-20 14:37:10,842 discord.voice.gateway DEBUG Sending voice websocket frame: {'op': 3, 'd': {'t': 1776692230842, 'seq_ack': 7}}.
2026-04-20 14:37:10,842 discord.voice.gateway DEBUG Sending voice websocket frame: {'op': 3, 'd': {'t': 1776692230842, 'seq_ack': 7}}.
2026-04-20 14:37:10,871 discord.voice.gateway DEBUG Received text payload: {"op":6,"d":{"t":1776692230842}}
2026-04-20 14:37:10,871 discord.voice.gateway DEBUG Received text payload: {"op":6,"d":{"t":1776692230842}}
2026-04-20 14:37:10,871 discord.voice.gateway DEBUG Received text payload: {"op":6,"d":{"t":1776692230842}}
2026-04-20 14:37:10,871 discord.voice.gateway DEBUG Received text payload: {"op":6,"d":{"t":1776692230842}}
2026-04-20 14:37:10,871 discord.voice.gateway DEBUG Voice websocket frame received: {'op': 6, 'd': {'t': 1776692230842}}
2026-04-20 14:37:10,871 discord.voice.gateway DEBUG Voice websocket frame received: {'op': 6, 'd': {'t': 1776692230842}}
2026-04-20 14:37:10,871 discord.voice.gateway DEBUG Voice websocket frame received: {'op': 6, 'd': {'t': 1776692230842}}
2026-04-20 14:37:10,871 discord.voice.gateway DEBUG Voice websocket frame received: {'op': 6, 'd': {'t': 1776692230842}}
2026-04-20 14:37:15,857 discord.voice.gateway DEBUG Sending voice websocket frame: {'op': 3, 'd': {'t': 1776692235857, 'seq_ack': 7}}.
2026-04-20 14:37:15,857 discord.voice.gateway DEBUG Sending voice websocket frame: {'op': 3, 'd': {'t': 1776692235857, 'seq_ack': 7}}.
2026-04-20 14:37:15,857 discord.voice.gateway DEBUG Sending voice websocket frame: {'op': 3, 'd': {'t': 1776692235857, 'seq_ack': 7}}.
2026-04-20 14:37:15,857 discord.voice.gateway DEBUG Sending voice websocket frame: {'op': 3, 'd': {'t': 1776692235857, 'seq_ack': 7}}.
2026-04-20 14:37:15,883 discord.voice.gateway DEBUG Received text payload: {"op":6,"d":{"t":1776692235857}}
2026-04-20 14:37:15,883 discord.voice.gateway DEBUG Received text payload: {"op":6,"d":{"t":1776692235857}}
2026-04-20 14:37:15,883 discord.voice.gateway DEBUG Received text payload: {"op":6,"d":{"t":1776692235857}}
2026-04-20 14:37:15,883 discord.voice.gateway DEBUG Received text payload: {"op":6,"d":{"t":1776692235857}}
2026-04-20 14:37:15,883 discord.voice.gateway DEBUG Voice websocket frame received: {'op': 6, 'd': {'t': 1776692235857}}
2026-04-20 14:37:15,883 discord.voice.gateway DEBUG Voice websocket frame received: {'op': 6, 'd': {'t': 1776692235857}}
2026-04-20 14:37:15,883 discord.voice.gateway DEBUG Voice websocket frame received: {'op': 6, 'd': {'t': 1776692235857}}
2026-04-20 14:37:15,883 discord.voice.gateway DEBUG Voice websocket frame received: {'op': 6, 'd': {'t': 1776692235857}}
2026-04-20 14:37:20,869 discord.voice.gateway DEBUG Sending voice websocket frame: {'op': 3, 'd': {'t': 1776692240869, 'seq_ack': 7}}.
2026-04-20 14:37:20,869 discord.voice.gateway DEBUG Sending voice websocket frame: {'op': 3, 'd': {'t': 1776692240869, 'seq_ack': 7}}.
2026-04-20 14:37:20,869 discord.voice.gateway DEBUG Sending voice websocket frame: {'op': 3, 'd': {'t': 1776692240869, 'seq_ack': 7}}.
2026-04-20 14:37:20,869 discord.voice.gateway DEBUG Sending voice websocket frame: {'op': 3, 'd': {'t': 1776692240869, 'seq_ack': 7}}.
2026-04-20 14:37:20,882 discord.voice.gateway DEBUG Received text payload: {"op":6,"d":{"t":1776692240869}}
2026-04-20 14:37:20,882 discord.voice.gateway DEBUG Received text payload: {"op":6,"d":{"t":1776692240869}}
2026-04-20 14:37:20,882 discord.voice.gateway DEBUG Received text payload: {"op":6,"d":{"t":1776692240869}}
2026-04-20 14:37:20,882 discord.voice.gateway DEBUG Received text payload: {"op":6,"d":{"t":1776692240869}}
2026-04-20 14:37:20,882 discord.voice.gateway DEBUG Voice websocket frame received: {'op': 6, 'd': {'t': 1776692240869}}
2026-04-20 14:37:20,882 discord.voice.gateway DEBUG Voice websocket frame received: {'op': 6, 'd': {'t': 1776692240869}}
2026-04-20 14:37:20,882 discord.voice.gateway DEBUG Voice websocket frame received: {'op': 6, 'd': {'t': 1776692240869}}
2026-04-20 14:37:20,882 discord.voice.gateway DEBUG Voice websocket frame received: {'op': 6, 'd': {'t': 1776692240869}}
2026-04-20 14:37:21,816 discord.voice.gateway DEBUG Sending voice websocket frame: {'op': 5, 'd': {'speaking': 0, 'delay': 0}}.
2026-04-20 14:37:21,816 discord.voice.gateway DEBUG Sending voice websocket frame: {'op': 5, 'd': {'speaking': 0, 'delay': 0}}.
2026-04-20 14:37:21,816 discord.voice.gateway DEBUG Sending voice websocket frame: {'op': 5, 'd': {'speaking': 0, 'delay': 0}}.
2026-04-20 14:37:21,816 discord.voice.gateway DEBUG Sending voice websocket frame: {'op': 5, 'd': {'speaking': 0, 'delay': 0}}.
2026-04-20 14:37:22,847 discord.voice.gateway DEBUG Sending voice websocket frame: {'op': 5, 'd': {'speaking': 1, 'delay': 0}}.
2026-04-20 14:37:22,847 discord.voice.gateway DEBUG Sending voice websocket frame: {'op': 5, 'd': {'speaking': 1, 'delay': 0}}.
2026-04-20 14:37:22,847 discord.voice.gateway DEBUG Sending voice websocket frame: {'op': 5, 'd': {'speaking': 1, 'delay': 0}}.
2026-04-20 14:37:22,847 discord.voice.gateway DEBUG Sending voice websocket frame: {'op': 5, 'd': {'speaking': 1, 'delay': 0}}.
2026-04-20 14:37:25,788 discord.voice.gateway DEBUG Sending voice websocket frame: {'op': 5, 'd': {'speaking': 0, 'delay': 0}}.
2026-04-20 14:37:25,788 discord.voice.gateway DEBUG Sending voice websocket frame: {'op': 5, 'd': {'speaking': 0, 'delay': 0}}.
2026-04-20 14:37:25,788 discord.voice.gateway DEBUG Sending voice websocket frame: {'op': 5, 'd': {'speaking': 0, 'delay': 0}}.
2026-04-20 14:37:25,788 discord.voice.gateway DEBUG Sending voice websocket frame: {'op': 5, 'd': {'speaking': 0, 'delay': 0}}.
2026-04-20 14:37:25,876 discord.voice.gateway DEBUG Sending voice websocket frame: {'op': 3, 'd': {'t': 1776692245876, 'seq_ack': 7}}.
2026-04-20 14:37:25,876 discord.voice.gateway DEBUG Sending voice websocket frame: {'op': 3, 'd': {'t': 1776692245876, 'seq_ack': 7}}.
2026-04-20 14:37:25,876 discord.voice.gateway DEBUG Sending voice websocket frame: {'op': 3, 'd': {'t': 1776692245876, 'seq_ack': 7}}.
2026-04-20 14:37:25,876 discord.voice.gateway DEBUG Sending voice websocket frame: {'op': 3, 'd': {'t': 1776692245876, 'seq_ack': 7}}.
2026-04-20 14:37:25,890 discord.voice.gateway DEBUG Received text payload: {"op":6,"d":{"t":1776692245876}}
2026-04-20 14:37:25,890 discord.voice.gateway DEBUG Received text payload: {"op":6,"d":{"t":1776692245876}}
2026-04-20 14:37:25,890 discord.voice.gateway DEBUG Received text payload: {"op":6,"d":{"t":1776692245876}}
2026-04-20 14:37:25,890 discord.voice.gateway DEBUG Received text payload: {"op":6,"d":{"t":1776692245876}}
2026-04-20 14:37:25,890 discord.voice.gateway DEBUG Voice websocket frame received: {'op': 6, 'd': {'t': 1776692245876}}
2026-04-20 14:37:25,890 discord.voice.gateway DEBUG Voice websocket frame received: {'op': 6, 'd': {'t': 1776692245876}}
2026-04-20 14:37:25,890 discord.voice.gateway DEBUG Voice websocket frame received: {'op': 6, 'd': {'t': 1776692245876}}
2026-04-20 14:37:25,890 discord.voice.gateway DEBUG Voice websocket frame received: {'op': 6, 'd': {'t': 1776692245876}}
2026-04-20 14:37:26,967 discord.voice.gateway DEBUG Sending voice websocket frame: {'op': 5, 'd': {'speaking': 1, 'delay': 0}}.
2026-04-20 14:37:26,967 discord.voice.gateway DEBUG Sending voice websocket frame: {'op': 5, 'd': {'speaking': 1, 'delay': 0}}.
2026-04-20 14:37:26,967 discord.voice.gateway DEBUG Sending voice websocket frame: {'op': 5, 'd': {'speaking': 1, 'delay': 0}}.
2026-04-20 14:37:26,967 discord.voice.gateway DEBUG Sending voice websocket frame: {'op': 5, 'd': {'speaking': 1, 'delay': 0}}.
2026-04-20 14:37:30,884 discord.voice.gateway DEBUG Sending voice websocket frame: {'op': 3, 'd': {'t': 1776692250884, 'seq_ack': 7}}.
2026-04-20 14:37:30,884 discord.voice.gateway DEBUG Sending voice websocket frame: {'op': 3, 'd': {'t': 1776692250884, 'seq_ack': 7}}.
2026-04-20 14:37:30,884 discord.voice.gateway DEBUG Sending voice websocket frame: {'op': 3, 'd': {'t': 1776692250884, 'seq_ack': 7}}.
2026-04-20 14:37:30,884 discord.voice.gateway DEBUG Sending voice websocket frame: {'op': 3, 'd': {'t': 1776692250884, 'seq_ack': 7}}.
2026-04-20 14:37:30,897 discord.voice.gateway DEBUG Received text payload: {"op":6,"d":{"t":1776692250884}}
2026-04-20 14:37:30,897 discord.voice.gateway DEBUG Received text payload: {"op":6,"d":{"t":1776692250884}}
2026-04-20 14:37:30,897 discord.voice.gateway DEBUG Received text payload: {"op":6,"d":{"t":1776692250884}}
2026-04-20 14:37:30,897 discord.voice.gateway DEBUG Received text payload: {"op":6,"d":{"t":1776692250884}}
2026-04-20 14:37:30,897 discord.voice.gateway DEBUG Voice websocket frame received: {'op': 6, 'd': {'t': 1776692250884}}
2026-04-20 14:37:30,897 discord.voice.gateway DEBUG Voice websocket frame received: {'op': 6, 'd': {'t': 1776692250884}}
2026-04-20 14:37:30,897 discord.voice.gateway DEBUG Voice websocket frame received: {'op': 6, 'd': {'t': 1776692250884}}
2026-04-20 14:37:30,897 discord.voice.gateway DEBUG Voice websocket frame received: {'op': 6, 'd': {'t': 1776692250884}}
2026-04-20 14:37:35,888 discord.voice.gateway DEBUG Sending voice websocket frame: {'op': 3, 'd': {'t': 1776692255887, 'seq_ack': 7}}.
2026-04-20 14:37:35,888 discord.voice.gateway DEBUG Sending voice websocket frame: {'op': 3, 'd': {'t': 1776692255887, 'seq_ack': 7}}.
2026-04-20 14:37:35,888 discord.voice.gateway DEBUG Sending voice websocket frame: {'op': 3, 'd': {'t': 1776692255887, 'seq_ack': 7}}.
2026-04-20 14:37:35,888 discord.voice.gateway DEBUG Sending voice websocket frame: {'op': 3, 'd': {'t': 1776692255887, 'seq_ack': 7}}.
2026-04-20 14:37:35,900 discord.voice.gateway DEBUG Received text payload: {"op":6,"d":{"t":1776692255887}}
2026-04-20 14:37:35,900 discord.voice.gateway DEBUG Received text payload: {"op":6,"d":{"t":1776692255887}}
2026-04-20 14:37:35,900 discord.voice.gateway DEBUG Received text payload: {"op":6,"d":{"t":1776692255887}}
2026-04-20 14:37:35,900 discord.voice.gateway DEBUG Received text payload: {"op":6,"d":{"t":1776692255887}}
2026-04-20 14:37:35,900 discord.voice.gateway DEBUG Voice websocket frame received: {'op': 6, 'd': {'t': 1776692255887}}
2026-04-20 14:37:35,900 discord.voice.gateway DEBUG Voice websocket frame received: {'op': 6, 'd': {'t': 1776692255887}}
2026-04-20 14:37:35,900 discord.voice.gateway DEBUG Voice websocket frame received: {'op': 6, 'd': {'t': 1776692255887}}
2026-04-20 14:37:35,900 discord.voice.gateway DEBUG Voice websocket frame received: {'op': 6, 'd': {'t': 1776692255887}}
2026-04-20 14:37:40,897 discord.voice.gateway DEBUG Sending voice websocket frame: {'op': 3, 'd': {'t': 1776692260897, 'seq_ack': 7}}.
2026-04-20 14:37:40,897 discord.voice.gateway DEBUG Sending voice websocket frame: {'op': 3, 'd': {'t': 1776692260897, 'seq_ack': 7}}.
2026-04-20 14:37:40,897 discord.voice.gateway DEBUG Sending voice websocket frame: {'op': 3, 'd': {'t': 1776692260897, 'seq_ack': 7}}.
2026-04-20 14:37:40,897 discord.voice.gateway DEBUG Sending voice websocket frame: {'op': 3, 'd': {'t': 1776692260897, 'seq_ack': 7}}.
2026-04-20 14:37:40,915 discord.voice.gateway DEBUG Received text payload: {"op":6,"d":{"t":1776692260897}}
2026-04-20 14:37:40,915 discord.voice.gateway DEBUG Received text payload: {"op":6,"d":{"t":1776692260897}}
2026-04-20 14:37:40,915 discord.voice.gateway DEBUG Received text payload: {"op":6,"d":{"t":1776692260897}}
2026-04-20 14:37:40,915 discord.voice.gateway DEBUG Received text payload: {"op":6,"d":{"t":1776692260897}}
2026-04-20 14:37:40,915 discord.voice.gateway DEBUG Voice websocket frame received: {'op': 6, 'd': {'t': 1776692260897}}
2026-04-20 14:37:40,915 discord.voice.gateway DEBUG Voice websocket frame received: {'op': 6, 'd': {'t': 1776692260897}}
2026-04-20 14:37:40,915 discord.voice.gateway DEBUG Voice websocket frame received: {'op': 6, 'd': {'t': 1776692260897}}
2026-04-20 14:37:40,915 discord.voice.gateway DEBUG Voice websocket frame received: {'op': 6, 'd': {'t': 1776692260897}}
2026-04-20 14:37:45,903 discord.voice.gateway DEBUG Sending voice websocket frame: {'op': 3, 'd': {'t': 1776692265903, 'seq_ack': 7}}.
2026-04-20 14:37:45,903 discord.voice.gateway DEBUG Sending voice websocket frame: {'op': 3, 'd': {'t': 1776692265903, 'seq_ack': 7}}.
2026-04-20 14:37:45,903 discord.voice.gateway DEBUG Sending voice websocket frame: {'op': 3, 'd': {'t': 1776692265903, 'seq_ack': 7}}.
2026-04-20 14:37:45,903 discord.voice.gateway DEBUG Sending voice websocket frame: {'op': 3, 'd': {'t': 1776692265903, 'seq_ack': 7}}.
2026-04-20 14:37:45,918 discord.voice.gateway DEBUG Received text payload: {"op":6,"d":{"t":1776692265903}}
2026-04-20 14:37:45,918 discord.voice.gateway DEBUG Received text payload: {"op":6,"d":{"t":1776692265903}}
2026-04-20 14:37:45,918 discord.voice.gateway DEBUG Received text payload: {"op":6,"d":{"t":1776692265903}}
2026-04-20 14:37:45,918 discord.voice.gateway DEBUG Received text payload: {"op":6,"d":{"t":1776692265903}}
2026-04-20 14:37:45,918 discord.voice.gateway DEBUG Voice websocket frame received: {'op': 6, 'd': {'t': 1776692265903}}
2026-04-20 14:37:45,918 discord.voice.gateway DEBUG Voice websocket frame received: {'op': 6, 'd': {'t': 1776692265903}}
2026-04-20 14:37:45,918 discord.voice.gateway DEBUG Voice websocket frame received: {'op': 6, 'd': {'t': 1776692265903}}
2026-04-20 14:37:45,918 discord.voice.gateway DEBUG Voice websocket frame received: {'op': 6, 'd': {'t': 1776692265903}}
2026-04-20 14:37:50,917 discord.voice.gateway DEBUG Sending voice websocket frame: {'op': 3, 'd': {'t': 1776692270917, 'seq_ack': 7}}.
2026-04-20 14:37:50,917 discord.voice.gateway DEBUG Sending voice websocket frame: {'op': 3, 'd': {'t': 1776692270917, 'seq_ack': 7}}.
2026-04-20 14:37:50,917 discord.voice.gateway DEBUG Sending voice websocket frame: {'op': 3, 'd': {'t': 1776692270917, 'seq_ack': 7}}.
2026-04-20 14:37:50,917 discord.voice.gateway DEBUG Sending voice websocket frame: {'op': 3, 'd': {'t': 1776692270917, 'seq_ack': 7}}.
2026-04-20 14:37:50,930 discord.voice.gateway DEBUG Received text payload: {"op":6,"d":{"t":1776692270917}}
2026-04-20 14:37:50,930 discord.voice.gateway DEBUG Received text payload: {"op":6,"d":{"t":1776692270917}}
2026-04-20 14:37:50,930 discord.voice.gateway DEBUG Received text payload: {"op":6,"d":{"t":1776692270917}}
2026-04-20 14:37:50,930 discord.voice.gateway DEBUG Received text payload: {"op":6,"d":{"t":1776692270917}}
2026-04-20 14:37:50,930 discord.voice.gateway DEBUG Voice websocket frame received: {'op': 6, 'd': {'t': 1776692270917}}
2026-04-20 14:37:50,930 discord.voice.gateway DEBUG Voice websocket frame received: {'op': 6, 'd': {'t': 1776692270917}}
2026-04-20 14:37:50,930 discord.voice.gateway DEBUG Voice websocket frame received: {'op': 6, 'd': {'t': 1776692270917}}
2026-04-20 14:37:50,930 discord.voice.gateway DEBUG Voice websocket frame received: {'op': 6, 'd': {'t': 1776692270917}}
2026-04-20 14:37:55,928 discord.voice.gateway DEBUG Sending voice websocket frame: {'op': 3, 'd': {'t': 1776692275928, 'seq_ack': 7}}.
2026-04-20 14:37:55,928 discord.voice.gateway DEBUG Sending voice websocket frame: {'op': 3, 'd': {'t': 1776692275928, 'seq_ack': 7}}.
2026-04-20 14:37:55,928 discord.voice.gateway DEBUG Sending voice websocket frame: {'op': 3, 'd': {'t': 1776692275928, 'seq_ack': 7}}.
2026-04-20 14:37:55,928 discord.voice.gateway DEBUG Sending voice websocket frame: {'op': 3, 'd': {'t': 1776692275928, 'seq_ack': 7}}.
2026-04-20 14:37:55,942 discord.voice.gateway DEBUG Received text payload: {"op":6,"d":{"t":1776692275928}}
2026-04-20 14:37:55,942 discord.voice.gateway DEBUG Received text payload: {"op":6,"d":{"t":1776692275928}}
2026-04-20 14:37:55,942 discord.voice.gateway DEBUG Received text payload: {"op":6,"d":{"t":1776692275928}}
2026-04-20 14:37:55,942 discord.voice.gateway DEBUG Received text payload: {"op":6,"d":{"t":1776692275928}}
2026-04-20 14:37:55,942 discord.voice.gateway DEBUG Voice websocket frame received: {'op': 6, 'd': {'t': 1776692275928}}
2026-04-20 14:37:55,942 discord.voice.gateway DEBUG Voice websocket frame received: {'op': 6, 'd': {'t': 1776692275928}}
2026-04-20 14:37:55,942 discord.voice.gateway DEBUG Voice websocket frame received: {'op': 6, 'd': {'t': 1776692275928}}
2026-04-20 14:37:55,942 discord.voice.gateway DEBUG Voice websocket frame received: {'op': 6, 'd': {'t': 1776692275928}}
2026-04-20 14:38:00,930 discord.voice.gateway DEBUG Sending voice websocket frame: {'op': 3, 'd': {'t': 1776692280930, 'seq_ack': 7}}.
2026-04-20 14:38:00,930 discord.voice.gateway DEBUG Sending voice websocket frame: {'op': 3, 'd': {'t': 1776692280930, 'seq_ack': 7}}.
2026-04-20 14:38:00,930 discord.voice.gateway DEBUG Sending voice websocket frame: {'op': 3, 'd': {'t': 1776692280930, 'seq_ack': 7}}.
2026-04-20 14:38:00,930 discord.voice.gateway DEBUG Sending voice websocket frame: {'op': 3, 'd': {'t': 1776692280930, 'seq_ack': 7}}.
2026-04-20 14:38:00,948 discord.voice.gateway DEBUG Received text payload: {"op":6,"d":{"t":1776692280930}}
2026-04-20 14:38:00,948 discord.voice.gateway DEBUG Received text payload: {"op":6,"d":{"t":1776692280930}}
2026-04-20 14:38:00,948 discord.voice.gateway DEBUG Received text payload: {"op":6,"d":{"t":1776692280930}}
2026-04-20 14:38:00,948 discord.voice.gateway DEBUG Received text payload: {"op":6,"d":{"t":1776692280930}}
2026-04-20 14:38:00,948 discord.voice.gateway DEBUG Voice websocket frame received: {'op': 6, 'd': {'t': 1776692280930}}
2026-04-20 14:38:00,948 discord.voice.gateway DEBUG Voice websocket frame received: {'op': 6, 'd': {'t': 1776692280930}}
2026-04-20 14:38:00,948 discord.voice.gateway DEBUG Voice websocket frame received: {'op': 6, 'd': {'t': 1776692280930}}
2026-04-20 14:38:00,948 discord.voice.gateway DEBUG Voice websocket frame received: {'op': 6, 'd': {'t': 1776692280930}}
2026-04-20 14:38:05,944 discord.voice.gateway DEBUG Sending voice websocket frame: {'op': 3, 'd': {'t': 1776692285944, 'seq_ack': 7}}.
2026-04-20 14:38:05,944 discord.voice.gateway DEBUG Sending voice websocket frame: {'op': 3, 'd': {'t': 1776692285944, 'seq_ack': 7}}.
2026-04-20 14:38:05,944 discord.voice.gateway DEBUG Sending voice websocket frame: {'op': 3, 'd': {'t': 1776692285944, 'seq_ack': 7}}.
2026-04-20 14:38:05,944 discord.voice.gateway DEBUG Sending voice websocket frame: {'op': 3, 'd': {'t': 1776692285944, 'seq_ack': 7}}.
2026-04-20 14:38:05,957 discord.voice.gateway DEBUG Received text payload: {"op":6,"d":{"t":1776692285944}}
2026-04-20 14:38:05,957 discord.voice.gateway DEBUG Received text payload: {"op":6,"d":{"t":1776692285944}}
2026-04-20 14:38:05,957 discord.voice.gateway DEBUG Received text payload: {"op":6,"d":{"t":1776692285944}}
2026-04-20 14:38:05,957 discord.voice.gateway DEBUG Received text payload: {"op":6,"d":{"t":1776692285944}}
2026-04-20 14:38:05,957 discord.voice.gateway DEBUG Voice websocket frame received: {'op': 6, 'd': {'t': 1776692285944}}
2026-04-20 14:38:05,957 discord.voice.gateway DEBUG Voice websocket frame received: {'op': 6, 'd': {'t': 1776692285944}}
2026-04-20 14:38:05,957 discord.voice.gateway DEBUG Voice websocket frame received: {'op': 6, 'd': {'t': 1776692285944}}
2026-04-20 14:38:05,957 discord.voice.gateway DEBUG Voice websocket frame received: {'op': 6, 'd': {'t': 1776692285944}}
2026-04-20 14:38:10,955 discord.voice.gateway DEBUG Sending voice websocket frame: {'op': 3, 'd': {'t': 1776692290955, 'seq_ack': 7}}.
2026-04-20 14:38:10,955 discord.voice.gateway DEBUG Sending voice websocket frame: {'op': 3, 'd': {'t': 1776692290955, 'seq_ack': 7}}.
2026-04-20 14:38:10,955 discord.voice.gateway DEBUG Sending voice websocket frame: {'op': 3, 'd': {'t': 1776692290955, 'seq_ack': 7}}.
2026-04-20 14:38:10,955 discord.voice.gateway DEBUG Sending voice websocket frame: {'op': 3, 'd': {'t': 1776692290955, 'seq_ack': 7}}.
2026-04-20 14:38:10,968 discord.voice.gateway DEBUG Received text payload: {"op":6,"d":{"t":1776692290955}}
2026-04-20 14:38:10,968 discord.voice.gateway DEBUG Received text payload: {"op":6,"d":{"t":1776692290955}}
2026-04-20 14:38:10,968 discord.voice.gateway DEBUG Received text payload: {"op":6,"d":{"t":1776692290955}}
2026-04-20 14:38:10,968 discord.voice.gateway DEBUG Received text payload: {"op":6,"d":{"t":1776692290955}}
2026-04-20 14:38:10,968 discord.voice.gateway DEBUG Voice websocket frame received: {'op': 6, 'd': {'t': 1776692290955}}
2026-04-20 14:38:10,968 discord.voice.gateway DEBUG Voice websocket frame received: {'op': 6, 'd': {'t': 1776692290955}}
2026-04-20 14:38:10,968 discord.voice.gateway DEBUG Voice websocket frame received: {'op': 6, 'd': {'t': 1776692290955}}
2026-04-20 14:38:10,968 discord.voice.gateway DEBUG Voice websocket frame received: {'op': 6, 'd': {'t': 1776692290955}}
2026-04-20 14:38:15,970 discord.voice.gateway DEBUG Sending voice websocket frame: {'op': 3, 'd': {'t': 1776692295970, 'seq_ack': 7}}.
2026-04-20 14:38:15,970 discord.voice.gateway DEBUG Sending voice websocket frame: {'op': 3, 'd': {'t': 1776692295970, 'seq_ack': 7}}.
2026-04-20 14:38:15,970 discord.voice.gateway DEBUG Sending voice websocket frame: {'op': 3, 'd': {'t': 1776692295970, 'seq_ack': 7}}.
2026-04-20 14:38:15,970 discord.voice.gateway DEBUG Sending voice websocket frame: {'op': 3, 'd': {'t': 1776692295970, 'seq_ack': 7}}.
2026-04-20 14:38:15,985 discord.voice.gateway DEBUG Received text payload: {"op":6,"d":{"t":1776692295970}}
2026-04-20 14:38:15,985 discord.voice.gateway DEBUG Received text payload: {"op":6,"d":{"t":1776692295970}}
2026-04-20 14:38:15,985 discord.voice.gateway DEBUG Received text payload: {"op":6,"d":{"t":1776692295970}}
2026-04-20 14:38:15,985 discord.voice.gateway DEBUG Received text payload: {"op":6,"d":{"t":1776692295970}}
2026-04-20 14:38:15,985 discord.voice.gateway DEBUG Voice websocket frame received: {'op': 6, 'd': {'t': 1776692295970}}
2026-04-20 14:38:15,985 discord.voice.gateway DEBUG Voice websocket frame received: {'op': 6, 'd': {'t': 1776692295970}}
2026-04-20 14:38:15,985 discord.voice.gateway DEBUG Voice websocket frame received: {'op': 6, 'd': {'t': 1776692295970}}
2026-04-20 14:38:15,985 discord.voice.gateway DEBUG Voice websocket frame received: {'op': 6, 'd': {'t': 1776692295970}}
2026-04-20 14:38:20,981 discord.voice.gateway DEBUG Sending voice websocket frame: {'op': 3, 'd': {'t': 1776692300981, 'seq_ack': 7}}.
2026-04-20 14:38:20,981 discord.voice.gateway DEBUG Sending voice websocket frame: {'op': 3, 'd': {'t': 1776692300981, 'seq_ack': 7}}.
2026-04-20 14:38:20,981 discord.voice.gateway DEBUG Sending voice websocket frame: {'op': 3, 'd': {'t': 1776692300981, 'seq_ack': 7}}.
2026-04-20 14:38:20,981 discord.voice.gateway DEBUG Sending voice websocket frame: {'op': 3, 'd': {'t': 1776692300981, 'seq_ack': 7}}.
2026-04-20 14:38:20,994 discord.voice.gateway DEBUG Received text payload: {"op":6,"d":{"t":1776692300981}}
2026-04-20 14:38:20,994 discord.voice.gateway DEBUG Received text payload: {"op":6,"d":{"t":1776692300981}}
2026-04-20 14:38:20,994 discord.voice.gateway DEBUG Received text payload: {"op":6,"d":{"t":1776692300981}}
2026-04-20 14:38:20,994 discord.voice.gateway DEBUG Received text payload: {"op":6,"d":{"t":1776692300981}}
2026-04-20 14:38:20,994 discord.voice.gateway DEBUG Voice websocket frame received: {'op': 6, 'd': {'t': 1776692300981}}
2026-04-20 14:38:20,994 discord.voice.gateway DEBUG Voice websocket frame received: {'op': 6, 'd': {'t': 1776692300981}}
2026-04-20 14:38:20,994 discord.voice.gateway DEBUG Voice websocket frame received: {'op': 6, 'd': {'t': 1776692300981}}
2026-04-20 14:38:20,994 discord.voice.gateway DEBUG Voice websocket frame received: {'op': 6, 'd': {'t': 1776692300981}}
2026-04-20 14:38:25,988 discord.voice.gateway DEBUG Sending voice websocket frame: {'op': 3, 'd': {'t': 1776692305988, 'seq_ack': 7}}.
2026-04-20 14:38:25,988 discord.voice.gateway DEBUG Sending voice websocket frame: {'op': 3, 'd': {'t': 1776692305988, 'seq_ack': 7}}.
2026-04-20 14:38:25,988 discord.voice.gateway DEBUG Sending voice websocket frame: {'op': 3, 'd': {'t': 1776692305988, 'seq_ack': 7}}.
2026-04-20 14:38:25,988 discord.voice.gateway DEBUG Sending voice websocket frame: {'op': 3, 'd': {'t': 1776692305988, 'seq_ack': 7}}.
2026-04-20 14:38:26,004 discord.voice.gateway DEBUG Received text payload: {"op":6,"d":{"t":1776692305988}}
2026-04-20 14:38:26,004 discord.voice.gateway DEBUG Received text payload: {"op":6,"d":{"t":1776692305988}}
2026-04-20 14:38:26,004 discord.voice.gateway DEBUG Received text payload: {"op":6,"d":{"t":1776692305988}}
2026-04-20 14:38:26,004 discord.voice.gateway DEBUG Received text payload: {"op":6,"d":{"t":1776692305988}}
2026-04-20 14:38:26,004 discord.voice.gateway DEBUG Voice websocket frame received: {'op': 6, 'd': {'t': 1776692305988}}
2026-04-20 14:38:26,004 discord.voice.gateway DEBUG Voice websocket frame received: {'op': 6, 'd': {'t': 1776692305988}}
2026-04-20 14:38:26,004 discord.voice.gateway DEBUG Voice websocket frame received: {'op': 6, 'd': {'t': 1776692305988}}
2026-04-20 14:38:26,004 discord.voice.gateway DEBUG Voice websocket frame received: {'op': 6, 'd': {'t': 1776692305988}}
2026-04-20 14:38:30,996 discord.voice.gateway DEBUG Sending voice websocket frame: {'op': 3, 'd': {'t': 1776692310996, 'seq_ack': 7}}.
2026-04-20 14:38:30,996 discord.voice.gateway DEBUG Sending voice websocket frame: {'op': 3, 'd': {'t': 1776692310996, 'seq_ack': 7}}.
2026-04-20 14:38:30,996 discord.voice.gateway DEBUG Sending voice websocket frame: {'op': 3, 'd': {'t': 1776692310996, 'seq_ack': 7}}.
2026-04-20 14:38:30,996 discord.voice.gateway DEBUG Sending voice websocket frame: {'op': 3, 'd': {'t': 1776692310996, 'seq_ack': 7}}.
2026-04-20 14:38:31,017 discord.voice.gateway DEBUG Received text payload: {"op":6,"d":{"t":1776692310996}}
2026-04-20 14:38:31,017 discord.voice.gateway DEBUG Received text payload: {"op":6,"d":{"t":1776692310996}}
2026-04-20 14:38:31,017 discord.voice.gateway DEBUG Received text payload: {"op":6,"d":{"t":1776692310996}}
2026-04-20 14:38:31,017 discord.voice.gateway DEBUG Received text payload: {"op":6,"d":{"t":1776692310996}}
2026-04-20 14:38:31,017 discord.voice.gateway DEBUG Voice websocket frame received: {'op': 6, 'd': {'t': 1776692310996}}
2026-04-20 14:38:31,017 discord.voice.gateway DEBUG Voice websocket frame received: {'op': 6, 'd': {'t': 1776692310996}}
2026-04-20 14:38:31,017 discord.voice.gateway DEBUG Voice websocket frame received: {'op': 6, 'd': {'t': 1776692310996}}
2026-04-20 14:38:31,017 discord.voice.gateway DEBUG Voice websocket frame received: {'op': 6, 'd': {'t': 1776692310996}}
2026-04-20 14:38:36,003 discord.voice.gateway DEBUG Sending voice websocket frame: {'op': 3, 'd': {'t': 1776692316003, 'seq_ack': 7}}.
2026-04-20 14:38:36,003 discord.voice.gateway DEBUG Sending voice websocket frame: {'op': 3, 'd': {'t': 1776692316003, 'seq_ack': 7}}.
2026-04-20 14:38:36,003 discord.voice.gateway DEBUG Sending voice websocket frame: {'op': 3, 'd': {'t': 1776692316003, 'seq_ack': 7}}.
2026-04-20 14:38:36,003 discord.voice.gateway DEBUG Sending voice websocket frame: {'op': 3, 'd': {'t': 1776692316003, 'seq_ack': 7}}.
2026-04-20 14:38:36,029 discord.voice.gateway DEBUG Received text payload: {"op":6,"d":{"t":1776692316003}}
2026-04-20 14:38:36,029 discord.voice.gateway DEBUG Received text payload: {"op":6,"d":{"t":1776692316003}}
2026-04-20 14:38:36,029 discord.voice.gateway DEBUG Received text payload: {"op":6,"d":{"t":1776692316003}}
2026-04-20 14:38:36,029 discord.voice.gateway DEBUG Received text payload: {"op":6,"d":{"t":1776692316003}}
2026-04-20 14:38:36,029 discord.voice.gateway DEBUG Voice websocket frame received: {'op': 6, 'd': {'t': 1776692316003}}
2026-04-20 14:38:36,029 discord.voice.gateway DEBUG Voice websocket frame received: {'op': 6, 'd': {'t': 1776692316003}}
2026-04-20 14:38:36,029 discord.voice.gateway DEBUG Voice websocket frame received: {'op': 6, 'd': {'t': 1776692316003}}
2026-04-20 14:38:36,029 discord.voice.gateway DEBUG Voice websocket frame received: {'op': 6, 'd': {'t': 1776692316003}}
2026-04-20 14:38:41,015 discord.voice.gateway DEBUG Sending voice websocket frame: {'op': 3, 'd': {'t': 1776692321015, 'seq_ack': 7}}.
2026-04-20 14:38:41,015 discord.voice.gateway DEBUG Sending voice websocket frame: {'op': 3, 'd': {'t': 1776692321015, 'seq_ack': 7}}.
2026-04-20 14:38:41,015 discord.voice.gateway DEBUG Sending voice websocket frame: {'op': 3, 'd': {'t': 1776692321015, 'seq_ack': 7}}.
2026-04-20 14:38:41,015 discord.voice.gateway DEBUG Sending voice websocket frame: {'op': 3, 'd': {'t': 1776692321015, 'seq_ack': 7}}.
2026-04-20 14:38:41,035 discord.voice.gateway DEBUG Received text payload: {"op":6,"d":{"t":1776692321015}}
2026-04-20 14:38:41,035 discord.voice.gateway DEBUG Received text payload: {"op":6,"d":{"t":1776692321015}}
2026-04-20 14:38:41,035 discord.voice.gateway DEBUG Received text payload: {"op":6,"d":{"t":1776692321015}}
2026-04-20 14:38:41,035 discord.voice.gateway DEBUG Received text payload: {"op":6,"d":{"t":1776692321015}}
2026-04-20 14:38:41,035 discord.voice.gateway DEBUG Voice websocket frame received: {'op': 6, 'd': {'t': 1776692321015}}
2026-04-20 14:38:41,035 discord.voice.gateway DEBUG Voice websocket frame received: {'op': 6, 'd': {'t': 1776692321015}}
2026-04-20 14:38:41,035 discord.voice.gateway DEBUG Voice websocket frame received: {'op': 6, 'd': {'t': 1776692321015}}
2026-04-20 14:38:41,035 discord.voice.gateway DEBUG Voice websocket frame received: {'op': 6, 'd': {'t': 1776692321015}}
2026-04-20 14:38:46,016 discord.voice.gateway DEBUG Sending voice websocket frame: {'op': 3, 'd': {'t': 1776692326016, 'seq_ack': 7}}.
2026-04-20 14:38:46,016 discord.voice.gateway DEBUG Sending voice websocket frame: {'op': 3, 'd': {'t': 1776692326016, 'seq_ack': 7}}.
2026-04-20 14:38:46,016 discord.voice.gateway DEBUG Sending voice websocket frame: {'op': 3, 'd': {'t': 1776692326016, 'seq_ack': 7}}.
2026-04-20 14:38:46,016 discord.voice.gateway DEBUG Sending voice websocket frame: {'op': 3, 'd': {'t': 1776692326016, 'seq_ack': 7}}.
2026-04-20 14:38:46,033 discord.voice.gateway DEBUG Received text payload: {"op":6,"d":{"t":1776692326016}}
2026-04-20 14:38:46,033 discord.voice.gateway DEBUG Received text payload: {"op":6,"d":{"t":1776692326016}}
2026-04-20 14:38:46,033 discord.voice.gateway DEBUG Received text payload: {"op":6,"d":{"t":1776692326016}}
2026-04-20 14:38:46,033 discord.voice.gateway DEBUG Received text payload: {"op":6,"d":{"t":1776692326016}}
2026-04-20 14:38:46,033 discord.voice.gateway DEBUG Voice websocket frame received: {'op': 6, 'd': {'t': 1776692326016}}
2026-04-20 14:38:46,033 discord.voice.gateway DEBUG Voice websocket frame received: {'op': 6, 'd': {'t': 1776692326016}}
2026-04-20 14:38:46,033 discord.voice.gateway DEBUG Voice websocket frame received: {'op': 6, 'd': {'t': 1776692326016}}
2026-04-20 14:38:46,033 discord.voice.gateway DEBUG Voice websocket frame received: {'op': 6, 'd': {'t': 1776692326016}}
2026-04-20 14:38:51,017 discord.voice.gateway DEBUG Sending voice websocket frame: {'op': 3, 'd': {'t': 1776692331017, 'seq_ack': 7}}.
2026-04-20 14:38:51,017 discord.voice.gateway DEBUG Sending voice websocket frame: {'op': 3, 'd': {'t': 1776692331017, 'seq_ack': 7}}.
2026-04-20 14:38:51,017 discord.voice.gateway DEBUG Sending voice websocket frame: {'op': 3, 'd': {'t': 1776692331017, 'seq_ack': 7}}.
2026-04-20 14:38:51,017 discord.voice.gateway DEBUG Sending voice websocket frame: {'op': 3, 'd': {'t': 1776692331017, 'seq_ack': 7}}.
2026-04-20 14:38:51,029 discord.voice.gateway DEBUG Received text payload: {"op":6,"d":{"t":1776692331017}}
2026-04-20 14:38:51,029 discord.voice.gateway DEBUG Received text payload: {"op":6,"d":{"t":1776692331017}}
2026-04-20 14:38:51,029 discord.voice.gateway DEBUG Received text payload: {"op":6,"d":{"t":1776692331017}}
2026-04-20 14:38:51,029 discord.voice.gateway DEBUG Received text payload: {"op":6,"d":{"t":1776692331017}}
2026-04-20 14:38:51,029 discord.voice.gateway DEBUG Voice websocket frame received: {'op': 6, 'd': {'t': 1776692331017}}
2026-04-20 14:38:51,029 discord.voice.gateway DEBUG Voice websocket frame received: {'op': 6, 'd': {'t': 1776692331017}}
2026-04-20 14:38:51,029 discord.voice.gateway DEBUG Voice websocket frame received: {'op': 6, 'd': {'t': 1776692331017}}
2026-04-20 14:38:51,029 discord.voice.gateway DEBUG Voice websocket frame received: {'op': 6, 'd': {'t': 1776692331017}}
2026-04-20 14:38:56,028 discord.voice.gateway DEBUG Sending voice websocket frame: {'op': 3, 'd': {'t': 1776692336028, 'seq_ack': 7}}.
2026-04-20 14:38:56,028 discord.voice.gateway DEBUG Sending voice websocket frame: {'op': 3, 'd': {'t': 1776692336028, 'seq_ack': 7}}.
2026-04-20 14:38:56,028 discord.voice.gateway DEBUG Sending voice websocket frame: {'op': 3, 'd': {'t': 1776692336028, 'seq_ack': 7}}.
2026-04-20 14:38:56,028 discord.voice.gateway DEBUG Sending voice websocket frame: {'op': 3, 'd': {'t': 1776692336028, 'seq_ack': 7}}.
2026-04-20 14:38:56,042 discord.voice.gateway DEBUG Received text payload: {"op":6,"d":{"t":1776692336028}}
2026-04-20 14:38:56,042 discord.voice.gateway DEBUG Received text payload: {"op":6,"d":{"t":1776692336028}}
2026-04-20 14:38:56,042 discord.voice.gateway DEBUG Received text payload: {"op":6,"d":{"t":1776692336028}}
2026-04-20 14:38:56,042 discord.voice.gateway DEBUG Received text payload: {"op":6,"d":{"t":1776692336028}}
2026-04-20 14:38:56,042 discord.voice.gateway DEBUG Voice websocket frame received: {'op': 6, 'd': {'t': 1776692336028}}
2026-04-20 14:38:56,042 discord.voice.gateway DEBUG Voice websocket frame received: {'op': 6, 'd': {'t': 1776692336028}}
2026-04-20 14:38:56,042 discord.voice.gateway DEBUG Voice websocket frame received: {'op': 6, 'd': {'t': 1776692336028}}
2026-04-20 14:38:56,042 discord.voice.gateway DEBUG Voice websocket frame received: {'op': 6, 'd': {'t': 1776692336028}}
2026-04-20 14:39:01,037 discord.voice.gateway DEBUG Sending voice websocket frame: {'op': 3, 'd': {'t': 1776692341037, 'seq_ack': 7}}.
2026-04-20 14:39:01,037 discord.voice.gateway DEBUG Sending voice websocket frame: {'op': 3, 'd': {'t': 1776692341037, 'seq_ack': 7}}.
2026-04-20 14:39:01,037 discord.voice.gateway DEBUG Sending voice websocket frame: {'op': 3, 'd': {'t': 1776692341037, 'seq_ack': 7}}.
2026-04-20 14:39:01,037 discord.voice.gateway DEBUG Sending voice websocket frame: {'op': 3, 'd': {'t': 1776692341037, 'seq_ack': 7}}.
2026-04-20 14:39:01,049 discord.voice.gateway DEBUG Received text payload: {"op":6,"d":{"t":1776692341037}}
2026-04-20 14:39:01,049 discord.voice.gateway DEBUG Received text payload: {"op":6,"d":{"t":1776692341037}}
2026-04-20 14:39:01,049 discord.voice.gateway DEBUG Received text payload: {"op":6,"d":{"t":1776692341037}}
2026-04-20 14:39:01,049 discord.voice.gateway DEBUG Received text payload: {"op":6,"d":{"t":1776692341037}}
2026-04-20 14:39:01,049 discord.voice.gateway DEBUG Voice websocket frame received: {'op': 6, 'd': {'t': 1776692341037}}
2026-04-20 14:39:01,049 discord.voice.gateway DEBUG Voice websocket frame received: {'op': 6, 'd': {'t': 1776692341037}}
2026-04-20 14:39:01,049 discord.voice.gateway DEBUG Voice websocket frame received: {'op': 6, 'd': {'t': 1776692341037}}
2026-04-20 14:39:01,049 discord.voice.gateway DEBUG Voice websocket frame received: {'op': 6, 'd': {'t': 1776692341037}}
2026-04-20 14:39:06,051 discord.voice.gateway DEBUG Sending voice websocket frame: {'op': 3, 'd': {'t': 1776692346051, 'seq_ack': 7}}.
2026-04-20 14:39:06,051 discord.voice.gateway DEBUG Sending voice websocket frame: {'op': 3, 'd': {'t': 1776692346051, 'seq_ack': 7}}.
2026-04-20 14:39:06,051 discord.voice.gateway DEBUG Sending voice websocket frame: {'op': 3, 'd': {'t': 1776692346051, 'seq_ack': 7}}.
2026-04-20 14:39:06,051 discord.voice.gateway DEBUG Sending voice websocket frame: {'op': 3, 'd': {'t': 1776692346051, 'seq_ack': 7}}.
2026-04-20 14:39:06,064 discord.voice.gateway DEBUG Received text payload: {"op":6,"d":{"t":1776692346051}}
2026-04-20 14:39:06,064 discord.voice.gateway DEBUG Received text payload: {"op":6,"d":{"t":1776692346051}}
2026-04-20 14:39:06,064 discord.voice.gateway DEBUG Received text payload: {"op":6,"d":{"t":1776692346051}}
2026-04-20 14:39:06,064 discord.voice.gateway DEBUG Received text payload: {"op":6,"d":{"t":1776692346051}}
2026-04-20 14:39:06,065 discord.voice.gateway DEBUG Voice websocket frame received: {'op': 6, 'd': {'t': 1776692346051}}
2026-04-20 14:39:06,065 discord.voice.gateway DEBUG Voice websocket frame received: {'op': 6, 'd': {'t': 1776692346051}}
2026-04-20 14:39:06,065 discord.voice.gateway DEBUG Voice websocket frame received: {'op': 6, 'd': {'t': 1776692346051}}
2026-04-20 14:39:06,065 discord.voice.gateway DEBUG Voice websocket frame received: {'op': 6, 'd': {'t': 1776692346051}}
2026-04-20 14:39:11,062 discord.voice.gateway DEBUG Sending voice websocket frame: {'op': 3, 'd': {'t': 1776692351062, 'seq_ack': 7}}.
2026-04-20 14:39:11,062 discord.voice.gateway DEBUG Sending voice websocket frame: {'op': 3, 'd': {'t': 1776692351062, 'seq_ack': 7}}.
2026-04-20 14:39:11,062 discord.voice.gateway DEBUG Sending voice websocket frame: {'op': 3, 'd': {'t': 1776692351062, 'seq_ack': 7}}.
2026-04-20 14:39:11,062 discord.voice.gateway DEBUG Sending voice websocket frame: {'op': 3, 'd': {'t': 1776692351062, 'seq_ack': 7}}.
2026-04-20 14:39:11,075 discord.voice.gateway DEBUG Received text payload: {"op":6,"d":{"t":1776692351062}}
2026-04-20 14:39:11,075 discord.voice.gateway DEBUG Received text payload: {"op":6,"d":{"t":1776692351062}}
2026-04-20 14:39:11,075 discord.voice.gateway DEBUG Received text payload: {"op":6,"d":{"t":1776692351062}}
2026-04-20 14:39:11,075 discord.voice.gateway DEBUG Received text payload: {"op":6,"d":{"t":1776692351062}}
2026-04-20 14:39:11,075 discord.voice.gateway DEBUG Voice websocket frame received: {'op': 6, 'd': {'t': 1776692351062}}
2026-04-20 14:39:11,075 discord.voice.gateway DEBUG Voice websocket frame received: {'op': 6, 'd': {'t': 1776692351062}}
2026-04-20 14:39:11,075 discord.voice.gateway DEBUG Voice websocket frame received: {'op': 6, 'd': {'t': 1776692351062}}
2026-04-20 14:39:11,075 discord.voice.gateway DEBUG Voice websocket frame received: {'op': 6, 'd': {'t': 1776692351062}}
2026-04-20 14:39:16,071 discord.voice.gateway DEBUG Sending voice websocket frame: {'op': 3, 'd': {'t': 1776692356071, 'seq_ack': 7}}.
2026-04-20 14:39:16,071 discord.voice.gateway DEBUG Sending voice websocket frame: {'op': 3, 'd': {'t': 1776692356071, 'seq_ack': 7}}.
2026-04-20 14:39:16,071 discord.voice.gateway DEBUG Sending voice websocket frame: {'op': 3, 'd': {'t': 1776692356071, 'seq_ack': 7}}.
2026-04-20 14:39:16,071 discord.voice.gateway DEBUG Sending voice websocket frame: {'op': 3, 'd': {'t': 1776692356071, 'seq_ack': 7}}.
2026-04-20 14:39:16,092 discord.voice.gateway DEBUG Received text payload: {"op":6,"d":{"t":1776692356071}}
2026-04-20 14:39:16,092 discord.voice.gateway DEBUG Received text payload: {"op":6,"d":{"t":1776692356071}}
2026-04-20 14:39:16,092 discord.voice.gateway DEBUG Received text payload: {"op":6,"d":{"t":1776692356071}}
2026-04-20 14:39:16,092 discord.voice.gateway DEBUG Received text payload: {"op":6,"d":{"t":1776692356071}}
2026-04-20 14:39:16,092 discord.voice.gateway DEBUG Voice websocket frame received: {'op': 6, 'd': {'t': 1776692356071}}
2026-04-20 14:39:16,092 discord.voice.gateway DEBUG Voice websocket frame received: {'op': 6, 'd': {'t': 1776692356071}}
2026-04-20 14:39:16,092 discord.voice.gateway DEBUG Voice websocket frame received: {'op': 6, 'd': {'t': 1776692356071}}
2026-04-20 14:39:16,092 discord.voice.gateway DEBUG Voice websocket frame received: {'op': 6, 'd': {'t': 1776692356071}}
2026-04-20 14:39:21,072 discord.voice.gateway DEBUG Sending voice websocket frame: {'op': 3, 'd': {'t': 1776692361072, 'seq_ack': 7}}.
2026-04-20 14:39:21,072 discord.voice.gateway DEBUG Sending voice websocket frame: {'op': 3, 'd': {'t': 1776692361072, 'seq_ack': 7}}.
2026-04-20 14:39:21,072 discord.voice.gateway DEBUG Sending voice websocket frame: {'op': 3, 'd': {'t': 1776692361072, 'seq_ack': 7}}.
2026-04-20 14:39:21,072 discord.voice.gateway DEBUG Sending voice websocket frame: {'op': 3, 'd': {'t': 1776692361072, 'seq_ack': 7}}.
2026-04-20 14:39:21,085 discord.voice.gateway DEBUG Received text payload: {"op":6,"d":{"t":1776692361072}}
2026-04-20 14:39:21,085 discord.voice.gateway DEBUG Received text payload: {"op":6,"d":{"t":1776692361072}}
2026-04-20 14:39:21,085 discord.voice.gateway DEBUG Received text payload: {"op":6,"d":{"t":1776692361072}}
2026-04-20 14:39:21,085 discord.voice.gateway DEBUG Received text payload: {"op":6,"d":{"t":1776692361072}}
2026-04-20 14:39:21,086 discord.voice.gateway DEBUG Voice websocket frame received: {'op': 6, 'd': {'t': 1776692361072}}
2026-04-20 14:39:21,086 discord.voice.gateway DEBUG Voice websocket frame received: {'op': 6, 'd': {'t': 1776692361072}}
2026-04-20 14:39:21,086 discord.voice.gateway DEBUG Voice websocket frame received: {'op': 6, 'd': {'t': 1776692361072}}
2026-04-20 14:39:21,086 discord.voice.gateway DEBUG Voice websocket frame received: {'op': 6, 'd': {'t': 1776692361072}}
2026-04-20 14:39:26,085 discord.voice.gateway DEBUG Sending voice websocket frame: {'op': 3, 'd': {'t': 1776692366085, 'seq_ack': 7}}.
2026-04-20 14:39:26,085 discord.voice.gateway DEBUG Sending voice websocket frame: {'op': 3, 'd': {'t': 1776692366085, 'seq_ack': 7}}.
2026-04-20 14:39:26,085 discord.voice.gateway DEBUG Sending voice websocket frame: {'op': 3, 'd': {'t': 1776692366085, 'seq_ack': 7}}.
2026-04-20 14:39:26,085 discord.voice.gateway DEBUG Sending voice websocket frame: {'op': 3, 'd': {'t': 1776692366085, 'seq_ack': 7}}.
2026-04-20 14:39:26,104 discord.voice.gateway DEBUG Received text payload: {"op":6,"d":{"t":1776692366085}}
2026-04-20 14:39:26,104 discord.voice.gateway DEBUG Received text payload: {"op":6,"d":{"t":1776692366085}}
2026-04-20 14:39:26,104 discord.voice.gateway DEBUG Received text payload: {"op":6,"d":{"t":1776692366085}}
2026-04-20 14:39:26,104 discord.voice.gateway DEBUG Received text payload: {"op":6,"d":{"t":1776692366085}}
2026-04-20 14:39:26,104 discord.voice.gateway DEBUG Voice websocket frame received: {'op': 6, 'd': {'t': 1776692366085}}
2026-04-20 14:39:26,104 discord.voice.gateway DEBUG Voice websocket frame received: {'op': 6, 'd': {'t': 1776692366085}}
2026-04-20 14:39:26,104 discord.voice.gateway DEBUG Voice websocket frame received: {'op': 6, 'd': {'t': 1776692366085}}
2026-04-20 14:39:26,104 discord.voice.gateway DEBUG Voice websocket frame received: {'op': 6, 'd': {'t': 1776692366085}}
2026-04-20 14:39:31,097 discord.voice.gateway DEBUG Sending voice websocket frame: {'op': 3, 'd': {'t': 1776692371097, 'seq_ack': 7}}.
2026-04-20 14:39:31,097 discord.voice.gateway DEBUG Sending voice websocket frame: {'op': 3, 'd': {'t': 1776692371097, 'seq_ack': 7}}.
2026-04-20 14:39:31,097 discord.voice.gateway DEBUG Sending voice websocket frame: {'op': 3, 'd': {'t': 1776692371097, 'seq_ack': 7}}.
2026-04-20 14:39:31,097 discord.voice.gateway DEBUG Sending voice websocket frame: {'op': 3, 'd': {'t': 1776692371097, 'seq_ack': 7}}.
2026-04-20 14:39:31,115 discord.voice.gateway DEBUG Received text payload: {"op":6,"d":{"t":1776692371097}}
2026-04-20 14:39:31,115 discord.voice.gateway DEBUG Received text payload: {"op":6,"d":{"t":1776692371097}}
2026-04-20 14:39:31,115 discord.voice.gateway DEBUG Received text payload: {"op":6,"d":{"t":1776692371097}}
2026-04-20 14:39:31,115 discord.voice.gateway DEBUG Received text payload: {"op":6,"d":{"t":1776692371097}}
2026-04-20 14:39:31,115 discord.voice.gateway DEBUG Voice websocket frame received: {'op': 6, 'd': {'t': 1776692371097}}
2026-04-20 14:39:31,115 discord.voice.gateway DEBUG Voice websocket frame received: {'op': 6, 'd': {'t': 1776692371097}}
2026-04-20 14:39:31,115 discord.voice.gateway DEBUG Voice websocket frame received: {'op': 6, 'd': {'t': 1776692371097}}
2026-04-20 14:39:31,115 discord.voice.gateway DEBUG Voice websocket frame received: {'op': 6, 'd': {'t': 1776692371097}}
2026-04-20 14:39:36,105 discord.voice.gateway DEBUG Sending voice websocket frame: {'op': 3, 'd': {'t': 1776692376105, 'seq_ack': 7}}.
2026-04-20 14:39:36,105 discord.voice.gateway DEBUG Sending voice websocket frame: {'op': 3, 'd': {'t': 1776692376105, 'seq_ack': 7}}.
2026-04-20 14:39:36,105 discord.voice.gateway DEBUG Sending voice websocket frame: {'op': 3, 'd': {'t': 1776692376105, 'seq_ack': 7}}.
2026-04-20 14:39:36,105 discord.voice.gateway DEBUG Sending voice websocket frame: {'op': 3, 'd': {'t': 1776692376105, 'seq_ack': 7}}.
2026-04-20 14:39:36,120 discord.voice.gateway DEBUG Received text payload: {"op":6,"d":{"t":1776692376105}}
2026-04-20 14:39:36,120 discord.voice.gateway DEBUG Received text payload: {"op":6,"d":{"t":1776692376105}}
2026-04-20 14:39:36,120 discord.voice.gateway DEBUG Received text payload: {"op":6,"d":{"t":1776692376105}}
2026-04-20 14:39:36,120 discord.voice.gateway DEBUG Received text payload: {"op":6,"d":{"t":1776692376105}}
2026-04-20 14:39:36,120 discord.voice.gateway DEBUG Voice websocket frame received: {'op': 6, 'd': {'t': 1776692376105}}
2026-04-20 14:39:36,120 discord.voice.gateway DEBUG Voice websocket frame received: {'op': 6, 'd': {'t': 1776692376105}}
2026-04-20 14:39:36,120 discord.voice.gateway DEBUG Voice websocket frame received: {'op': 6, 'd': {'t': 1776692376105}}
2026-04-20 14:39:36,120 discord.voice.gateway DEBUG Voice websocket frame received: {'op': 6, 'd': {'t': 1776692376105}}
2026-04-20 14:39:41,120 discord.voice.gateway DEBUG Sending voice websocket frame: {'op': 3, 'd': {'t': 1776692381120, 'seq_ack': 7}}.
2026-04-20 14:39:41,120 discord.voice.gateway DEBUG Sending voice websocket frame: {'op': 3, 'd': {'t': 1776692381120, 'seq_ack': 7}}.
2026-04-20 14:39:41,120 discord.voice.gateway DEBUG Sending voice websocket frame: {'op': 3, 'd': {'t': 1776692381120, 'seq_ack': 7}}.
2026-04-20 14:39:41,120 discord.voice.gateway DEBUG Sending voice websocket frame: {'op': 3, 'd': {'t': 1776692381120, 'seq_ack': 7}}.
2026-04-20 14:39:41,132 discord.voice.gateway DEBUG Received text payload: {"op":6,"d":{"t":1776692381120}}
2026-04-20 14:39:41,132 discord.voice.gateway DEBUG Received text payload: {"op":6,"d":{"t":1776692381120}}
2026-04-20 14:39:41,132 discord.voice.gateway DEBUG Received text payload: {"op":6,"d":{"t":1776692381120}}
2026-04-20 14:39:41,132 discord.voice.gateway DEBUG Received text payload: {"op":6,"d":{"t":1776692381120}}
2026-04-20 14:39:41,132 discord.voice.gateway DEBUG Voice websocket frame received: {'op': 6, 'd': {'t': 1776692381120}}
2026-04-20 14:39:41,132 discord.voice.gateway DEBUG Voice websocket frame received: {'op': 6, 'd': {'t': 1776692381120}}
2026-04-20 14:39:41,132 discord.voice.gateway DEBUG Voice websocket frame received: {'op': 6, 'd': {'t': 1776692381120}}
2026-04-20 14:39:41,132 discord.voice.gateway DEBUG Voice websocket frame received: {'op': 6, 'd': {'t': 1776692381120}}
2026-04-20 14:39:46,120 discord.voice.gateway DEBUG Sending voice websocket frame: {'op': 3, 'd': {'t': 1776692386120, 'seq_ack': 7}}.
2026-04-20 14:39:46,120 discord.voice.gateway DEBUG Sending voice websocket frame: {'op': 3, 'd': {'t': 1776692386120, 'seq_ack': 7}}.
2026-04-20 14:39:46,120 discord.voice.gateway DEBUG Sending voice websocket frame: {'op': 3, 'd': {'t': 1776692386120, 'seq_ack': 7}}.
2026-04-20 14:39:46,120 discord.voice.gateway DEBUG Sending voice websocket frame: {'op': 3, 'd': {'t': 1776692386120, 'seq_ack': 7}}.
2026-04-20 14:39:46,134 discord.voice.gateway DEBUG Received text payload: {"op":6,"d":{"t":1776692386120}}
2026-04-20 14:39:46,134 discord.voice.gateway DEBUG Received text payload: {"op":6,"d":{"t":1776692386120}}
2026-04-20 14:39:46,134 discord.voice.gateway DEBUG Received text payload: {"op":6,"d":{"t":1776692386120}}
2026-04-20 14:39:46,134 discord.voice.gateway DEBUG Received text payload: {"op":6,"d":{"t":1776692386120}}
2026-04-20 14:39:46,134 discord.voice.gateway DEBUG Voice websocket frame received: {'op': 6, 'd': {'t': 1776692386120}}
2026-04-20 14:39:46,134 discord.voice.gateway DEBUG Voice websocket frame received: {'op': 6, 'd': {'t': 1776692386120}}
2026-04-20 14:39:46,134 discord.voice.gateway DEBUG Voice websocket frame received: {'op': 6, 'd': {'t': 1776692386120}}
2026-04-20 14:39:46,134 discord.voice.gateway DEBUG Voice websocket frame received: {'op': 6, 'd': {'t': 1776692386120}}
2026-04-20 14:39:51,124 discord.voice.gateway DEBUG Sending voice websocket frame: {'op': 3, 'd': {'t': 1776692391124, 'seq_ack': 7}}.
2026-04-20 14:39:51,124 discord.voice.gateway DEBUG Sending voice websocket frame: {'op': 3, 'd': {'t': 1776692391124, 'seq_ack': 7}}.
2026-04-20 14:39:51,124 discord.voice.gateway DEBUG Sending voice websocket frame: {'op': 3, 'd': {'t': 1776692391124, 'seq_ack': 7}}.
2026-04-20 14:39:51,124 discord.voice.gateway DEBUG Sending voice websocket frame: {'op': 3, 'd': {'t': 1776692391124, 'seq_ack': 7}}.
2026-04-20 14:39:51,140 discord.voice.gateway DEBUG Received text payload: {"op":6,"d":{"t":1776692391124}}
2026-04-20 14:39:51,140 discord.voice.gateway DEBUG Received text payload: {"op":6,"d":{"t":1776692391124}}
2026-04-20 14:39:51,140 discord.voice.gateway DEBUG Received text payload: {"op":6,"d":{"t":1776692391124}}
2026-04-20 14:39:51,140 discord.voice.gateway DEBUG Received text payload: {"op":6,"d":{"t":1776692391124}}
2026-04-20 14:39:51,140 discord.voice.gateway DEBUG Voice websocket frame received: {'op': 6, 'd': {'t': 1776692391124}}
2026-04-20 14:39:51,140 discord.voice.gateway DEBUG Voice websocket frame received: {'op': 6, 'd': {'t': 1776692391124}}
2026-04-20 14:39:51,140 discord.voice.gateway DEBUG Voice websocket frame received: {'op': 6, 'd': {'t': 1776692391124}}
2026-04-20 14:39:51,140 discord.voice.gateway DEBUG Voice websocket frame received: {'op': 6, 'd': {'t': 1776692391124}}
2026-04-20 14:39:56,128 discord.voice.gateway DEBUG Sending voice websocket frame: {'op': 3, 'd': {'t': 1776692396127, 'seq_ack': 7}}.
2026-04-20 14:39:56,128 discord.voice.gateway DEBUG Sending voice websocket frame: {'op': 3, 'd': {'t': 1776692396127, 'seq_ack': 7}}.
2026-04-20 14:39:56,128 discord.voice.gateway DEBUG Sending voice websocket frame: {'op': 3, 'd': {'t': 1776692396127, 'seq_ack': 7}}.
2026-04-20 14:39:56,128 discord.voice.gateway DEBUG Sending voice websocket frame: {'op': 3, 'd': {'t': 1776692396127, 'seq_ack': 7}}.
2026-04-20 14:39:56,141 discord.voice.gateway DEBUG Received text payload: {"op":6,"d":{"t":1776692396127}}
2026-04-20 14:39:56,141 discord.voice.gateway DEBUG Received text payload: {"op":6,"d":{"t":1776692396127}}
2026-04-20 14:39:56,141 discord.voice.gateway DEBUG Received text payload: {"op":6,"d":{"t":1776692396127}}
2026-04-20 14:39:56,141 discord.voice.gateway DEBUG Received text payload: {"op":6,"d":{"t":1776692396127}}
2026-04-20 14:39:56,141 discord.voice.gateway DEBUG Voice websocket frame received: {'op': 6, 'd': {'t': 1776692396127}}
2026-04-20 14:39:56,141 discord.voice.gateway DEBUG Voice websocket frame received: {'op': 6, 'd': {'t': 1776692396127}}
2026-04-20 14:39:56,141 discord.voice.gateway DEBUG Voice websocket frame received: {'op': 6, 'd': {'t': 1776692396127}}
2026-04-20 14:39:56,141 discord.voice.gateway DEBUG Voice websocket frame received: {'op': 6, 'd': {'t': 1776692396127}}
2026-04-20 14:40:01,140 discord.voice.gateway DEBUG Sending voice websocket frame: {'op': 3, 'd': {'t': 1776692401140, 'seq_ack': 7}}.
2026-04-20 14:40:01,140 discord.voice.gateway DEBUG Sending voice websocket frame: {'op': 3, 'd': {'t': 1776692401140, 'seq_ack': 7}}.
2026-04-20 14:40:01,140 discord.voice.gateway DEBUG Sending voice websocket frame: {'op': 3, 'd': {'t': 1776692401140, 'seq_ack': 7}}.
2026-04-20 14:40:01,140 discord.voice.gateway DEBUG Sending voice websocket frame: {'op': 3, 'd': {'t': 1776692401140, 'seq_ack': 7}}.
2026-04-20 14:40:01,157 discord.voice.gateway DEBUG Received text payload: {"op":6,"d":{"t":1776692401140}}
2026-04-20 14:40:01,157 discord.voice.gateway DEBUG Received text payload: {"op":6,"d":{"t":1776692401140}}
2026-04-20 14:40:01,157 discord.voice.gateway DEBUG Received text payload: {"op":6,"d":{"t":1776692401140}}
2026-04-20 14:40:01,157 discord.voice.gateway DEBUG Received text payload: {"op":6,"d":{"t":1776692401140}}
2026-04-20 14:40:01,157 discord.voice.gateway DEBUG Voice websocket frame received: {'op': 6, 'd': {'t': 1776692401140}}
2026-04-20 14:40:01,157 discord.voice.gateway DEBUG Voice websocket frame received: {'op': 6, 'd': {'t': 1776692401140}}
2026-04-20 14:40:01,157 discord.voice.gateway DEBUG Voice websocket frame received: {'op': 6, 'd': {'t': 1776692401140}}
2026-04-20 14:40:01,157 discord.voice.gateway DEBUG Voice websocket frame received: {'op': 6, 'd': {'t': 1776692401140}}
2026-04-20 14:40:06,149 discord.voice.gateway DEBUG Sending voice websocket frame: {'op': 3, 'd': {'t': 1776692406149, 'seq_ack': 7}}.
2026-04-20 14:40:06,149 discord.voice.gateway DEBUG Sending voice websocket frame: {'op': 3, 'd': {'t': 1776692406149, 'seq_ack': 7}}.
2026-04-20 14:40:06,149 discord.voice.gateway DEBUG Sending voice websocket frame: {'op': 3, 'd': {'t': 1776692406149, 'seq_ack': 7}}.
2026-04-20 14:40:06,149 discord.voice.gateway DEBUG Sending voice websocket frame: {'op': 3, 'd': {'t': 1776692406149, 'seq_ack': 7}}.
2026-04-20 14:40:06,164 discord.voice.gateway DEBUG Received text payload: {"op":6,"d":{"t":1776692406149}}
2026-04-20 14:40:06,164 discord.voice.gateway DEBUG Received text payload: {"op":6,"d":{"t":1776692406149}}
2026-04-20 14:40:06,164 discord.voice.gateway DEBUG Received text payload: {"op":6,"d":{"t":1776692406149}}
2026-04-20 14:40:06,164 discord.voice.gateway DEBUG Received text payload: {"op":6,"d":{"t":1776692406149}}
2026-04-20 14:40:06,165 discord.voice.gateway DEBUG Voice websocket frame received: {'op': 6, 'd': {'t': 1776692406149}}
2026-04-20 14:40:06,165 discord.voice.gateway DEBUG Voice websocket frame received: {'op': 6, 'd': {'t': 1776692406149}}
2026-04-20 14:40:06,165 discord.voice.gateway DEBUG Voice websocket frame received: {'op': 6, 'd': {'t': 1776692406149}}
2026-04-20 14:40:06,165 discord.voice.gateway DEBUG Voice websocket frame received: {'op': 6, 'd': {'t': 1776692406149}}
2026-04-20 14:40:11,151 discord.voice.gateway DEBUG Sending voice websocket frame: {'op': 3, 'd': {'t': 1776692411151, 'seq_ack': 7}}.
2026-04-20 14:40:11,151 discord.voice.gateway DEBUG Sending voice websocket frame: {'op': 3, 'd': {'t': 1776692411151, 'seq_ack': 7}}.
2026-04-20 14:40:11,151 discord.voice.gateway DEBUG Sending voice websocket frame: {'op': 3, 'd': {'t': 1776692411151, 'seq_ack': 7}}.
2026-04-20 14:40:11,151 discord.voice.gateway DEBUG Sending voice websocket frame: {'op': 3, 'd': {'t': 1776692411151, 'seq_ack': 7}}.
2026-04-20 14:40:11,166 discord.voice.gateway DEBUG Received text payload: {"op":6,"d":{"t":1776692411151}}
2026-04-20 14:40:11,166 discord.voice.gateway DEBUG Received text payload: {"op":6,"d":{"t":1776692411151}}
2026-04-20 14:40:11,166 discord.voice.gateway DEBUG Received text payload: {"op":6,"d":{"t":1776692411151}}
2026-04-20 14:40:11,166 discord.voice.gateway DEBUG Received text payload: {"op":6,"d":{"t":1776692411151}}
2026-04-20 14:40:11,166 discord.voice.gateway DEBUG Voice websocket frame received: {'op': 6, 'd': {'t': 1776692411151}}
2026-04-20 14:40:11,166 discord.voice.gateway DEBUG Voice websocket frame received: {'op': 6, 'd': {'t': 1776692411151}}
2026-04-20 14:40:11,166 discord.voice.gateway DEBUG Voice websocket frame received: {'op': 6, 'd': {'t': 1776692411151}}
2026-04-20 14:40:11,166 discord.voice.gateway DEBUG Voice websocket frame received: {'op': 6, 'd': {'t': 1776692411151}}
2026-04-20 14:40:16,164 discord.voice.gateway DEBUG Sending voice websocket frame: {'op': 3, 'd': {'t': 1776692416164, 'seq_ack': 7}}.
2026-04-20 14:40:16,164 discord.voice.gateway DEBUG Sending voice websocket frame: {'op': 3, 'd': {'t': 1776692416164, 'seq_ack': 7}}.
2026-04-20 14:40:16,164 discord.voice.gateway DEBUG Sending voice websocket frame: {'op': 3, 'd': {'t': 1776692416164, 'seq_ack': 7}}.
2026-04-20 14:40:16,164 discord.voice.gateway DEBUG Sending voice websocket frame: {'op': 3, 'd': {'t': 1776692416164, 'seq_ack': 7}}.
2026-04-20 14:40:16,189 discord.voice.gateway DEBUG Received text payload: {"op":6,"d":{"t":1776692416164}}
2026-04-20 14:40:16,189 discord.voice.gateway DEBUG Received text payload: {"op":6,"d":{"t":1776692416164}}
2026-04-20 14:40:16,189 discord.voice.gateway DEBUG Received text payload: {"op":6,"d":{"t":1776692416164}}
2026-04-20 14:40:16,189 discord.voice.gateway DEBUG Received text payload: {"op":6,"d":{"t":1776692416164}}
2026-04-20 14:40:16,189 discord.voice.gateway DEBUG Voice websocket frame received: {'op': 6, 'd': {'t': 1776692416164}}
2026-04-20 14:40:16,189 discord.voice.gateway DEBUG Voice websocket frame received: {'op': 6, 'd': {'t': 1776692416164}}
2026-04-20 14:40:16,189 discord.voice.gateway DEBUG Voice websocket frame received: {'op': 6, 'd': {'t': 1776692416164}}
2026-04-20 14:40:16,189 discord.voice.gateway DEBUG Voice websocket frame received: {'op': 6, 'd': {'t': 1776692416164}}
2026-04-20 14:40:21,170 discord.voice.gateway DEBUG Sending voice websocket frame: {'op': 3, 'd': {'t': 1776692421170, 'seq_ack': 7}}.
2026-04-20 14:40:21,170 discord.voice.gateway DEBUG Sending voice websocket frame: {'op': 3, 'd': {'t': 1776692421170, 'seq_ack': 7}}.
2026-04-20 14:40:21,170 discord.voice.gateway DEBUG Sending voice websocket frame: {'op': 3, 'd': {'t': 1776692421170, 'seq_ack': 7}}.
2026-04-20 14:40:21,170 discord.voice.gateway DEBUG Sending voice websocket frame: {'op': 3, 'd': {'t': 1776692421170, 'seq_ack': 7}}.
2026-04-20 14:40:21,183 discord.voice.gateway DEBUG Received text payload: {"op":6,"d":{"t":1776692421170}}
2026-04-20 14:40:21,183 discord.voice.gateway DEBUG Received text payload: {"op":6,"d":{"t":1776692421170}}
2026-04-20 14:40:21,183 discord.voice.gateway DEBUG Received text payload: {"op":6,"d":{"t":1776692421170}}
2026-04-20 14:40:21,183 discord.voice.gateway DEBUG Received text payload: {"op":6,"d":{"t":1776692421170}}
2026-04-20 14:40:21,183 discord.voice.gateway DEBUG Voice websocket frame received: {'op': 6, 'd': {'t': 1776692421170}}
2026-04-20 14:40:21,183 discord.voice.gateway DEBUG Voice websocket frame received: {'op': 6, 'd': {'t': 1776692421170}}
2026-04-20 14:40:21,183 discord.voice.gateway DEBUG Voice websocket frame received: {'op': 6, 'd': {'t': 1776692421170}}
2026-04-20 14:40:21,183 discord.voice.gateway DEBUG Voice websocket frame received: {'op': 6, 'd': {'t': 1776692421170}}
2026-04-20 14:40:26,183 discord.voice.gateway DEBUG Sending voice websocket frame: {'op': 3, 'd': {'t': 1776692426183, 'seq_ack': 7}}.
2026-04-20 14:40:26,183 discord.voice.gateway DEBUG Sending voice websocket frame: {'op': 3, 'd': {'t': 1776692426183, 'seq_ack': 7}}.
2026-04-20 14:40:26,183 discord.voice.gateway DEBUG Sending voice websocket frame: {'op': 3, 'd': {'t': 1776692426183, 'seq_ack': 7}}.
2026-04-20 14:40:26,183 discord.voice.gateway DEBUG Sending voice websocket frame: {'op': 3, 'd': {'t': 1776692426183, 'seq_ack': 7}}.
2026-04-20 14:40:26,197 discord.voice.gateway DEBUG Received text payload: {"op":6,"d":{"t":1776692426183}}
2026-04-20 14:40:26,197 discord.voice.gateway DEBUG Received text payload: {"op":6,"d":{"t":1776692426183}}
2026-04-20 14:40:26,197 discord.voice.gateway DEBUG Received text payload: {"op":6,"d":{"t":1776692426183}}
2026-04-20 14:40:26,197 discord.voice.gateway DEBUG Received text payload: {"op":6,"d":{"t":1776692426183}}
2026-04-20 14:40:26,197 discord.voice.gateway DEBUG Voice websocket frame received: {'op': 6, 'd': {'t': 1776692426183}}
2026-04-20 14:40:26,197 discord.voice.gateway DEBUG Voice websocket frame received: {'op': 6, 'd': {'t': 1776692426183}}
2026-04-20 14:40:26,197 discord.voice.gateway DEBUG Voice websocket frame received: {'op': 6, 'd': {'t': 1776692426183}}
2026-04-20 14:40:26,197 discord.voice.gateway DEBUG Voice websocket frame received: {'op': 6, 'd': {'t': 1776692426183}}
2026-04-20 14:40:31,191 discord.voice.gateway DEBUG Sending voice websocket frame: {'op': 3, 'd': {'t': 1776692431191, 'seq_ack': 7}}.
2026-04-20 14:40:31,191 discord.voice.gateway DEBUG Sending voice websocket frame: {'op': 3, 'd': {'t': 1776692431191, 'seq_ack': 7}}.
2026-04-20 14:40:31,191 discord.voice.gateway DEBUG Sending voice websocket frame: {'op': 3, 'd': {'t': 1776692431191, 'seq_ack': 7}}.
2026-04-20 14:40:31,191 discord.voice.gateway DEBUG Sending voice websocket frame: {'op': 3, 'd': {'t': 1776692431191, 'seq_ack': 7}}.
2026-04-20 14:40:31,203 discord.voice.gateway DEBUG Received text payload: {"op":6,"d":{"t":1776692431191}}
2026-04-20 14:40:31,203 discord.voice.gateway DEBUG Received text payload: {"op":6,"d":{"t":1776692431191}}
2026-04-20 14:40:31,203 discord.voice.gateway DEBUG Received text payload: {"op":6,"d":{"t":1776692431191}}
2026-04-20 14:40:31,203 discord.voice.gateway DEBUG Received text payload: {"op":6,"d":{"t":1776692431191}}
2026-04-20 14:40:31,204 discord.voice.gateway DEBUG Voice websocket frame received: {'op': 6, 'd': {'t': 1776692431191}}
2026-04-20 14:40:31,204 discord.voice.gateway DEBUG Voice websocket frame received: {'op': 6, 'd': {'t': 1776692431191}}
2026-04-20 14:40:31,204 discord.voice.gateway DEBUG Voice websocket frame received: {'op': 6, 'd': {'t': 1776692431191}}
2026-04-20 14:40:31,204 discord.voice.gateway DEBUG Voice websocket frame received: {'op': 6, 'd': {'t': 1776692431191}}
2026-04-20 14:40:32,015 discord.voice.gateway DEBUG Sending voice websocket frame: {'op': 5, 'd': {'speaking': 0, 'delay': 0}}.
2026-04-20 14:40:32,015 discord.voice.gateway DEBUG Sending voice websocket frame: {'op': 5, 'd': {'speaking': 0, 'delay': 0}}.
2026-04-20 14:40:32,015 discord.voice.gateway DEBUG Sending voice websocket frame: {'op': 5, 'd': {'speaking': 0, 'delay': 0}}.
2026-04-20 14:40:32,015 discord.voice.gateway DEBUG Sending voice websocket frame: {'op': 5, 'd': {'speaking': 0, 'delay': 0}}.
2026-04-20 14:40:36,204 discord.voice.gateway DEBUG Sending voice websocket frame: {'op': 3, 'd': {'t': 1776692436204, 'seq_ack': 7}}.
2026-04-20 14:40:36,204 discord.voice.gateway DEBUG Sending voice websocket frame: {'op': 3, 'd': {'t': 1776692436204, 'seq_ack': 7}}.
2026-04-20 14:40:36,204 discord.voice.gateway DEBUG Sending voice websocket frame: {'op': 3, 'd': {'t': 1776692436204, 'seq_ack': 7}}.
2026-04-20 14:40:36,204 discord.voice.gateway DEBUG Sending voice websocket frame: {'op': 3, 'd': {'t': 1776692436204, 'seq_ack': 7}}.
2026-04-20 14:40:36,238 discord.voice.gateway DEBUG Received text payload: {"op":6,"d":{"t":1776692436204}}
2026-04-20 14:40:36,238 discord.voice.gateway DEBUG Received text payload: {"op":6,"d":{"t":1776692436204}}
2026-04-20 14:40:36,238 discord.voice.gateway DEBUG Received text payload: {"op":6,"d":{"t":1776692436204}}
2026-04-20 14:40:36,238 discord.voice.gateway DEBUG Received text payload: {"op":6,"d":{"t":1776692436204}}
2026-04-20 14:40:36,238 discord.voice.gateway DEBUG Voice websocket frame received: {'op': 6, 'd': {'t': 1776692436204}}
2026-04-20 14:40:36,238 discord.voice.gateway DEBUG Voice websocket frame received: {'op': 6, 'd': {'t': 1776692436204}}
2026-04-20 14:40:36,238 discord.voice.gateway DEBUG Voice websocket frame received: {'op': 6, 'd': {'t': 1776692436204}}
2026-04-20 14:40:36,238 discord.voice.gateway DEBUG Voice websocket frame received: {'op': 6, 'd': {'t': 1776692436204}}
2026-04-20 14:40:41,205 discord.voice.gateway DEBUG Sending voice websocket frame: {'op': 3, 'd': {'t': 1776692441205, 'seq_ack': 7}}.
2026-04-20 14:40:41,205 discord.voice.gateway DEBUG Sending voice websocket frame: {'op': 3, 'd': {'t': 1776692441205, 'seq_ack': 7}}.
2026-04-20 14:40:41,205 discord.voice.gateway DEBUG Sending voice websocket frame: {'op': 3, 'd': {'t': 1776692441205, 'seq_ack': 7}}.
2026-04-20 14:40:41,205 discord.voice.gateway DEBUG Sending voice websocket frame: {'op': 3, 'd': {'t': 1776692441205, 'seq_ack': 7}}.
2026-04-20 14:40:41,227 discord.voice.gateway DEBUG Received text payload: {"op":6,"d":{"t":1776692441205}}
2026-04-20 14:40:41,227 discord.voice.gateway DEBUG Received text payload: {"op":6,"d":{"t":1776692441205}}
2026-04-20 14:40:41,227 discord.voice.gateway DEBUG Received text payload: {"op":6,"d":{"t":1776692441205}}
2026-04-20 14:40:41,227 discord.voice.gateway DEBUG Received text payload: {"op":6,"d":{"t":1776692441205}}
2026-04-20 14:40:41,227 discord.voice.gateway DEBUG Voice websocket frame received: {'op': 6, 'd': {'t': 1776692441205}}
2026-04-20 14:40:41,227 discord.voice.gateway DEBUG Voice websocket frame received: {'op': 6, 'd': {'t': 1776692441205}}
2026-04-20 14:40:41,227 discord.voice.gateway DEBUG Voice websocket frame received: {'op': 6, 'd': {'t': 1776692441205}}
2026-04-20 14:40:41,227 discord.voice.gateway DEBUG Voice websocket frame received: {'op': 6, 'd': {'t': 1776692441205}}
2026-04-20 14:40:46,212 discord.voice.gateway DEBUG Sending voice websocket frame: {'op': 3, 'd': {'t': 1776692446212, 'seq_ack': 7}}.
2026-04-20 14:40:46,212 discord.voice.gateway DEBUG Sending voice websocket frame: {'op': 3, 'd': {'t': 1776692446212, 'seq_ack': 7}}.
2026-04-20 14:40:46,212 discord.voice.gateway DEBUG Sending voice websocket frame: {'op': 3, 'd': {'t': 1776692446212, 'seq_ack': 7}}.
2026-04-20 14:40:46,212 discord.voice.gateway DEBUG Sending voice websocket frame: {'op': 3, 'd': {'t': 1776692446212, 'seq_ack': 7}}.
2026-04-20 14:40:46,225 discord.voice.gateway DEBUG Received text payload: {"op":6,"d":{"t":1776692446212}}
2026-04-20 14:40:46,225 discord.voice.gateway DEBUG Received text payload: {"op":6,"d":{"t":1776692446212}}
2026-04-20 14:40:46,225 discord.voice.gateway DEBUG Received text payload: {"op":6,"d":{"t":1776692446212}}
2026-04-20 14:40:46,225 discord.voice.gateway DEBUG Received text payload: {"op":6,"d":{"t":1776692446212}}
2026-04-20 14:40:46,225 discord.voice.gateway DEBUG Voice websocket frame received: {'op': 6, 'd': {'t': 1776692446212}}
2026-04-20 14:40:46,225 discord.voice.gateway DEBUG Voice websocket frame received: {'op': 6, 'd': {'t': 1776692446212}}
2026-04-20 14:40:46,225 discord.voice.gateway DEBUG Voice websocket frame received: {'op': 6, 'd': {'t': 1776692446212}}
2026-04-20 14:40:46,225 discord.voice.gateway DEBUG Voice websocket frame received: {'op': 6, 'd': {'t': 1776692446212}}
2026-04-20 14:40:51,214 discord.voice.gateway DEBUG Sending voice websocket frame: {'op': 3, 'd': {'t': 1776692451214, 'seq_ack': 7}}.
2026-04-20 14:40:51,214 discord.voice.gateway DEBUG Sending voice websocket frame: {'op': 3, 'd': {'t': 1776692451214, 'seq_ack': 7}}.
2026-04-20 14:40:51,214 discord.voice.gateway DEBUG Sending voice websocket frame: {'op': 3, 'd': {'t': 1776692451214, 'seq_ack': 7}}.
2026-04-20 14:40:51,214 discord.voice.gateway DEBUG Sending voice websocket frame: {'op': 3, 'd': {'t': 1776692451214, 'seq_ack': 7}}.
2026-04-20 14:40:51,233 discord.voice.gateway DEBUG Received text payload: {"op":6,"d":{"t":1776692451214}}
2026-04-20 14:40:51,233 discord.voice.gateway DEBUG Received text payload: {"op":6,"d":{"t":1776692451214}}
2026-04-20 14:40:51,233 discord.voice.gateway DEBUG Received text payload: {"op":6,"d":{"t":1776692451214}}
2026-04-20 14:40:51,233 discord.voice.gateway DEBUG Received text payload: {"op":6,"d":{"t":1776692451214}}
2026-04-20 14:40:51,233 discord.voice.gateway DEBUG Voice websocket frame received: {'op': 6, 'd': {'t': 1776692451214}}
2026-04-20 14:40:51,233 discord.voice.gateway DEBUG Voice websocket frame received: {'op': 6, 'd': {'t': 1776692451214}}
2026-04-20 14:40:51,233 discord.voice.gateway DEBUG Voice websocket frame received: {'op': 6, 'd': {'t': 1776692451214}}
2026-04-20 14:40:51,233 discord.voice.gateway DEBUG Voice websocket frame received: {'op': 6, 'd': {'t': 1776692451214}}
2026-04-20 14:40:56,220 discord.voice.gateway DEBUG Sending voice websocket frame: {'op': 3, 'd': {'t': 1776692456220, 'seq_ack': 7}}.
2026-04-20 14:40:56,220 discord.voice.gateway DEBUG Sending voice websocket frame: {'op': 3, 'd': {'t': 1776692456220, 'seq_ack': 7}}.
2026-04-20 14:40:56,220 discord.voice.gateway DEBUG Sending voice websocket frame: {'op': 3, 'd': {'t': 1776692456220, 'seq_ack': 7}}.
2026-04-20 14:40:56,220 discord.voice.gateway DEBUG Sending voice websocket frame: {'op': 3, 'd': {'t': 1776692456220, 'seq_ack': 7}}.
2026-04-20 14:40:56,236 discord.voice.gateway DEBUG Received text payload: {"op":6,"d":{"t":1776692456220}}
2026-04-20 14:40:56,236 discord.voice.gateway DEBUG Received text payload: {"op":6,"d":{"t":1776692456220}}
2026-04-20 14:40:56,236 discord.voice.gateway DEBUG Received text payload: {"op":6,"d":{"t":1776692456220}}
2026-04-20 14:40:56,236 discord.voice.gateway DEBUG Received text payload: {"op":6,"d":{"t":1776692456220}}
2026-04-20 14:40:56,236 discord.voice.gateway DEBUG Voice websocket frame received: {'op': 6, 'd': {'t': 1776692456220}}
2026-04-20 14:40:56,236 discord.voice.gateway DEBUG Voice websocket frame received: {'op': 6, 'd': {'t': 1776692456220}}
2026-04-20 14:40:56,236 discord.voice.gateway DEBUG Voice websocket frame received: {'op': 6, 'd': {'t': 1776692456220}}
2026-04-20 14:40:56,236 discord.voice.gateway DEBUG Voice websocket frame received: {'op': 6, 'd': {'t': 1776692456220}}
2026-04-20 14:41:01,235 discord.voice.gateway DEBUG Sending voice websocket frame: {'op': 3, 'd': {'t': 1776692461235, 'seq_ack': 7}}.
2026-04-20 14:41:01,235 discord.voice.gateway DEBUG Sending voice websocket frame: {'op': 3, 'd': {'t': 1776692461235, 'seq_ack': 7}}.
2026-04-20 14:41:01,235 discord.voice.gateway DEBUG Sending voice websocket frame: {'op': 3, 'd': {'t': 1776692461235, 'seq_ack': 7}}.
2026-04-20 14:41:01,235 discord.voice.gateway DEBUG Sending voice websocket frame: {'op': 3, 'd': {'t': 1776692461235, 'seq_ack': 7}}.
2026-04-20 14:41:01,305 discord.voice.gateway DEBUG Received text payload: {"op":6,"d":{"t":1776692461235}}
2026-04-20 14:41:01,305 discord.voice.gateway DEBUG Received text payload: {"op":6,"d":{"t":1776692461235}}
2026-04-20 14:41:01,305 discord.voice.gateway DEBUG Received text payload: {"op":6,"d":{"t":1776692461235}}
2026-04-20 14:41:01,305 discord.voice.gateway DEBUG Received text payload: {"op":6,"d":{"t":1776692461235}}
2026-04-20 14:41:01,306 discord.voice.gateway DEBUG Voice websocket frame received: {'op': 6, 'd': {'t': 1776692461235}}
2026-04-20 14:41:01,306 discord.voice.gateway DEBUG Voice websocket frame received: {'op': 6, 'd': {'t': 1776692461235}}
2026-04-20 14:41:01,306 discord.voice.gateway DEBUG Voice websocket frame received: {'op': 6, 'd': {'t': 1776692461235}}
2026-04-20 14:41:01,306 discord.voice.gateway DEBUG Voice websocket frame received: {'op': 6, 'd': {'t': 1776692461235}}
2026-04-20 14:41:06,238 discord.voice.gateway DEBUG Sending voice websocket frame: {'op': 3, 'd': {'t': 1776692466238, 'seq_ack': 7}}.
2026-04-20 14:41:06,238 discord.voice.gateway DEBUG Sending voice websocket frame: {'op': 3, 'd': {'t': 1776692466238, 'seq_ack': 7}}.
2026-04-20 14:41:06,238 discord.voice.gateway DEBUG Sending voice websocket frame: {'op': 3, 'd': {'t': 1776692466238, 'seq_ack': 7}}.
2026-04-20 14:41:06,238 discord.voice.gateway DEBUG Sending voice websocket frame: {'op': 3, 'd': {'t': 1776692466238, 'seq_ack': 7}}.
2026-04-20 14:41:06,252 discord.voice.gateway DEBUG Received text payload: {"op":6,"d":{"t":1776692466238}}
2026-04-20 14:41:06,252 discord.voice.gateway DEBUG Received text payload: {"op":6,"d":{"t":1776692466238}}
2026-04-20 14:41:06,252 discord.voice.gateway DEBUG Received text payload: {"op":6,"d":{"t":1776692466238}}
2026-04-20 14:41:06,252 discord.voice.gateway DEBUG Received text payload: {"op":6,"d":{"t":1776692466238}}
2026-04-20 14:41:06,252 discord.voice.gateway DEBUG Voice websocket frame received: {'op': 6, 'd': {'t': 1776692466238}}
2026-04-20 14:41:06,252 discord.voice.gateway DEBUG Voice websocket frame received: {'op': 6, 'd': {'t': 1776692466238}}
2026-04-20 14:41:06,252 discord.voice.gateway DEBUG Voice websocket frame received: {'op': 6, 'd': {'t': 1776692466238}}
2026-04-20 14:41:06,252 discord.voice.gateway DEBUG Voice websocket frame received: {'op': 6, 'd': {'t': 1776692466238}}
2026-04-20 14:41:11,245 discord.voice.gateway DEBUG Sending voice websocket frame: {'op': 3, 'd': {'t': 1776692471245, 'seq_ack': 7}}.
2026-04-20 14:41:11,245 discord.voice.gateway DEBUG Sending voice websocket frame: {'op': 3, 'd': {'t': 1776692471245, 'seq_ack': 7}}.
2026-04-20 14:41:11,245 discord.voice.gateway DEBUG Sending voice websocket frame: {'op': 3, 'd': {'t': 1776692471245, 'seq_ack': 7}}.
2026-04-20 14:41:11,245 discord.voice.gateway DEBUG Sending voice websocket frame: {'op': 3, 'd': {'t': 1776692471245, 'seq_ack': 7}}.
2026-04-20 14:41:11,263 discord.voice.gateway DEBUG Received text payload: {"op":6,"d":{"t":1776692471245}}
2026-04-20 14:41:11,263 discord.voice.gateway DEBUG Received text payload: {"op":6,"d":{"t":1776692471245}}
2026-04-20 14:41:11,263 discord.voice.gateway DEBUG Received text payload: {"op":6,"d":{"t":1776692471245}}
2026-04-20 14:41:11,263 discord.voice.gateway DEBUG Received text payload: {"op":6,"d":{"t":1776692471245}}
2026-04-20 14:41:11,264 discord.voice.gateway DEBUG Voice websocket frame received: {'op': 6, 'd': {'t': 1776692471245}}
2026-04-20 14:41:11,264 discord.voice.gateway DEBUG Voice websocket frame received: {'op': 6, 'd': {'t': 1776692471245}}
2026-04-20 14:41:11,264 discord.voice.gateway DEBUG Voice websocket frame received: {'op': 6, 'd': {'t': 1776692471245}}
2026-04-20 14:41:11,264 discord.voice.gateway DEBUG Voice websocket frame received: {'op': 6, 'd': {'t': 1776692471245}}
2026-04-20 14:41:16,251 discord.voice.gateway DEBUG Sending voice websocket frame: {'op': 3, 'd': {'t': 1776692476251, 'seq_ack': 7}}.
2026-04-20 14:41:16,251 discord.voice.gateway DEBUG Sending voice websocket frame: {'op': 3, 'd': {'t': 1776692476251, 'seq_ack': 7}}.
2026-04-20 14:41:16,251 discord.voice.gateway DEBUG Sending voice websocket frame: {'op': 3, 'd': {'t': 1776692476251, 'seq_ack': 7}}.
2026-04-20 14:41:16,251 discord.voice.gateway DEBUG Sending voice websocket frame: {'op': 3, 'd': {'t': 1776692476251, 'seq_ack': 7}}.
2026-04-20 14:41:16,279 discord.voice.gateway DEBUG Received text payload: {"op":6,"d":{"t":1776692476251}}
2026-04-20 14:41:16,279 discord.voice.gateway DEBUG Received text payload: {"op":6,"d":{"t":1776692476251}}
2026-04-20 14:41:16,279 discord.voice.gateway DEBUG Received text payload: {"op":6,"d":{"t":1776692476251}}
2026-04-20 14:41:16,279 discord.voice.gateway DEBUG Received text payload: {"op":6,"d":{"t":1776692476251}}
2026-04-20 14:41:16,279 discord.voice.gateway DEBUG Voice websocket frame received: {'op': 6, 'd': {'t': 1776692476251}}
2026-04-20 14:41:16,279 discord.voice.gateway DEBUG Voice websocket frame received: {'op': 6, 'd': {'t': 1776692476251}}
2026-04-20 14:41:16,279 discord.voice.gateway DEBUG Voice websocket frame received: {'op': 6, 'd': {'t': 1776692476251}}
2026-04-20 14:41:16,279 discord.voice.gateway DEBUG Voice websocket frame received: {'op': 6, 'd': {'t': 1776692476251}}
2026-04-20 14:41:18,458 discord.voice.state DEBUG Attempting a voice disconnect for channel 1495601021165244507 (guild 1495601020003156031)
2026-04-20 14:41:18,458 discord.voice.state DEBUG Attempting a voice disconnect for channel 1495601021165244507 (guild 1495601020003156031)
2026-04-20 14:41:18,458 discord.voice.state DEBUG Attempting a voice disconnect for channel 1495601021165244507 (guild 1495601020003156031)
2026-04-20 14:41:18,458 discord.voice.state DEBUG Attempting a voice disconnect for channel 1495601021165244507 (guild 1495601020003156031)
2026-04-20 14:41:18,458 discord.voice.state INFO Terminating voice handshake for channel 1495601021165244507 (guild 1495601020003156031)
2026-04-20 14:41:18,458 discord.voice.state INFO Terminating voice handshake for channel 1495601021165244507 (guild 1495601020003156031)
2026-04-20 14:41:18,458 discord.voice.state INFO Terminating voice handshake for channel 1495601021165244507 (guild 1495601020003156031)
2026-04-20 14:41:18,458 discord.voice.state INFO Terminating voice handshake for channel 1495601021165244507 (guild 1495601020003156031)
2026-04-20 14:41:18,458 discord.voice.state DEBUG State changed from connected to disconnected
2026-04-20 14:41:18,458 discord.voice.state DEBUG State changed from connected to disconnected
2026-04-20 14:41:18,458 discord.voice.state DEBUG State changed from connected to disconnected
2026-04-20 14:41:18,458 discord.voice.state DEBUG State changed from connected to disconnected
2026-04-20 14:41:18,459 discord.voice.gateway DEBUG Received WSMessage(type=<WSMsgType.CLOSING: 256>, data=None, extra=None)
2026-04-20 14:41:18,459 discord.voice.gateway DEBUG Received WSMessage(type=<WSMsgType.CLOSING: 256>, data=None, extra=None)
2026-04-20 14:41:18,459 discord.voice.gateway DEBUG Received WSMessage(type=<WSMsgType.CLOSING: 256>, data=None, extra=None)
2026-04-20 14:41:18,459 discord.voice.gateway DEBUG Received WSMessage(type=<WSMsgType.CLOSING: 256>, data=None, extra=None)
2026-04-20 14:41:18,459 discord.voice.gateway DEBUG Sending voice websocket frame: {'op': 5, 'd': {'speaking': 0, 'delay': 0}}.
2026-04-20 14:41:18,459 discord.voice.gateway DEBUG Sending voice websocket frame: {'op': 5, 'd': {'speaking': 0, 'delay': 0}}.
2026-04-20 14:41:18,459 discord.voice.gateway DEBUG Sending voice websocket frame: {'op': 5, 'd': {'speaking': 0, 'delay': 0}}.
2026-04-20 14:41:18,459 discord.voice.gateway DEBUG Sending voice websocket frame: {'op': 5, 'd': {'speaking': 0, 'delay': 0}}.
2026-04-20 14:41:25,766 discord.voice.state WARNING Socket reader voice-socket-event-reader:0x1f63577fbf0 is waiting to be set as running
2026-04-20 14:41:25,766 discord.voice.state WARNING Socket reader voice-socket-event-reader:0x1f63577fbf0 is waiting to be set as running
2026-04-20 14:41:25,766 discord.voice.state INFO Connecting to voice 1495601021165244507
2026-04-20 14:41:25,766 discord.voice.state INFO Connecting to voice 1495601021165244507
2026-04-20 14:41:25,766 discord.voice.state WARNING Socket reader voice-socket-event-reader:0x1f63577fbf0 is waiting to be set as running
2026-04-20 14:41:25,766 discord.voice.state WARNING Socket reader voice-socket-event-reader:0x1f63577fbf0 is waiting to be set as running
2026-04-20 14:41:25,766 discord.voice.state INFO Connecting to voice 1495601021165244507
2026-04-20 14:41:25,766 discord.voice.state INFO Connecting to voice 1495601021165244507
2026-04-20 14:41:25,766 discord.voice.state INFO Starting voice handshake (connection attempt 1)
2026-04-20 14:41:25,766 discord.voice.state INFO Starting voice handshake (connection attempt 1)
2026-04-20 14:41:25,766 discord.voice.state INFO Starting voice handshake (connection attempt 1)
2026-04-20 14:41:25,766 discord.voice.state INFO Starting voice handshake (connection attempt 1)
2026-04-20 14:41:25,767 discord.voice.state DEBUG State changed from disconnected to set_guild_voice_state
2026-04-20 14:41:25,767 discord.voice.state DEBUG State changed from disconnected to set_guild_voice_state
2026-04-20 14:41:25,767 discord.voice.state DEBUG State changed from disconnected to set_guild_voice_state
2026-04-20 14:41:25,767 discord.voice.state DEBUG State changed from disconnected to set_guild_voice_state
2026-04-20 14:41:25,884 discord.voice.state DEBUG State changed from set_guild_voice_state to got_voice_state_update
2026-04-20 14:41:25,884 discord.voice.state DEBUG State changed from set_guild_voice_state to got_voice_state_update
2026-04-20 14:41:25,884 discord.voice.state DEBUG State changed from set_guild_voice_state to got_voice_state_update
2026-04-20 14:41:25,884 discord.voice.state DEBUG State changed from set_guild_voice_state to got_voice_state_update
2026-04-20 14:41:25,992 discord.voice.state DEBUG State changed from got_voice_state_update to got_both_voice_updates
2026-04-20 14:41:25,992 discord.voice.state DEBUG State changed from got_voice_state_update to got_both_voice_updates
2026-04-20 14:41:25,992 discord.voice.state DEBUG State changed from got_voice_state_update to got_both_voice_updates
2026-04-20 14:41:25,992 discord.voice.state DEBUG State changed from got_voice_state_update to got_both_voice_updates
2026-04-20 14:41:25,992 discord.voice.state INFO Voice handshake complete. Endpoint found: c-lhr20-1c0120f2.discord.media:443
2026-04-20 14:41:25,992 discord.voice.state INFO Voice handshake complete. Endpoint found: c-lhr20-1c0120f2.discord.media:443
2026-04-20 14:41:25,992 discord.voice.state INFO Voice handshake complete. Endpoint found: c-lhr20-1c0120f2.discord.media:443
2026-04-20 14:41:25,992 discord.voice.state INFO Voice handshake complete. Endpoint found: c-lhr20-1c0120f2.discord.media:443
2026-04-20 14:41:26,082 discord.voice.gateway DEBUG Sending voice websocket frame: {'op': 0, 'd': {'server_id': '1495601020003156031', 'user_id': '1495577327826895069', 'session_id': 'fcf140310be20c7b4b579c58aab1c1e3', 'token': '90be52f6b14075a5', 'max_dave_protocol_version': 1}}.
2026-04-20 14:41:26,082 discord.voice.gateway DEBUG Sending voice websocket frame: {'op': 0, 'd': {'server_id': '1495601020003156031', 'user_id': '1495577327826895069', 'session_id': 'fcf140310be20c7b4b579c58aab1c1e3', 'token': '90be52f6b14075a5', 'max_dave_protocol_version': 1}}.
2026-04-20 14:41:26,082 discord.voice.gateway DEBUG Sending voice websocket frame: {'op': 0, 'd': {'server_id': '1495601020003156031', 'user_id': '1495577327826895069', 'session_id': 'fcf140310be20c7b4b579c58aab1c1e3', 'token': '90be52f6b14075a5', 'max_dave_protocol_version': 1}}.
2026-04-20 14:41:26,082 discord.voice.gateway DEBUG Sending voice websocket frame: {'op': 0, 'd': {'server_id': '1495601020003156031', 'user_id': '1495577327826895069', 'session_id': 'fcf140310be20c7b4b579c58aab1c1e3', 'token': '90be52f6b14075a5', 'max_dave_protocol_version': 1}}.
2026-04-20 14:41:26,082 discord.voice.gateway INFO Identifying ourselves: {'op': 0, 'd': {'server_id': '1495601020003156031', 'user_id': '1495577327826895069', 'session_id': 'fcf140310be20c7b4b579c58aab1c1e3', 'token': '90be52f6b14075a5', 'max_dave_protocol_version': 1}}
2026-04-20 14:41:26,082 discord.voice.gateway INFO Identifying ourselves: {'op': 0, 'd': {'server_id': '1495601020003156031', 'user_id': '1495577327826895069', 'session_id': 'fcf140310be20c7b4b579c58aab1c1e3', 'token': '90be52f6b14075a5', 'max_dave_protocol_version': 1}}
2026-04-20 14:41:26,082 discord.voice.gateway INFO Identifying ourselves: {'op': 0, 'd': {'server_id': '1495601020003156031', 'user_id': '1495577327826895069', 'session_id': 'fcf140310be20c7b4b579c58aab1c1e3', 'token': '90be52f6b14075a5', 'max_dave_protocol_version': 1}}
2026-04-20 14:41:26,082 discord.voice.gateway INFO Identifying ourselves: {'op': 0, 'd': {'server_id': '1495601020003156031', 'user_id': '1495577327826895069', 'session_id': 'fcf140310be20c7b4b579c58aab1c1e3', 'token': '90be52f6b14075a5', 'max_dave_protocol_version': 1}}
2026-04-20 14:41:26,083 discord.voice.state DEBUG State changed from got_both_voice_updates to websocket_connected
2026-04-20 14:41:26,083 discord.voice.state DEBUG State changed from got_both_voice_updates to websocket_connected
2026-04-20 14:41:26,083 discord.voice.state DEBUG State changed from got_both_voice_updates to websocket_connected
2026-04-20 14:41:26,083 discord.voice.state DEBUG State changed from got_both_voice_updates to websocket_connected
2026-04-20 14:41:26,083 discord.voice.gateway DEBUG Received text payload: {"op":8,"d":{"v":8,"heartbeat_interval":13750}}
2026-04-20 14:41:26,083 discord.voice.gateway DEBUG Received text payload: {"op":8,"d":{"v":8,"heartbeat_interval":13750}}
2026-04-20 14:41:26,083 discord.voice.gateway DEBUG Received text payload: {"op":8,"d":{"v":8,"heartbeat_interval":13750}}
2026-04-20 14:41:26,083 discord.voice.gateway DEBUG Received text payload: {"op":8,"d":{"v":8,"heartbeat_interval":13750}}
2026-04-20 14:41:26,083 discord.voice.gateway DEBUG Voice websocket frame received: {'op': 8, 'd': {'v': 8, 'heartbeat_interval': 13750}}
2026-04-20 14:41:26,083 discord.voice.gateway DEBUG Voice websocket frame received: {'op': 8, 'd': {'v': 8, 'heartbeat_interval': 13750}}
2026-04-20 14:41:26,083 discord.voice.gateway DEBUG Voice websocket frame received: {'op': 8, 'd': {'v': 8, 'heartbeat_interval': 13750}}
2026-04-20 14:41:26,083 discord.voice.gateway DEBUG Voice websocket frame received: {'op': 8, 'd': {'v': 8, 'heartbeat_interval': 13750}}
2026-04-20 14:41:26,096 discord.voice.gateway DEBUG Received text payload: {"op":2,"d":{"streams":[{"type":"video","ssrc":8773,"rtx_ssrc":8774,"rid":"","quality":0,"active":false}],"ssrc":8772,"port":19296,"modes":["aead_aes256_gcm_rtpsize","aead_xchacha20_poly1305_rtpsize"],"ip":"104.29.151.175","experiments":["fixed_keyframe_interval"]}}
2026-04-20 14:41:26,096 discord.voice.gateway DEBUG Received text payload: {"op":2,"d":{"streams":[{"type":"video","ssrc":8773,"rtx_ssrc":8774,"rid":"","quality":0,"active":false}],"ssrc":8772,"port":19296,"modes":["aead_aes256_gcm_rtpsize","aead_xchacha20_poly1305_rtpsize"],"ip":"104.29.151.175","experiments":["fixed_keyframe_interval"]}}
2026-04-20 14:41:26,096 discord.voice.gateway DEBUG Received text payload: {"op":2,"d":{"streams":[{"type":"video","ssrc":8773,"rtx_ssrc":8774,"rid":"","quality":0,"active":false}],"ssrc":8772,"port":19296,"modes":["aead_aes256_gcm_rtpsize","aead_xchacha20_poly1305_rtpsize"],"ip":"104.29.151.175","experiments":["fixed_keyframe_interval"]}}
2026-04-20 14:41:26,096 discord.voice.gateway DEBUG Received text payload: {"op":2,"d":{"streams":[{"type":"video","ssrc":8773,"rtx_ssrc":8774,"rid":"","quality":0,"active":false}],"ssrc":8772,"port":19296,"modes":["aead_aes256_gcm_rtpsize","aead_xchacha20_poly1305_rtpsize"],"ip":"104.29.151.175","experiments":["fixed_keyframe_interval"]}}
2026-04-20 14:41:26,097 discord.voice.gateway DEBUG Voice websocket frame received: {'op': 2, 'd': {'streams': [{'type': 'video', 'ssrc': 8773, 'rtx_ssrc': 8774, 'rid': '', 'quality': 0, 'active': False}], 'ssrc': 8772, 'port': 19296, 'modes': ['aead_aes256_gcm_rtpsize', 'aead_xchacha20_poly1305_rtpsize'], 'ip': '104.29.151.175', 'experiments': ['fixed_keyframe_interval']}}
2026-04-20 14:41:26,097 discord.voice.gateway DEBUG Voice websocket frame received: {'op': 2, 'd': {'streams': [{'type': 'video', 'ssrc': 8773, 'rtx_ssrc': 8774, 'rid': '', 'quality': 0, 'active': False}], 'ssrc': 8772, 'port': 19296, 'modes': ['aead_aes256_gcm_rtpsize', 'aead_xchacha20_poly1305_rtpsize'], 'ip': '104.29.151.175', 'experiments': ['fixed_keyframe_interval']}}
2026-04-20 14:41:26,097 discord.voice.gateway DEBUG Voice websocket frame received: {'op': 2, 'd': {'streams': [{'type': 'video', 'ssrc': 8773, 'rtx_ssrc': 8774, 'rid': '', 'quality': 0, 'active': False}], 'ssrc': 8772, 'port': 19296, 'modes': ['aead_aes256_gcm_rtpsize', 'aead_xchacha20_poly1305_rtpsize'], 'ip': '104.29.151.175', 'experiments': ['fixed_keyframe_interval']}}
2026-04-20 14:41:26,097 discord.voice.gateway DEBUG Voice websocket frame received: {'op': 2, 'd': {'streams': [{'type': 'video', 'ssrc': 8773, 'rtx_ssrc': 8774, 'rid': '', 'quality': 0, 'active': False}], 'ssrc': 8772, 'port': 19296, 'modes': ['aead_aes256_gcm_rtpsize', 'aead_xchacha20_poly1305_rtpsize'], 'ip': '104.29.151.175', 'experiments': ['fixed_keyframe_interval']}}
2026-04-20 14:41:26,097 discord.voice.gateway DEBUG Connecting to 104.29.151.175 (port 19296).
2026-04-20 14:41:26,097 discord.voice.gateway DEBUG Connecting to 104.29.151.175 (port 19296).
2026-04-20 14:41:26,097 discord.voice.gateway DEBUG Connecting to 104.29.151.175 (port 19296).
2026-04-20 14:41:26,097 discord.voice.gateway DEBUG Connecting to 104.29.151.175 (port 19296).
2026-04-20 14:41:26,097 discord.voice.gateway DEBUG Connected socket to 104.29.151.175 (port 19296)
2026-04-20 14:41:26,097 discord.voice.gateway DEBUG Connected socket to 104.29.151.175 (port 19296)
2026-04-20 14:41:26,097 discord.voice.gateway DEBUG Connected socket to 104.29.151.175 (port 19296)
2026-04-20 14:41:26,097 discord.voice.gateway DEBUG Connected socket to 104.29.151.175 (port 19296)
2026-04-20 14:41:26,097 discord.voice.gateway DEBUG Sending IP discovery packet for voice in channel 1495601021165244507 (guild 1495601020003156031)
2026-04-20 14:41:26,097 discord.voice.gateway DEBUG Sending IP discovery packet for voice in channel 1495601021165244507 (guild 1495601020003156031)
2026-04-20 14:41:26,097 discord.voice.gateway DEBUG Sending IP discovery packet for voice in channel 1495601021165244507 (guild 1495601020003156031)
2026-04-20 14:41:26,097 discord.voice.gateway DEBUG Sending IP discovery packet for voice in channel 1495601021165244507 (guild 1495601020003156031)
2026-04-20 14:41:26,097 discord.voice.state DEBUG Registering a socket listener callback <function VoiceWebSocket.get_ip.<locals>.get_ip_packet at 0x000001F6351431A0>
2026-04-20 14:41:26,097 discord.voice.state DEBUG Registering a socket listener callback <function VoiceWebSocket.get_ip.<locals>.get_ip_packet at 0x000001F6351431A0>
2026-04-20 14:41:26,097 discord.voice.state DEBUG Registering a socket listener callback <function VoiceWebSocket.get_ip.<locals>.get_ip_packet at 0x000001F6351431A0>
2026-04-20 14:41:26,097 discord.voice.state DEBUG Registering a socket listener callback <function VoiceWebSocket.get_ip.<locals>.get_ip_packet at 0x000001F6351431A0>
2026-04-20 14:41:26,097 discord.voice.state INFO Socket reader voice-socket-event-reader:0x1f63577fbf0 was set as running
2026-04-20 14:41:26,097 discord.voice.state INFO Socket reader voice-socket-event-reader:0x1f63577fbf0 was set as running
2026-04-20 14:41:26,097 discord.voice.state INFO Socket reader voice-socket-event-reader:0x1f63577fbf0 was set as running
2026-04-20 14:41:26,097 discord.voice.state INFO Socket reader voice-socket-event-reader:0x1f63577fbf0 was set as running
2026-04-20 14:41:26,201 discord.voice.state DEBUG Unregistering a socket listener callback <function VoiceWebSocket.get_ip.<locals>.get_ip_packet at 0x000001F6351431A0>
2026-04-20 14:41:26,201 discord.voice.state DEBUG Unregistering a socket listener callback <function VoiceWebSocket.get_ip.<locals>.get_ip_packet at 0x000001F6351431A0>
2026-04-20 14:41:26,201 discord.voice.state DEBUG Unregistering a socket listener callback <function VoiceWebSocket.get_ip.<locals>.get_ip_packet at 0x000001F6351431A0>
2026-04-20 14:41:26,201 discord.voice.state DEBUG Unregistering a socket listener callback <function VoiceWebSocket.get_ip.<locals>.get_ip_packet at 0x000001F6351431A0>
2026-04-20 14:41:26,202 discord.voice.gateway DEBUG Received IP discovery packet with data b'\x00\x02\x00F\x00\x00"D193.61.208.9\x00\x00\x00\x00\x00\x00\x00\x00\x00\x00\x00\x00\x00\x00\x00\x00\x00\x00\x00\x00\x00\x00\x00\x00\x00\x00\x00\x00\x00\x00\x00\x00\x00\x00\x00\x00\x00\x00\x00\x00\x00\x00\x00\x00\x00\x00\x00\x00\x00\x00\x00\x00io'
2026-04-20 14:41:26,202 discord.voice.gateway DEBUG Received IP discovery packet with data b'\x00\x02\x00F\x00\x00"D193.61.208.9\x00\x00\x00\x00\x00\x00\x00\x00\x00\x00\x00\x00\x00\x00\x00\x00\x00\x00\x00\x00\x00\x00\x00\x00\x00\x00\x00\x00\x00\x00\x00\x00\x00\x00\x00\x00\x00\x00\x00\x00\x00\x00\x00\x00\x00\x00\x00\x00\x00\x00\x00\x00io'
2026-04-20 14:41:26,202 discord.voice.gateway DEBUG Received IP discovery packet with data b'\x00\x02\x00F\x00\x00"D193.61.208.9\x00\x00\x00\x00\x00\x00\x00\x00\x00\x00\x00\x00\x00\x00\x00\x00\x00\x00\x00\x00\x00\x00\x00\x00\x00\x00\x00\x00\x00\x00\x00\x00\x00\x00\x00\x00\x00\x00\x00\x00\x00\x00\x00\x00\x00\x00\x00\x00\x00\x00\x00\x00io'
2026-04-20 14:41:26,202 discord.voice.gateway DEBUG Received IP discovery packet with data b'\x00\x02\x00F\x00\x00"D193.61.208.9\x00\x00\x00\x00\x00\x00\x00\x00\x00\x00\x00\x00\x00\x00\x00\x00\x00\x00\x00\x00\x00\x00\x00\x00\x00\x00\x00\x00\x00\x00\x00\x00\x00\x00\x00\x00\x00\x00\x00\x00\x00\x00\x00\x00\x00\x00\x00\x00\x00\x00\x00\x00io'
2026-04-20 14:41:26,202 discord.voice.gateway DEBUG Detected IP 193.61.208.9 with port 26991
2026-04-20 14:41:26,202 discord.voice.gateway DEBUG Detected IP 193.61.208.9 with port 26991
2026-04-20 14:41:26,202 discord.voice.gateway DEBUG Detected IP 193.61.208.9 with port 26991
2026-04-20 14:41:26,202 discord.voice.gateway DEBUG Detected IP 193.61.208.9 with port 26991
2026-04-20 14:41:26,202 discord.voice.gateway DEBUG Received available voice connection modes: ['aead_xchacha20_poly1305_rtpsize']
2026-04-20 14:41:26,202 discord.voice.gateway DEBUG Received available voice connection modes: ['aead_xchacha20_poly1305_rtpsize']
2026-04-20 14:41:26,202 discord.voice.gateway DEBUG Received available voice connection modes: ['aead_xchacha20_poly1305_rtpsize']
2026-04-20 14:41:26,202 discord.voice.gateway DEBUG Received available voice connection modes: ['aead_xchacha20_poly1305_rtpsize']
2026-04-20 14:41:26,202 discord.voice.gateway DEBUG Sending voice websocket frame: {'op': 1, 'd': {'protocol': 'udp', 'data': {'address': '193.61.208.9', 'port': 26991, 'mode': 'aead_xchacha20_poly1305_rtpsize'}}}.
2026-04-20 14:41:26,202 discord.voice.gateway DEBUG Sending voice websocket frame: {'op': 1, 'd': {'protocol': 'udp', 'data': {'address': '193.61.208.9', 'port': 26991, 'mode': 'aead_xchacha20_poly1305_rtpsize'}}}.
2026-04-20 14:41:26,202 discord.voice.gateway DEBUG Sending voice websocket frame: {'op': 1, 'd': {'protocol': 'udp', 'data': {'address': '193.61.208.9', 'port': 26991, 'mode': 'aead_xchacha20_poly1305_rtpsize'}}}.
2026-04-20 14:41:26,202 discord.voice.gateway DEBUG Sending voice websocket frame: {'op': 1, 'd': {'protocol': 'udp', 'data': {'address': '193.61.208.9', 'port': 26991, 'mode': 'aead_xchacha20_poly1305_rtpsize'}}}.
2026-04-20 14:41:26,202 discord.voice.gateway DEBUG Selected voice protocol aead_xchacha20_poly1305_rtpsize for this connection
2026-04-20 14:41:26,202 discord.voice.gateway DEBUG Selected voice protocol aead_xchacha20_poly1305_rtpsize for this connection
2026-04-20 14:41:26,202 discord.voice.gateway DEBUG Selected voice protocol aead_xchacha20_poly1305_rtpsize for this connection
2026-04-20 14:41:26,202 discord.voice.gateway DEBUG Selected voice protocol aead_xchacha20_poly1305_rtpsize for this connection
2026-04-20 14:41:26,202 discord.voice.state DEBUG State changed from websocket_connected to got_ip_discovery
2026-04-20 14:41:26,202 discord.voice.state DEBUG State changed from websocket_connected to got_ip_discovery
2026-04-20 14:41:26,202 discord.voice.state DEBUG State changed from websocket_connected to got_ip_discovery
2026-04-20 14:41:26,202 discord.voice.state DEBUG State changed from websocket_connected to got_ip_discovery
2026-04-20 14:41:26,202 discord.voice.gateway DEBUG Received text payload: {"seq":0,"op":11,"d":{"user_ids":["1280802651029901354"]}}
2026-04-20 14:41:26,202 discord.voice.gateway DEBUG Received text payload: {"seq":0,"op":11,"d":{"user_ids":["1280802651029901354"]}}
2026-04-20 14:41:26,202 discord.voice.gateway DEBUG Received text payload: {"seq":0,"op":11,"d":{"user_ids":["1280802651029901354"]}}
2026-04-20 14:41:26,202 discord.voice.gateway DEBUG Received text payload: {"seq":0,"op":11,"d":{"user_ids":["1280802651029901354"]}}
2026-04-20 14:41:26,202 discord.voice.gateway DEBUG Voice websocket frame received: {'seq': 0, 'op': 11, 'd': {'user_ids': ['1280802651029901354']}}
2026-04-20 14:41:26,202 discord.voice.gateway DEBUG Voice websocket frame received: {'seq': 0, 'op': 11, 'd': {'user_ids': ['1280802651029901354']}}
2026-04-20 14:41:26,202 discord.voice.gateway DEBUG Voice websocket frame received: {'seq': 0, 'op': 11, 'd': {'user_ids': ['1280802651029901354']}}
2026-04-20 14:41:26,202 discord.voice.gateway DEBUG Voice websocket frame received: {'seq': 0, 'op': 11, 'd': {'user_ids': ['1280802651029901354']}}
2026-04-20 14:41:26,202 discord.voice.gateway DEBUG Unhandled op code: 11 with data {'user_ids': ['1280802651029901354']}
2026-04-20 14:41:26,202 discord.voice.gateway DEBUG Unhandled op code: 11 with data {'user_ids': ['1280802651029901354']}
2026-04-20 14:41:26,202 discord.voice.gateway DEBUG Unhandled op code: 11 with data {'user_ids': ['1280802651029901354']}
2026-04-20 14:41:26,202 discord.voice.gateway DEBUG Unhandled op code: 11 with data {'user_ids': ['1280802651029901354']}
2026-04-20 14:41:26,202 discord.voice.client WARNING Skipping member referencing ID 1280802651029901354 on member_connect
2026-04-20 14:41:26,202 discord.voice.client WARNING Skipping member referencing ID 1280802651029901354 on member_connect
2026-04-20 14:41:26,202 discord.voice.client WARNING Skipping member referencing ID 1280802651029901354 on member_connect
2026-04-20 14:41:26,202 discord.voice.client WARNING Skipping member referencing ID 1280802651029901354 on member_connect
2026-04-20 14:41:26,202 discord.voice.gateway DEBUG Received text payload: {"seq":1,"op":5,"d":{"user_id":"1280802651029901354","ssrc":8758,"speaking":1}}
2026-04-20 14:41:26,202 discord.voice.gateway DEBUG Received text payload: {"seq":1,"op":5,"d":{"user_id":"1280802651029901354","ssrc":8758,"speaking":1}}
2026-04-20 14:41:26,202 discord.voice.gateway DEBUG Received text payload: {"seq":1,"op":5,"d":{"user_id":"1280802651029901354","ssrc":8758,"speaking":1}}
2026-04-20 14:41:26,202 discord.voice.gateway DEBUG Received text payload: {"seq":1,"op":5,"d":{"user_id":"1280802651029901354","ssrc":8758,"speaking":1}}
2026-04-20 14:41:26,202 discord.voice.gateway DEBUG Voice websocket frame received: {'seq': 1, 'op': 5, 'd': {'user_id': '1280802651029901354', 'ssrc': 8758, 'speaking': 1}}
2026-04-20 14:41:26,202 discord.voice.gateway DEBUG Voice websocket frame received: {'seq': 1, 'op': 5, 'd': {'user_id': '1280802651029901354', 'ssrc': 8758, 'speaking': 1}}
2026-04-20 14:41:26,202 discord.voice.gateway DEBUG Voice websocket frame received: {'seq': 1, 'op': 5, 'd': {'user_id': '1280802651029901354', 'ssrc': 8758, 'speaking': 1}}
2026-04-20 14:41:26,202 discord.voice.gateway DEBUG Voice websocket frame received: {'seq': 1, 'op': 5, 'd': {'user_id': '1280802651029901354', 'ssrc': 8758, 'speaking': 1}}
2026-04-20 14:41:26,203 discord.voice.gateway DEBUG Unhandled op code: 5 with data {'user_id': '1280802651029901354', 'ssrc': 8758, 'speaking': 1}
2026-04-20 14:41:26,203 discord.voice.gateway DEBUG Unhandled op code: 5 with data {'user_id': '1280802651029901354', 'ssrc': 8758, 'speaking': 1}
2026-04-20 14:41:26,203 discord.voice.gateway DEBUG Unhandled op code: 5 with data {'user_id': '1280802651029901354', 'ssrc': 8758, 'speaking': 1}
2026-04-20 14:41:26,203 discord.voice.gateway DEBUG Unhandled op code: 5 with data {'user_id': '1280802651029901354', 'ssrc': 8758, 'speaking': 1}
2026-04-20 14:41:26,203 discord.voice.client DEBUG Dispatching voice_client event member_speaking_state_update
2026-04-20 14:41:26,203 discord.voice.client DEBUG Dispatching voice_client event member_speaking_state_update
2026-04-20 14:41:26,203 discord.voice.client DEBUG Dispatching voice_client event member_speaking_state_update
2026-04-20 14:41:26,203 discord.voice.client DEBUG Dispatching voice_client event member_speaking_state_update
2026-04-20 14:41:26,203 discord.voice.gateway DEBUG Received text payload: {"seq":2,"op":18,"d":{"user_id":"1280802651029901354","flags":2}}
2026-04-20 14:41:26,203 discord.voice.gateway DEBUG Received text payload: {"seq":2,"op":18,"d":{"user_id":"1280802651029901354","flags":2}}
2026-04-20 14:41:26,203 discord.voice.gateway DEBUG Received text payload: {"seq":2,"op":18,"d":{"user_id":"1280802651029901354","flags":2}}
2026-04-20 14:41:26,203 discord.voice.gateway DEBUG Received text payload: {"seq":2,"op":18,"d":{"user_id":"1280802651029901354","flags":2}}
2026-04-20 14:41:26,203 discord.voice.gateway DEBUG Voice websocket frame received: {'seq': 2, 'op': 18, 'd': {'user_id': '1280802651029901354', 'flags': 2}}
2026-04-20 14:41:26,203 discord.voice.gateway DEBUG Voice websocket frame received: {'seq': 2, 'op': 18, 'd': {'user_id': '1280802651029901354', 'flags': 2}}
2026-04-20 14:41:26,203 discord.voice.gateway DEBUG Voice websocket frame received: {'seq': 2, 'op': 18, 'd': {'user_id': '1280802651029901354', 'flags': 2}}
2026-04-20 14:41:26,203 discord.voice.gateway DEBUG Voice websocket frame received: {'seq': 2, 'op': 18, 'd': {'user_id': '1280802651029901354', 'flags': 2}}
2026-04-20 14:41:26,203 discord.voice.gateway DEBUG Unhandled op code: 18 with data {'user_id': '1280802651029901354', 'flags': 2}
2026-04-20 14:41:26,203 discord.voice.gateway DEBUG Unhandled op code: 18 with data {'user_id': '1280802651029901354', 'flags': 2}
2026-04-20 14:41:26,203 discord.voice.gateway DEBUG Unhandled op code: 18 with data {'user_id': '1280802651029901354', 'flags': 2}
2026-04-20 14:41:26,203 discord.voice.gateway DEBUG Unhandled op code: 18 with data {'user_id': '1280802651029901354', 'flags': 2}
2026-04-20 14:41:26,203 discord.voice.gateway DEBUG Received text payload: {"seq":3,"op":20,"d":{"user_id":"1280802651029901354","platform":0}}
2026-04-20 14:41:26,203 discord.voice.gateway DEBUG Received text payload: {"seq":3,"op":20,"d":{"user_id":"1280802651029901354","platform":0}}
2026-04-20 14:41:26,203 discord.voice.gateway DEBUG Received text payload: {"seq":3,"op":20,"d":{"user_id":"1280802651029901354","platform":0}}
2026-04-20 14:41:26,203 discord.voice.gateway DEBUG Received text payload: {"seq":3,"op":20,"d":{"user_id":"1280802651029901354","platform":0}}
2026-04-20 14:41:26,203 discord.voice.gateway DEBUG Voice websocket frame received: {'seq': 3, 'op': 20, 'd': {'user_id': '1280802651029901354', 'platform': 0}}
2026-04-20 14:41:26,203 discord.voice.gateway DEBUG Voice websocket frame received: {'seq': 3, 'op': 20, 'd': {'user_id': '1280802651029901354', 'platform': 0}}
2026-04-20 14:41:26,203 discord.voice.gateway DEBUG Voice websocket frame received: {'seq': 3, 'op': 20, 'd': {'user_id': '1280802651029901354', 'platform': 0}}
2026-04-20 14:41:26,203 discord.voice.gateway DEBUG Voice websocket frame received: {'seq': 3, 'op': 20, 'd': {'user_id': '1280802651029901354', 'platform': 0}}
2026-04-20 14:41:26,203 discord.voice.gateway DEBUG Unhandled op code: 20 with data {'user_id': '1280802651029901354', 'platform': 0}
2026-04-20 14:41:26,203 discord.voice.gateway DEBUG Unhandled op code: 20 with data {'user_id': '1280802651029901354', 'platform': 0}
2026-04-20 14:41:26,203 discord.voice.gateway DEBUG Unhandled op code: 20 with data {'user_id': '1280802651029901354', 'platform': 0}
2026-04-20 14:41:26,203 discord.voice.gateway DEBUG Unhandled op code: 20 with data {'user_id': '1280802651029901354', 'platform': 0}
2026-04-20 14:41:26,216 discord.voice.gateway DEBUG Received text payload: {"op":4,"d":{"video_codec":"H264","secure_frames_version":1,"secret_key":[65,37,253,248,136,19,135,12,239,216,191,110,163,244,5,20,182,17,177,92,190,223,102,231,175,194,165,213,225,8,48,127],"mode":"aead_xchacha20_poly1305_rtpsize","media_session_id":"cce186be0d1e917db05a3b68e921cdd9","dave_protocol_version":1,"audio_codec":"opus"}}
2026-04-20 14:41:26,216 discord.voice.gateway DEBUG Received text payload: {"op":4,"d":{"video_codec":"H264","secure_frames_version":1,"secret_key":[65,37,253,248,136,19,135,12,239,216,191,110,163,244,5,20,182,17,177,92,190,223,102,231,175,194,165,213,225,8,48,127],"mode":"aead_xchacha20_poly1305_rtpsize","media_session_id":"cce186be0d1e917db05a3b68e921cdd9","dave_protocol_version":1,"audio_codec":"opus"}}
2026-04-20 14:41:26,216 discord.voice.gateway DEBUG Received text payload: {"op":4,"d":{"video_codec":"H264","secure_frames_version":1,"secret_key":[65,37,253,248,136,19,135,12,239,216,191,110,163,244,5,20,182,17,177,92,190,223,102,231,175,194,165,213,225,8,48,127],"mode":"aead_xchacha20_poly1305_rtpsize","media_session_id":"cce186be0d1e917db05a3b68e921cdd9","dave_protocol_version":1,"audio_codec":"opus"}}
2026-04-20 14:41:26,216 discord.voice.gateway DEBUG Received text payload: {"op":4,"d":{"video_codec":"H264","secure_frames_version":1,"secret_key":[65,37,253,248,136,19,135,12,239,216,191,110,163,244,5,20,182,17,177,92,190,223,102,231,175,194,165,213,225,8,48,127],"mode":"aead_xchacha20_poly1305_rtpsize","media_session_id":"cce186be0d1e917db05a3b68e921cdd9","dave_protocol_version":1,"audio_codec":"opus"}}
2026-04-20 14:41:26,216 discord.voice.gateway DEBUG Voice websocket frame received: {'op': 4, 'd': {'video_codec': 'H264', 'secure_frames_version': 1, 'secret_key': [65, 37, 253, 248, 136, 19, 135, 12, 239, 216, 191, 110, 163, 244, 5, 20, 182, 17, 177, 92, 190, 223, 102, 231, 175, 194, 165, 213, 225, 8, 48, 127], 'mode': 'aead_xchacha20_poly1305_rtpsize', 'media_session_id': 'cce186be0d1e917db05a3b68e921cdd9', 'dave_protocol_version': 1, 'audio_codec': 'opus'}}
2026-04-20 14:41:26,216 discord.voice.gateway DEBUG Voice websocket frame received: {'op': 4, 'd': {'video_codec': 'H264', 'secure_frames_version': 1, 'secret_key': [65, 37, 253, 248, 136, 19, 135, 12, 239, 216, 191, 110, 163, 244, 5, 20, 182, 17, 177, 92, 190, 223, 102, 231, 175, 194, 165, 213, 225, 8, 48, 127], 'mode': 'aead_xchacha20_poly1305_rtpsize', 'media_session_id': 'cce186be0d1e917db05a3b68e921cdd9', 'dave_protocol_version': 1, 'audio_codec': 'opus'}}
2026-04-20 14:41:26,216 discord.voice.gateway DEBUG Voice websocket frame received: {'op': 4, 'd': {'video_codec': 'H264', 'secure_frames_version': 1, 'secret_key': [65, 37, 253, 248, 136, 19, 135, 12, 239, 216, 191, 110, 163, 244, 5, 20, 182, 17, 177, 92, 190, 223, 102, 231, 175, 194, 165, 213, 225, 8, 48, 127], 'mode': 'aead_xchacha20_poly1305_rtpsize', 'media_session_id': 'cce186be0d1e917db05a3b68e921cdd9', 'dave_protocol_version': 1, 'audio_codec': 'opus'}}
2026-04-20 14:41:26,216 discord.voice.gateway DEBUG Voice websocket frame received: {'op': 4, 'd': {'video_codec': 'H264', 'secure_frames_version': 1, 'secret_key': [65, 37, 253, 248, 136, 19, 135, 12, 239, 216, 191, 110, 163, 244, 5, 20, 182, 17, 177, 92, 190, 223, 102, 231, 175, 194, 165, 213, 225, 8, 48, 127], 'mode': 'aead_xchacha20_poly1305_rtpsize', 'media_session_id': 'cce186be0d1e917db05a3b68e921cdd9', 'dave_protocol_version': 1, 'audio_codec': 'opus'}}
2026-04-20 14:41:26,216 discord.voice.gateway DEBUG Received secret key for voice connection in channel 1495601021165244507 (guild 1495601020003156031)
2026-04-20 14:41:26,216 discord.voice.gateway DEBUG Received secret key for voice connection in channel 1495601021165244507 (guild 1495601020003156031)
2026-04-20 14:41:26,216 discord.voice.gateway DEBUG Received secret key for voice connection in channel 1495601021165244507 (guild 1495601020003156031)
2026-04-20 14:41:26,216 discord.voice.gateway DEBUG Received secret key for voice connection in channel 1495601021165244507 (guild 1495601020003156031)
2026-04-20 14:41:26,216 discord.voice.gateway DEBUG Sending voice websocket frame: {'op': 5, 'd': {'speaking': 0, 'delay': 0}}.
2026-04-20 14:41:26,216 discord.voice.gateway DEBUG Sending voice websocket frame: {'op': 5, 'd': {'speaking': 0, 'delay': 0}}.
2026-04-20 14:41:26,216 discord.voice.gateway DEBUG Sending voice websocket frame: {'op': 5, 'd': {'speaking': 0, 'delay': 0}}.
2026-04-20 14:41:26,216 discord.voice.gateway DEBUG Sending voice websocket frame: {'op': 5, 'd': {'speaking': 0, 'delay': 0}}.
2026-04-20 14:41:26,219 discord.voice.gateway DEBUG Sending voice websocket binary frame: op: OpCodes.mls_key_package size: 393
2026-04-20 14:41:26,219 discord.voice.gateway DEBUG Sending voice websocket binary frame: op: OpCodes.mls_key_package size: 393
2026-04-20 14:41:26,219 discord.voice.gateway DEBUG Sending voice websocket binary frame: op: OpCodes.mls_key_package size: 393
2026-04-20 14:41:26,219 discord.voice.gateway DEBUG Sending voice websocket binary frame: op: OpCodes.mls_key_package size: 393
2026-04-20 14:41:26,219 discord.voice.state DEBUG State changed from got_ip_discovery to connected
2026-04-20 14:41:26,219 discord.voice.state DEBUG State changed from got_ip_discovery to connected
2026-04-20 14:41:26,219 discord.voice.state DEBUG State changed from got_ip_discovery to connected
2026-04-20 14:41:26,219 discord.voice.state DEBUG State changed from got_ip_discovery to connected
2026-04-20 14:41:26,219 discord.voice.state INFO Voice connection completed
2026-04-20 14:41:26,219 discord.voice.state INFO Voice connection completed
2026-04-20 14:41:26,219 discord.voice.state INFO Voice connection completed
2026-04-20 14:41:26,219 discord.voice.state INFO Voice connection completed
2026-04-20 14:41:26,219 discord.voice.gateway DEBUG Received text payload: {"seq":4,"op":15,"d":{"any":100}}
2026-04-20 14:41:26,219 discord.voice.gateway DEBUG Received text payload: {"seq":4,"op":15,"d":{"any":100}}
2026-04-20 14:41:26,219 discord.voice.gateway DEBUG Received text payload: {"seq":4,"op":15,"d":{"any":100}}
2026-04-20 14:41:26,219 discord.voice.gateway DEBUG Received text payload: {"seq":4,"op":15,"d":{"any":100}}
2026-04-20 14:41:26,219 discord.voice.gateway DEBUG Voice websocket frame received: {'seq': 4, 'op': 15, 'd': {'any': 100}}
2026-04-20 14:41:26,219 discord.voice.gateway DEBUG Voice websocket frame received: {'seq': 4, 'op': 15, 'd': {'any': 100}}
2026-04-20 14:41:26,219 discord.voice.gateway DEBUG Voice websocket frame received: {'seq': 4, 'op': 15, 'd': {'any': 100}}
2026-04-20 14:41:26,219 discord.voice.gateway DEBUG Voice websocket frame received: {'seq': 4, 'op': 15, 'd': {'any': 100}}
2026-04-20 14:41:26,220 discord.voice.gateway DEBUG Received binary payload: size: 74
2026-04-20 14:41:26,220 discord.voice.gateway DEBUG Received binary payload: size: 74
2026-04-20 14:41:26,220 discord.voice.gateway DEBUG Received binary payload: size: 74
2026-04-20 14:41:26,220 discord.voice.gateway DEBUG Received binary payload: size: 74
2026-04-20 14:41:26,220 discord.voice.gateway DEBUG Voice websocket binary frame received: 74 bytes, seq: 5, op: 25
2026-04-20 14:41:26,220 discord.voice.gateway DEBUG Voice websocket binary frame received: 74 bytes, seq: 5, op: 25
2026-04-20 14:41:26,220 discord.voice.gateway DEBUG Voice websocket binary frame received: 74 bytes, seq: 5, op: 25
2026-04-20 14:41:26,220 discord.voice.gateway DEBUG Voice websocket binary frame received: 74 bytes, seq: 5, op: 25
2026-04-20 14:41:26,220 discord.voice.gateway DEBUG Received MLS External Sender Package, applying to DAVE session
2026-04-20 14:41:26,220 discord.voice.gateway DEBUG Received MLS External Sender Package, applying to DAVE session
2026-04-20 14:41:26,220 discord.voice.gateway DEBUG Received MLS External Sender Package, applying to DAVE session
2026-04-20 14:41:26,220 discord.voice.gateway DEBUG Received MLS External Sender Package, applying to DAVE session
2026-04-20 14:41:26,221 discord.voice.gateway DEBUG Applied MLS External Sender Package, user IDs available: ['1495577327826895069']
2026-04-20 14:41:26,221 discord.voice.gateway DEBUG Applied MLS External Sender Package, user IDs available: ['1495577327826895069']
2026-04-20 14:41:26,221 discord.voice.gateway DEBUG Applied MLS External Sender Package, user IDs available: ['1495577327826895069']
2026-04-20 14:41:26,221 discord.voice.gateway DEBUG Applied MLS External Sender Package, user IDs available: ['1495577327826895069']
2026-04-20 14:41:26,221 discord.voice.gateway DEBUG Received binary payload: size: 501
2026-04-20 14:41:26,221 discord.voice.gateway DEBUG Received binary payload: size: 501
2026-04-20 14:41:26,221 discord.voice.gateway DEBUG Received binary payload: size: 501
2026-04-20 14:41:26,221 discord.voice.gateway DEBUG Received binary payload: size: 501
2026-04-20 14:41:26,221 discord.voice.gateway DEBUG Voice websocket binary frame received: 501 bytes, seq: 6, op: 27
2026-04-20 14:41:26,221 discord.voice.gateway DEBUG Voice websocket binary frame received: 501 bytes, seq: 6, op: 27
2026-04-20 14:41:26,221 discord.voice.gateway DEBUG Voice websocket binary frame received: 501 bytes, seq: 6, op: 27
2026-04-20 14:41:26,221 discord.voice.gateway DEBUG Voice websocket binary frame received: 501 bytes, seq: 6, op: 27
2026-04-20 14:41:26,225 discord.voice.gateway DEBUG Sending MLS key package with data: b'\x00\x01\x00\x01\x08\x14\xc1q4hD\x10[\x00\x00\x00\x00\x00\x00\x00\x00\x01\x00\x00\x00\x00\x00\x03"\x02 \xad\xfd\xf8\x11\xdf\x8b\xef\\\xb0F\x8b\x99\x8c\xaaa\x03^.\x99\xed\x13;g\xdef\xe9\x94\xe5\xcd\\f\xc3\x00@G0E\x02 R>\x96Fpg\xc9~\xcb\xbfK\x91\xdfSo\xb2\xc1\xb9\x0f\xfeI\x82po\xb6j\x10\xdb\'\x1c\r\x1c\x02!\x00\xf9\xe1\xf3\xdf~\x9cbk\xfd}b\xe4\xe3]1fb\x12\x16\xd5\xf9\xda\xba\xa3\xb7\xd0E\xbe"\xdb!\xec \xd1\xcbGdc5\xc5\x8d\xd7pF\xe8\xc4\xf3WE\xefB\x0bx%\x1f\xc2]\xb7Dq\xd98cL\x89 \xf4\xf9C\x94eQ^\x11\xc2\x88\x85t\x0fRs\xe8\xe6KmB\xd5H\xfb\xc7\xbc5//\xe4L\xb6\xf8\x00\x02@\x98 \xd3g\xbe\x1d\x12\xab\x7f\\cK\x98O\xae\x15\x9e\xaf\xa5K\xae\xfd+\xf1+\x16\xe1\xe4\x7f\x17\xd8\x16x~@A\x04\x8c\xc5\x05\xf2\x0f-\x85>\t(ww\xbd\xbc/b\xd8\x1f<\xefus`\xc6T(\x8e\x917\x9e\xb2\xd0\xccmY\x1c6\xd9\xe2\xf5\xd6@\xef\xef\x0e=\xd9y~9\xd7\x03*\xd1rn\x02Oq\xfc-\xb3R\xd03b#\x90\x863\x03\xa3\xc6a\xd5[\xd3\x90\x0b\x94\x86\x1bq;\xf4\x81\xf2\x02\xd7\x8b\xd6\x86\xa4\x1e\xf5\tC\xbb\xbeZ\x9f\xad\x9f\xceU\xbd\xb3\x82\x12\x95\xf77\xdd\n\xc0DC\x1f\xbem\x9e\xc6\x07\x1c.\xd5\x01js\xf3\xbbUP\x80A\xd9\xa3\xb8r\x96\xd4\xe5\x92\xae\x93\x8e&\xaeWiebkE9\x9d\x98>H2l\x0e\x00\x83N\xb6\xe2\xbb\xcf\x94\xc0n\xcd\xc0\xfeLB+\xa82-\xbc\x82o\x9b\x90\x98\xcc\xdd0/~\xb8\xc1\x0bj\xcc\xf6\x88U\xe0u\xff\rz\x1f\t\x18\n\x90\xe32T-\xf3\x9aU\xa8\t\xc1\xcdI\xa8\xc5\x13]\xb6\xd7FK\xf1X\x99\xeb\xeb\xf1L\x7f\xec\xe0"\xb3\xe6C\x08\xae[\x8e\x10\x82\xfaUP\x8b\xa9\xd4,\xfa\x0cR\x8e\\\xcc\x9d\xd9\xd0c\x02Sl\x7f\xbc\x86\x04\xe3\xee\x99\xf1\x05!\xc2\xda\x87\xea\xbbN\x80\x99\x8c\xd2\xb8L&\xa4\x10\xad\x16R\x9f`(!O\x1e\xf0\xe1\x0bg\xe4i\xf4\xdf[\x9ck\xa1\xc3\xf6H\xe6y\x91j\xd0$\xe0\x16x\t,\xa8llT\xe2\x82a\xec\xe2\xa7\x91\xa9\xa5\xdb\xd9\x1f\x04\xc7-+\xeb\xc0u\xafob\xf7]\x8eg\xf3k\xfb\x9a\xc1\xe5\xfc\x81\xed\xe6\x9a\x15DK\x06lWQ\xc9\xbaX@\xdb\x86\x88\xfd\x04\xff%\x9d\xf6}\xd2@\xbf\x95\xf3\xaaS\xc2\xd7\xd0\xd1\xfb\xdd\x9b\xa3\x15\xbb~\x83\xc3>!\xc3\xd20\xcb{\x11\x1f\xb3L\x19\x12=\x1f\x1c\xd3r\x9a\x84\x04\x98\xbf/\xb3z\xfc\xdd\\\'N\xe0\x1f\x01\xf8uCT\xbb\xa3\xd1R=\x98\xf6\t\x82\x8d\xcb\xd2U\x92\x04\xb4\xbb\xc6I\xc6g\x85>\\*!T\xf1\xc2\x13\xfdUQ\x97\x0e\xfb\x8b\xcfc\x13hDf\x0e1\x92)T\xd0=={\x93\x8b\xa2\x01\xef\xd5\x9c\x89@)Q\x88\xc2\xe0\x80\xe1\xe5;\xd6\xdc\x80FB\xcew\xe1\xd1\xa5Z\x01!\xf5\xa6\x95\xcd\xdbbe\x1c\x03Sb\xa5\xe6\xedJ\x9f\xbde\xcd\\c\x87\xf0\x03]\xc4\x81i\xa4g\xeb\x8d\xc6\xad\xce\xef\xb6\xde\x02>5e\x95\xf6\x02z\x83\xa8\x00\xa5\x851\x84\xb025=gbB\x91\xe4\x7f\x12\x03\xf0\xe7/\xc0\xc4\x9c\x83\xd9\x9f\xf5\xc0\xa7{;af\xd4\xb2\xba\xcb^\xd3A\xae\xc6\x12)\xcc\xd9\xbeK\xc3\xd4\xc95b\xa5\xb6\xed\x10\xad7\xba\x1a\xbb\xa0F\r\xf4\'\x03.\x17\x1b\xcb\x89\x9f\x9f@\xf3\x0f\r\xfc\xc3\x02\xe4n\xc1\x97\xf8\xd7|.\xcc\xd6p\x83\xe17\xbd\xa5\x02O\x18\xf6\xe8\x14\x85\xdcU\x02&>\xd2F\xb8\t\xd6\xc9\x99av;?\xc1\x99\xcep\xada\xb8\x1f,\xd6s\xdf\xae2\xc7&\xba~\x9e\x0cQp\x17\x06Mz\xdf\x1c,\xf3k\xa6\xe1[\x98\xb4R\xd3\x15d\xe1\xc4\xf62\xca8\'-\x9frL\xc6(\xea\xde\x88I\xdc\xe2\xd2`\xda\xd5T\xefZ\xcf\xff\x00\xc1\xd4\x8c\xe8\x06\xc3\x98\xb3/Q\x04\xe4"\xb8)h\xda\x9c\n\t\xf1\xfa\x17xD\x8d\x1b\x93\xf4\xba\x8c\x06P6\x06u\x18>\x8d\xdc94\xf7\xff\xcdrlr\xed\x03\x89\x81;@T\xab\x0eS\xa2\xf9|A\xed4\xac\xff\x02\xe5b\x91\x80)\x16*\x97Q\x0c\x9d\x84\xfb\x1a\x90u\xd2\xc1\xb4\xa5\xed~\x9f\x06\xaa\xc0\x0e\x84\xde\x98[\x94\xdc\xad\xd6\xdf9\xbd@b\x87\xaf\x8b\xf6~\xb1Pd\x8f$\xbdF\xee\xf2\x86\xb5\xb4\x1b;\x83*R\xce|M\x0f\x96\xc0\x91\xebcW=\xc2\x1e\x9e\x9ez>'
2026-04-20 14:41:26,225 discord.voice.gateway DEBUG Sending MLS key package with data: b'\x00\x01\x00\x01\x08\x14\xc1q4hD\x10[\x00\x00\x00\x00\x00\x00\x00\x00\x01\x00\x00\x00\x00\x00\x03"\x02 \xad\xfd\xf8\x11\xdf\x8b\xef\\\xb0F\x8b\x99\x8c\xaaa\x03^.\x99\xed\x13;g\xdef\xe9\x94\xe5\xcd\\f\xc3\x00@G0E\x02 R>\x96Fpg\xc9~\xcb\xbfK\x91\xdfSo\xb2\xc1\xb9\x0f\xfeI\x82po\xb6j\x10\xdb\'\x1c\r\x1c\x02!\x00\xf9\xe1\xf3\xdf~\x9cbk\xfd}b\xe4\xe3]1fb\x12\x16\xd5\xf9\xda\xba\xa3\xb7\xd0E\xbe"\xdb!\xec \xd1\xcbGdc5\xc5\x8d\xd7pF\xe8\xc4\xf3WE\xefB\x0bx%\x1f\xc2]\xb7Dq\xd98cL\x89 \xf4\xf9C\x94eQ^\x11\xc2\x88\x85t\x0fRs\xe8\xe6KmB\xd5H\xfb\xc7\xbc5//\xe4L\xb6\xf8\x00\x02@\x98 \xd3g\xbe\x1d\x12\xab\x7f\\cK\x98O\xae\x15\x9e\xaf\xa5K\xae\xfd+\xf1+\x16\xe1\xe4\x7f\x17\xd8\x16x~@A\x04\x8c\xc5\x05\xf2\x0f-\x85>\t(ww\xbd\xbc/b\xd8\x1f<\xefus`\xc6T(\x8e\x917\x9e\xb2\xd0\xccmY\x1c6\xd9\xe2\xf5\xd6@\xef\xef\x0e=\xd9y~9\xd7\x03*\xd1rn\x02Oq\xfc-\xb3R\xd03b#\x90\x863\x03\xa3\xc6a\xd5[\xd3\x90\x0b\x94\x86\x1bq;\xf4\x81\xf2\x02\xd7\x8b\xd6\x86\xa4\x1e\xf5\tC\xbb\xbeZ\x9f\xad\x9f\xceU\xbd\xb3\x82\x12\x95\xf77\xdd\n\xc0DC\x1f\xbem\x9e\xc6\x07\x1c.\xd5\x01js\xf3\xbbUP\x80A\xd9\xa3\xb8r\x96\xd4\xe5\x92\xae\x93\x8e&\xaeWiebkE9\x9d\x98>H2l\x0e\x00\x83N\xb6\xe2\xbb\xcf\x94\xc0n\xcd\xc0\xfeLB+\xa82-\xbc\x82o\x9b\x90\x98\xcc\xdd0/~\xb8\xc1\x0bj\xcc\xf6\x88U\xe0u\xff\rz\x1f\t\x18\n\x90\xe32T-\xf3\x9aU\xa8\t\xc1\xcdI\xa8\xc5\x13]\xb6\xd7FK\xf1X\x99\xeb\xeb\xf1L\x7f\xec\xe0"\xb3\xe6C\x08\xae[\x8e\x10\x82\xfaUP\x8b\xa9\xd4,\xfa\x0cR\x8e\\\xcc\x9d\xd9\xd0c\x02Sl\x7f\xbc\x86\x04\xe3\xee\x99\xf1\x05!\xc2\xda\x87\xea\xbbN\x80\x99\x8c\xd2\xb8L&\xa4\x10\xad\x16R\x9f`(!O\x1e\xf0\xe1\x0bg\xe4i\xf4\xdf[\x9ck\xa1\xc3\xf6H\xe6y\x91j\xd0$\xe0\x16x\t,\xa8llT\xe2\x82a\xec\xe2\xa7\x91\xa9\xa5\xdb\xd9\x1f\x04\xc7-+\xeb\xc0u\xafob\xf7]\x8eg\xf3k\xfb\x9a\xc1\xe5\xfc\x81\xed\xe6\x9a\x15DK\x06lWQ\xc9\xbaX@\xdb\x86\x88\xfd\x04\xff%\x9d\xf6}\xd2@\xbf\x95\xf3\xaaS\xc2\xd7\xd0\xd1\xfb\xdd\x9b\xa3\x15\xbb~\x83\xc3>!\xc3\xd20\xcb{\x11\x1f\xb3L\x19\x12=\x1f\x1c\xd3r\x9a\x84\x04\x98\xbf/\xb3z\xfc\xdd\\\'N\xe0\x1f\x01\xf8uCT\xbb\xa3\xd1R=\x98\xf6\t\x82\x8d\xcb\xd2U\x92\x04\xb4\xbb\xc6I\xc6g\x85>\\*!T\xf1\xc2\x13\xfdUQ\x97\x0e\xfb\x8b\xcfc\x13hDf\x0e1\x92)T\xd0=={\x93\x8b\xa2\x01\xef\xd5\x9c\x89@)Q\x88\xc2\xe0\x80\xe1\xe5;\xd6\xdc\x80FB\xcew\xe1\xd1\xa5Z\x01!\xf5\xa6\x95\xcd\xdbbe\x1c\x03Sb\xa5\xe6\xedJ\x9f\xbde\xcd\\c\x87\xf0\x03]\xc4\x81i\xa4g\xeb\x8d\xc6\xad\xce\xef\xb6\xde\x02>5e\x95\xf6\x02z\x83\xa8\x00\xa5\x851\x84\xb025=gbB\x91\xe4\x7f\x12\x03\xf0\xe7/\xc0\xc4\x9c\x83\xd9\x9f\xf5\xc0\xa7{;af\xd4\xb2\xba\xcb^\xd3A\xae\xc6\x12)\xcc\xd9\xbeK\xc3\xd4\xc95b\xa5\xb6\xed\x10\xad7\xba\x1a\xbb\xa0F\r\xf4\'\x03.\x17\x1b\xcb\x89\x9f\x9f@\xf3\x0f\r\xfc\xc3\x02\xe4n\xc1\x97\xf8\xd7|.\xcc\xd6p\x83\xe17\xbd\xa5\x02O\x18\xf6\xe8\x14\x85\xdcU\x02&>\xd2F\xb8\t\xd6\xc9\x99av;?\xc1\x99\xcep\xada\xb8\x1f,\xd6s\xdf\xae2\xc7&\xba~\x9e\x0cQp\x17\x06Mz\xdf\x1c,\xf3k\xa6\xe1[\x98\xb4R\xd3\x15d\xe1\xc4\xf62\xca8\'-\x9frL\xc6(\xea\xde\x88I\xdc\xe2\xd2`\xda\xd5T\xefZ\xcf\xff\x00\xc1\xd4\x8c\xe8\x06\xc3\x98\xb3/Q\x04\xe4"\xb8)h\xda\x9c\n\t\xf1\xfa\x17xD\x8d\x1b\x93\xf4\xba\x8c\x06P6\x06u\x18>\x8d\xdc94\xf7\xff\xcdrlr\xed\x03\x89\x81;@T\xab\x0eS\xa2\xf9|A\xed4\xac\xff\x02\xe5b\x91\x80)\x16*\x97Q\x0c\x9d\x84\xfb\x1a\x90u\xd2\xc1\xb4\xa5\xed~\x9f\x06\xaa\xc0\x0e\x84\xde\x98[\x94\xdc\xad\xd6\xdf9\xbd@b\x87\xaf\x8b\xf6~\xb1Pd\x8f$\xbdF\xee\xf2\x86\xb5\xb4\x1b;\x83*R\xce|M\x0f\x96\xc0\x91\xebcW=\xc2\x1e\x9e\x9ez>'
2026-04-20 14:41:26,225 discord.voice.gateway DEBUG Sending MLS key package with data: b'\x00\x01\x00\x01\x08\x14\xc1q4hD\x10[\x00\x00\x00\x00\x00\x00\x00\x00\x01\x00\x00\x00\x00\x00\x03"\x02 \xad\xfd\xf8\x11\xdf\x8b\xef\\\xb0F\x8b\x99\x8c\xaaa\x03^.\x99\xed\x13;g\xdef\xe9\x94\xe5\xcd\\f\xc3\x00@G0E\x02 R>\x96Fpg\xc9~\xcb\xbfK\x91\xdfSo\xb2\xc1\xb9\x0f\xfeI\x82po\xb6j\x10\xdb\'\x1c\r\x1c\x02!\x00\xf9\xe1\xf3\xdf~\x9cbk\xfd}b\xe4\xe3]1fb\x12\x16\xd5\xf9\xda\xba\xa3\xb7\xd0E\xbe"\xdb!\xec \xd1\xcbGdc5\xc5\x8d\xd7pF\xe8\xc4\xf3WE\xefB\x0bx%\x1f\xc2]\xb7Dq\xd98cL\x89 \xf4\xf9C\x94eQ^\x11\xc2\x88\x85t\x0fRs\xe8\xe6KmB\xd5H\xfb\xc7\xbc5//\xe4L\xb6\xf8\x00\x02@\x98 \xd3g\xbe\x1d\x12\xab\x7f\\cK\x98O\xae\x15\x9e\xaf\xa5K\xae\xfd+\xf1+\x16\xe1\xe4\x7f\x17\xd8\x16x~@A\x04\x8c\xc5\x05\xf2\x0f-\x85>\t(ww\xbd\xbc/b\xd8\x1f<\xefus`\xc6T(\x8e\x917\x9e\xb2\xd0\xccmY\x1c6\xd9\xe2\xf5\xd6@\xef\xef\x0e=\xd9y~9\xd7\x03*\xd1rn\x02Oq\xfc-\xb3R\xd03b#\x90\x863\x03\xa3\xc6a\xd5[\xd3\x90\x0b\x94\x86\x1bq;\xf4\x81\xf2\x02\xd7\x8b\xd6\x86\xa4\x1e\xf5\tC\xbb\xbeZ\x9f\xad\x9f\xceU\xbd\xb3\x82\x12\x95\xf77\xdd\n\xc0DC\x1f\xbem\x9e\xc6\x07\x1c.\xd5\x01js\xf3\xbbUP\x80A\xd9\xa3\xb8r\x96\xd4\xe5\x92\xae\x93\x8e&\xaeWiebkE9\x9d\x98>H2l\x0e\x00\x83N\xb6\xe2\xbb\xcf\x94\xc0n\xcd\xc0\xfeLB+\xa82-\xbc\x82o\x9b\x90\x98\xcc\xdd0/~\xb8\xc1\x0bj\xcc\xf6\x88U\xe0u\xff\rz\x1f\t\x18\n\x90\xe32T-\xf3\x9aU\xa8\t\xc1\xcdI\xa8\xc5\x13]\xb6\xd7FK\xf1X\x99\xeb\xeb\xf1L\x7f\xec\xe0"\xb3\xe6C\x08\xae[\x8e\x10\x82\xfaUP\x8b\xa9\xd4,\xfa\x0cR\x8e\\\xcc\x9d\xd9\xd0c\x02Sl\x7f\xbc\x86\x04\xe3\xee\x99\xf1\x05!\xc2\xda\x87\xea\xbbN\x80\x99\x8c\xd2\xb8L&\xa4\x10\xad\x16R\x9f`(!O\x1e\xf0\xe1\x0bg\xe4i\xf4\xdf[\x9ck\xa1\xc3\xf6H\xe6y\x91j\xd0$\xe0\x16x\t,\xa8llT\xe2\x82a\xec\xe2\xa7\x91\xa9\xa5\xdb\xd9\x1f\x04\xc7-+\xeb\xc0u\xafob\xf7]\x8eg\xf3k\xfb\x9a\xc1\xe5\xfc\x81\xed\xe6\x9a\x15DK\x06lWQ\xc9\xbaX@\xdb\x86\x88\xfd\x04\xff%\x9d\xf6}\xd2@\xbf\x95\xf3\xaaS\xc2\xd7\xd0\xd1\xfb\xdd\x9b\xa3\x15\xbb~\x83\xc3>!\xc3\xd20\xcb{\x11\x1f\xb3L\x19\x12=\x1f\x1c\xd3r\x9a\x84\x04\x98\xbf/\xb3z\xfc\xdd\\\'N\xe0\x1f\x01\xf8uCT\xbb\xa3\xd1R=\x98\xf6\t\x82\x8d\xcb\xd2U\x92\x04\xb4\xbb\xc6I\xc6g\x85>\\*!T\xf1\xc2\x13\xfdUQ\x97\x0e\xfb\x8b\xcfc\x13hDf\x0e1\x92)T\xd0=={\x93\x8b\xa2\x01\xef\xd5\x9c\x89@)Q\x88\xc2\xe0\x80\xe1\xe5;\xd6\xdc\x80FB\xcew\xe1\xd1\xa5Z\x01!\xf5\xa6\x95\xcd\xdbbe\x1c\x03Sb\xa5\xe6\xedJ\x9f\xbde\xcd\\c\x87\xf0\x03]\xc4\x81i\xa4g\xeb\x8d\xc6\xad\xce\xef\xb6\xde\x02>5e\x95\xf6\x02z\x83\xa8\x00\xa5\x851\x84\xb025=gbB\x91\xe4\x7f\x12\x03\xf0\xe7/\xc0\xc4\x9c\x83\xd9\x9f\xf5\xc0\xa7{;af\xd4\xb2\xba\xcb^\xd3A\xae\xc6\x12)\xcc\xd9\xbeK\xc3\xd4\xc95b\xa5\xb6\xed\x10\xad7\xba\x1a\xbb\xa0F\r\xf4\'\x03.\x17\x1b\xcb\x89\x9f\x9f@\xf3\x0f\r\xfc\xc3\x02\xe4n\xc1\x97\xf8\xd7|.\xcc\xd6p\x83\xe17\xbd\xa5\x02O\x18\xf6\xe8\x14\x85\xdcU\x02&>\xd2F\xb8\t\xd6\xc9\x99av;?\xc1\x99\xcep\xada\xb8\x1f,\xd6s\xdf\xae2\xc7&\xba~\x9e\x0cQp\x17\x06Mz\xdf\x1c,\xf3k\xa6\xe1[\x98\xb4R\xd3\x15d\xe1\xc4\xf62\xca8\'-\x9frL\xc6(\xea\xde\x88I\xdc\xe2\xd2`\xda\xd5T\xefZ\xcf\xff\x00\xc1\xd4\x8c\xe8\x06\xc3\x98\xb3/Q\x04\xe4"\xb8)h\xda\x9c\n\t\xf1\xfa\x17xD\x8d\x1b\x93\xf4\xba\x8c\x06P6\x06u\x18>\x8d\xdc94\xf7\xff\xcdrlr\xed\x03\x89\x81;@T\xab\x0eS\xa2\xf9|A\xed4\xac\xff\x02\xe5b\x91\x80)\x16*\x97Q\x0c\x9d\x84\xfb\x1a\x90u\xd2\xc1\xb4\xa5\xed~\x9f\x06\xaa\xc0\x0e\x84\xde\x98[\x94\xdc\xad\xd6\xdf9\xbd@b\x87\xaf\x8b\xf6~\xb1Pd\x8f$\xbdF\xee\xf2\x86\xb5\xb4\x1b;\x83*R\xce|M\x0f\x96\xc0\x91\xebcW=\xc2\x1e\x9e\x9ez>'
2026-04-20 14:41:26,225 discord.voice.gateway DEBUG Sending MLS key package with data: b'\x00\x01\x00\x01\x08\x14\xc1q4hD\x10[\x00\x00\x00\x00\x00\x00\x00\x00\x01\x00\x00\x00\x00\x00\x03"\x02 \xad\xfd\xf8\x11\xdf\x8b\xef\\\xb0F\x8b\x99\x8c\xaaa\x03^.\x99\xed\x13;g\xdef\xe9\x94\xe5\xcd\\f\xc3\x00@G0E\x02 R>\x96Fpg\xc9~\xcb\xbfK\x91\xdfSo\xb2\xc1\xb9\x0f\xfeI\x82po\xb6j\x10\xdb\'\x1c\r\x1c\x02!\x00\xf9\xe1\xf3\xdf~\x9cbk\xfd}b\xe4\xe3]1fb\x12\x16\xd5\xf9\xda\xba\xa3\xb7\xd0E\xbe"\xdb!\xec \xd1\xcbGdc5\xc5\x8d\xd7pF\xe8\xc4\xf3WE\xefB\x0bx%\x1f\xc2]\xb7Dq\xd98cL\x89 \xf4\xf9C\x94eQ^\x11\xc2\x88\x85t\x0fRs\xe8\xe6KmB\xd5H\xfb\xc7\xbc5//\xe4L\xb6\xf8\x00\x02@\x98 \xd3g\xbe\x1d\x12\xab\x7f\\cK\x98O\xae\x15\x9e\xaf\xa5K\xae\xfd+\xf1+\x16\xe1\xe4\x7f\x17\xd8\x16x~@A\x04\x8c\xc5\x05\xf2\x0f-\x85>\t(ww\xbd\xbc/b\xd8\x1f<\xefus`\xc6T(\x8e\x917\x9e\xb2\xd0\xccmY\x1c6\xd9\xe2\xf5\xd6@\xef\xef\x0e=\xd9y~9\xd7\x03*\xd1rn\x02Oq\xfc-\xb3R\xd03b#\x90\x863\x03\xa3\xc6a\xd5[\xd3\x90\x0b\x94\x86\x1bq;\xf4\x81\xf2\x02\xd7\x8b\xd6\x86\xa4\x1e\xf5\tC\xbb\xbeZ\x9f\xad\x9f\xceU\xbd\xb3\x82\x12\x95\xf77\xdd\n\xc0DC\x1f\xbem\x9e\xc6\x07\x1c.\xd5\x01js\xf3\xbbUP\x80A\xd9\xa3\xb8r\x96\xd4\xe5\x92\xae\x93\x8e&\xaeWiebkE9\x9d\x98>H2l\x0e\x00\x83N\xb6\xe2\xbb\xcf\x94\xc0n\xcd\xc0\xfeLB+\xa82-\xbc\x82o\x9b\x90\x98\xcc\xdd0/~\xb8\xc1\x0bj\xcc\xf6\x88U\xe0u\xff\rz\x1f\t\x18\n\x90\xe32T-\xf3\x9aU\xa8\t\xc1\xcdI\xa8\xc5\x13]\xb6\xd7FK\xf1X\x99\xeb\xeb\xf1L\x7f\xec\xe0"\xb3\xe6C\x08\xae[\x8e\x10\x82\xfaUP\x8b\xa9\xd4,\xfa\x0cR\x8e\\\xcc\x9d\xd9\xd0c\x02Sl\x7f\xbc\x86\x04\xe3\xee\x99\xf1\x05!\xc2\xda\x87\xea\xbbN\x80\x99\x8c\xd2\xb8L&\xa4\x10\xad\x16R\x9f`(!O\x1e\xf0\xe1\x0bg\xe4i\xf4\xdf[\x9ck\xa1\xc3\xf6H\xe6y\x91j\xd0$\xe0\x16x\t,\xa8llT\xe2\x82a\xec\xe2\xa7\x91\xa9\xa5\xdb\xd9\x1f\x04\xc7-+\xeb\xc0u\xafob\xf7]\x8eg\xf3k\xfb\x9a\xc1\xe5\xfc\x81\xed\xe6\x9a\x15DK\x06lWQ\xc9\xbaX@\xdb\x86\x88\xfd\x04\xff%\x9d\xf6}\xd2@\xbf\x95\xf3\xaaS\xc2\xd7\xd0\xd1\xfb\xdd\x9b\xa3\x15\xbb~\x83\xc3>!\xc3\xd20\xcb{\x11\x1f\xb3L\x19\x12=\x1f\x1c\xd3r\x9a\x84\x04\x98\xbf/\xb3z\xfc\xdd\\\'N\xe0\x1f\x01\xf8uCT\xbb\xa3\xd1R=\x98\xf6\t\x82\x8d\xcb\xd2U\x92\x04\xb4\xbb\xc6I\xc6g\x85>\\*!T\xf1\xc2\x13\xfdUQ\x97\x0e\xfb\x8b\xcfc\x13hDf\x0e1\x92)T\xd0=={\x93\x8b\xa2\x01\xef\xd5\x9c\x89@)Q\x88\xc2\xe0\x80\xe1\xe5;\xd6\xdc\x80FB\xcew\xe1\xd1\xa5Z\x01!\xf5\xa6\x95\xcd\xdbbe\x1c\x03Sb\xa5\xe6\xedJ\x9f\xbde\xcd\\c\x87\xf0\x03]\xc4\x81i\xa4g\xeb\x8d\xc6\xad\xce\xef\xb6\xde\x02>5e\x95\xf6\x02z\x83\xa8\x00\xa5\x851\x84\xb025=gbB\x91\xe4\x7f\x12\x03\xf0\xe7/\xc0\xc4\x9c\x83\xd9\x9f\xf5\xc0\xa7{;af\xd4\xb2\xba\xcb^\xd3A\xae\xc6\x12)\xcc\xd9\xbeK\xc3\xd4\xc95b\xa5\xb6\xed\x10\xad7\xba\x1a\xbb\xa0F\r\xf4\'\x03.\x17\x1b\xcb\x89\x9f\x9f@\xf3\x0f\r\xfc\xc3\x02\xe4n\xc1\x97\xf8\xd7|.\xcc\xd6p\x83\xe17\xbd\xa5\x02O\x18\xf6\xe8\x14\x85\xdcU\x02&>\xd2F\xb8\t\xd6\xc9\x99av;?\xc1\x99\xcep\xada\xb8\x1f,\xd6s\xdf\xae2\xc7&\xba~\x9e\x0cQp\x17\x06Mz\xdf\x1c,\xf3k\xa6\xe1[\x98\xb4R\xd3\x15d\xe1\xc4\xf62\xca8\'-\x9frL\xc6(\xea\xde\x88I\xdc\xe2\xd2`\xda\xd5T\xefZ\xcf\xff\x00\xc1\xd4\x8c\xe8\x06\xc3\x98\xb3/Q\x04\xe4"\xb8)h\xda\x9c\n\t\xf1\xfa\x17xD\x8d\x1b\x93\xf4\xba\x8c\x06P6\x06u\x18>\x8d\xdc94\xf7\xff\xcdrlr\xed\x03\x89\x81;@T\xab\x0eS\xa2\xf9|A\xed4\xac\xff\x02\xe5b\x91\x80)\x16*\x97Q\x0c\x9d\x84\xfb\x1a\x90u\xd2\xc1\xb4\xa5\xed~\x9f\x06\xaa\xc0\x0e\x84\xde\x98[\x94\xdc\xad\xd6\xdf9\xbd@b\x87\xaf\x8b\xf6~\xb1Pd\x8f$\xbdF\xee\xf2\x86\xb5\xb4\x1b;\x83*R\xce|M\x0f\x96\xc0\x91\xebcW=\xc2\x1e\x9e\x9ez>'
2026-04-20 14:41:26,226 discord.voice.gateway DEBUG Sending voice websocket binary frame: op: OpCodes.mls_commit_welcome size: 1160
2026-04-20 14:41:26,226 discord.voice.gateway DEBUG Sending voice websocket binary frame: op: OpCodes.mls_commit_welcome size: 1160
2026-04-20 14:41:26,226 discord.voice.gateway DEBUG Sending voice websocket binary frame: op: OpCodes.mls_commit_welcome size: 1160
2026-04-20 14:41:26,226 discord.voice.gateway DEBUG Sending voice websocket binary frame: op: OpCodes.mls_commit_welcome size: 1160
2026-04-20 14:41:26,226 discord.voice.gateway DEBUG Processed MLS proposals for current dave session: <builtins.CommitWelcome object at 0x000001F635705930>
2026-04-20 14:41:26,226 discord.voice.gateway DEBUG Processed MLS proposals for current dave session: <builtins.CommitWelcome object at 0x000001F635705930>
2026-04-20 14:41:26,226 discord.voice.gateway DEBUG Processed MLS proposals for current dave session: <builtins.CommitWelcome object at 0x000001F635705930>
2026-04-20 14:41:26,226 discord.voice.gateway DEBUG Processed MLS proposals for current dave session: <builtins.CommitWelcome object at 0x000001F635705930>
2026-04-20 14:41:26,238 discord.voice.gateway DEBUG Received binary payload: size: 208
2026-04-20 14:41:26,238 discord.voice.gateway DEBUG Received binary payload: size: 208
2026-04-20 14:41:26,238 discord.voice.gateway DEBUG Received binary payload: size: 208
2026-04-20 14:41:26,238 discord.voice.gateway DEBUG Received binary payload: size: 208
2026-04-20 14:41:26,239 discord.voice.gateway DEBUG Voice websocket binary frame received: 208 bytes, seq: 7, op: 29
2026-04-20 14:41:26,239 discord.voice.gateway DEBUG Voice websocket binary frame received: 208 bytes, seq: 7, op: 29
2026-04-20 14:41:26,239 discord.voice.gateway DEBUG Voice websocket binary frame received: 208 bytes, seq: 7, op: 29
2026-04-20 14:41:26,239 discord.voice.gateway DEBUG Voice websocket binary frame received: 208 bytes, seq: 7, op: 29
2026-04-20 14:41:26,240 discord.voice.gateway DEBUG Processed MLS commit for transition 0
2026-04-20 14:41:26,240 discord.voice.gateway DEBUG Processed MLS commit for transition 0
2026-04-20 14:41:26,240 discord.voice.gateway DEBUG Processed MLS commit for transition 0
2026-04-20 14:41:26,240 discord.voice.gateway DEBUG Processed MLS commit for transition 0
2026-04-20 14:41:27,218 discord.voice.state WARNING Socket reader voice-socket-event-reader:0x1f63577fbf0 is waiting to be set as running
2026-04-20 14:41:27,218 discord.voice.state WARNING Socket reader voice-socket-event-reader:0x1f63577fbf0 is waiting to be set as running
2026-04-20 14:41:27,218 discord.voice.state WARNING Socket reader voice-socket-event-reader:0x1f63577fbf0 is waiting to be set as running
2026-04-20 14:41:27,218 discord.voice.state WARNING Socket reader voice-socket-event-reader:0x1f63577fbf0 is waiting to be set as running
2026-04-20 14:41:27,441 discord.voice.state DEBUG Attempting a voice disconnect for channel 1495601021165244507 (guild 1495601020003156031)
2026-04-20 14:41:27,441 discord.voice.state DEBUG Attempting a voice disconnect for channel 1495601021165244507 (guild 1495601020003156031)
2026-04-20 14:41:27,441 discord.voice.state DEBUG Attempting a voice disconnect for channel 1495601021165244507 (guild 1495601020003156031)
2026-04-20 14:41:27,441 discord.voice.state DEBUG Attempting a voice disconnect for channel 1495601021165244507 (guild 1495601020003156031)
2026-04-20 14:41:27,441 discord.voice.state INFO Terminating voice handshake for channel 1495601021165244507 (guild 1495601020003156031)
2026-04-20 14:41:27,441 discord.voice.state INFO Terminating voice handshake for channel 1495601021165244507 (guild 1495601020003156031)
2026-04-20 14:41:27,441 discord.voice.state INFO Terminating voice handshake for channel 1495601021165244507 (guild 1495601020003156031)
2026-04-20 14:41:27,441 discord.voice.state INFO Terminating voice handshake for channel 1495601021165244507 (guild 1495601020003156031)
2026-04-20 14:41:27,441 discord.voice.state DEBUG State changed from connected to disconnected
2026-04-20 14:41:27,441 discord.voice.state DEBUG State changed from connected to disconnected
2026-04-20 14:41:27,441 discord.voice.state DEBUG State changed from connected to disconnected
2026-04-20 14:41:27,441 discord.voice.state DEBUG State changed from connected to disconnected
2026-04-20 14:41:27,441 discord.voice.gateway DEBUG Received WSMessage(type=<WSMsgType.CLOSING: 256>, data=None, extra=None)
2026-04-20 14:41:27,441 discord.voice.gateway DEBUG Received WSMessage(type=<WSMsgType.CLOSING: 256>, data=None, extra=None)
2026-04-20 14:41:27,441 discord.voice.gateway DEBUG Received WSMessage(type=<WSMsgType.CLOSING: 256>, data=None, extra=None)
2026-04-20 14:41:27,441 discord.voice.gateway DEBUG Received WSMessage(type=<WSMsgType.CLOSING: 256>, data=None, extra=None)
2026-04-20 15:09:25,249 discord.voice.state WARNING Socket reader voice-socket-event-reader:0x28fc80d7cb0 is waiting to be set as running
2026-04-20 15:09:25,249 discord.voice.state WARNING Socket reader voice-socket-event-reader:0x28fc80d7cb0 is waiting to be set as running
2026-04-20 15:09:25,250 discord.voice.state INFO Connecting to voice 1495601021165244507
2026-04-20 15:09:25,250 discord.voice.state INFO Connecting to voice 1495601021165244507
2026-04-20 15:09:25,249 discord.voice.state WARNING Socket reader voice-socket-event-reader:0x28fc80d7cb0 is waiting to be set as running
2026-04-20 15:09:25,250 discord.voice.state INFO Connecting to voice 1495601021165244507
2026-04-20 15:09:25,249 discord.voice.state WARNING Socket reader voice-socket-event-reader:0x28fc80d7cb0 is waiting to be set as running
2026-04-20 15:09:25,250 discord.voice.state INFO Connecting to voice 1495601021165244507
2026-04-20 15:09:25,250 discord.voice.state INFO Starting voice handshake (connection attempt 1)
2026-04-20 15:09:25,250 discord.voice.state INFO Starting voice handshake (connection attempt 1)
2026-04-20 15:09:25,250 discord.voice.state INFO Starting voice handshake (connection attempt 1)
2026-04-20 15:09:25,250 discord.voice.state INFO Starting voice handshake (connection attempt 1)
2026-04-20 15:09:25,250 discord.voice.state DEBUG State changed from disconnected to set_guild_voice_state
2026-04-20 15:09:25,250 discord.voice.state DEBUG State changed from disconnected to set_guild_voice_state
2026-04-20 15:09:25,250 discord.voice.state DEBUG State changed from disconnected to set_guild_voice_state
2026-04-20 15:09:25,250 discord.voice.state DEBUG State changed from disconnected to set_guild_voice_state
2026-04-20 15:09:25,350 discord.voice.state DEBUG State changed from set_guild_voice_state to got_voice_state_update
2026-04-20 15:09:25,350 discord.voice.state DEBUG State changed from set_guild_voice_state to got_voice_state_update
2026-04-20 15:09:25,350 discord.voice.state DEBUG State changed from set_guild_voice_state to got_voice_state_update
2026-04-20 15:09:25,350 discord.voice.state DEBUG State changed from set_guild_voice_state to got_voice_state_update
2026-04-20 15:09:25,497 discord.voice.state DEBUG State changed from got_voice_state_update to got_both_voice_updates
2026-04-20 15:09:25,497 discord.voice.state DEBUG State changed from got_voice_state_update to got_both_voice_updates
2026-04-20 15:09:25,497 discord.voice.state DEBUG State changed from got_voice_state_update to got_both_voice_updates
2026-04-20 15:09:25,497 discord.voice.state DEBUG State changed from got_voice_state_update to got_both_voice_updates
2026-04-20 15:09:25,497 discord.voice.state INFO Voice handshake complete. Endpoint found: c-lhr09-2f1c3b27.discord.media:2083
2026-04-20 15:09:25,497 discord.voice.state INFO Voice handshake complete. Endpoint found: c-lhr09-2f1c3b27.discord.media:2083
2026-04-20 15:09:25,497 discord.voice.state INFO Voice handshake complete. Endpoint found: c-lhr09-2f1c3b27.discord.media:2083
2026-04-20 15:09:25,497 discord.voice.state INFO Voice handshake complete. Endpoint found: c-lhr09-2f1c3b27.discord.media:2083
2026-04-20 15:09:25,564 discord.voice.gateway DEBUG Sending voice websocket frame: {'op': 0, 'd': {'server_id': '1495601020003156031', 'user_id': '1495577327826895069', 'session_id': 'e9defbf2612f5fdab48851af1d79275e', 'token': '5bcd991a48282ce8', 'max_dave_protocol_version': 1}}.
2026-04-20 15:09:25,564 discord.voice.gateway DEBUG Sending voice websocket frame: {'op': 0, 'd': {'server_id': '1495601020003156031', 'user_id': '1495577327826895069', 'session_id': 'e9defbf2612f5fdab48851af1d79275e', 'token': '5bcd991a48282ce8', 'max_dave_protocol_version': 1}}.
2026-04-20 15:09:25,564 discord.voice.gateway DEBUG Sending voice websocket frame: {'op': 0, 'd': {'server_id': '1495601020003156031', 'user_id': '1495577327826895069', 'session_id': 'e9defbf2612f5fdab48851af1d79275e', 'token': '5bcd991a48282ce8', 'max_dave_protocol_version': 1}}.
2026-04-20 15:09:25,564 discord.voice.gateway DEBUG Sending voice websocket frame: {'op': 0, 'd': {'server_id': '1495601020003156031', 'user_id': '1495577327826895069', 'session_id': 'e9defbf2612f5fdab48851af1d79275e', 'token': '5bcd991a48282ce8', 'max_dave_protocol_version': 1}}.
2026-04-20 15:09:25,564 discord.voice.gateway INFO Identifying ourselves: {'op': 0, 'd': {'server_id': '1495601020003156031', 'user_id': '1495577327826895069', 'session_id': 'e9defbf2612f5fdab48851af1d79275e', 'token': '5bcd991a48282ce8', 'max_dave_protocol_version': 1}}
2026-04-20 15:09:25,564 discord.voice.gateway INFO Identifying ourselves: {'op': 0, 'd': {'server_id': '1495601020003156031', 'user_id': '1495577327826895069', 'session_id': 'e9defbf2612f5fdab48851af1d79275e', 'token': '5bcd991a48282ce8', 'max_dave_protocol_version': 1}}
2026-04-20 15:09:25,564 discord.voice.gateway INFO Identifying ourselves: {'op': 0, 'd': {'server_id': '1495601020003156031', 'user_id': '1495577327826895069', 'session_id': 'e9defbf2612f5fdab48851af1d79275e', 'token': '5bcd991a48282ce8', 'max_dave_protocol_version': 1}}
2026-04-20 15:09:25,564 discord.voice.gateway INFO Identifying ourselves: {'op': 0, 'd': {'server_id': '1495601020003156031', 'user_id': '1495577327826895069', 'session_id': 'e9defbf2612f5fdab48851af1d79275e', 'token': '5bcd991a48282ce8', 'max_dave_protocol_version': 1}}
2026-04-20 15:09:25,564 discord.voice.state DEBUG State changed from got_both_voice_updates to websocket_connected
2026-04-20 15:09:25,564 discord.voice.state DEBUG State changed from got_both_voice_updates to websocket_connected
2026-04-20 15:09:25,564 discord.voice.state DEBUG State changed from got_both_voice_updates to websocket_connected
2026-04-20 15:09:25,564 discord.voice.state DEBUG State changed from got_both_voice_updates to websocket_connected
2026-04-20 15:09:25,564 discord.voice.gateway DEBUG Received text payload: {"op":8,"d":{"v":8,"heartbeat_interval":13750}}
2026-04-20 15:09:25,564 discord.voice.gateway DEBUG Received text payload: {"op":8,"d":{"v":8,"heartbeat_interval":13750}}
2026-04-20 15:09:25,564 discord.voice.gateway DEBUG Received text payload: {"op":8,"d":{"v":8,"heartbeat_interval":13750}}
2026-04-20 15:09:25,564 discord.voice.gateway DEBUG Received text payload: {"op":8,"d":{"v":8,"heartbeat_interval":13750}}
2026-04-20 15:09:25,564 discord.voice.gateway DEBUG Voice websocket frame received: {'op': 8, 'd': {'v': 8, 'heartbeat_interval': 13750}}
2026-04-20 15:09:25,564 discord.voice.gateway DEBUG Voice websocket frame received: {'op': 8, 'd': {'v': 8, 'heartbeat_interval': 13750}}
2026-04-20 15:09:25,564 discord.voice.gateway DEBUG Voice websocket frame received: {'op': 8, 'd': {'v': 8, 'heartbeat_interval': 13750}}
2026-04-20 15:09:25,564 discord.voice.gateway DEBUG Voice websocket frame received: {'op': 8, 'd': {'v': 8, 'heartbeat_interval': 13750}}
2026-04-20 15:09:25,578 discord.voice.gateway DEBUG Received text payload: {"op":2,"d":{"streams":[{"type":"video","ssrc":5958,"rtx_ssrc":5959,"rid":"","quality":0,"active":false}],"ssrc":5957,"port":19317,"modes":["aead_aes256_gcm_rtpsize","aead_xchacha20_poly1305_rtpsize"],"ip":"104.29.144.176","experiments":["fixed_keyframe_interval"]}}
2026-04-20 15:09:25,578 discord.voice.gateway DEBUG Received text payload: {"op":2,"d":{"streams":[{"type":"video","ssrc":5958,"rtx_ssrc":5959,"rid":"","quality":0,"active":false}],"ssrc":5957,"port":19317,"modes":["aead_aes256_gcm_rtpsize","aead_xchacha20_poly1305_rtpsize"],"ip":"104.29.144.176","experiments":["fixed_keyframe_interval"]}}
2026-04-20 15:09:25,578 discord.voice.gateway DEBUG Received text payload: {"op":2,"d":{"streams":[{"type":"video","ssrc":5958,"rtx_ssrc":5959,"rid":"","quality":0,"active":false}],"ssrc":5957,"port":19317,"modes":["aead_aes256_gcm_rtpsize","aead_xchacha20_poly1305_rtpsize"],"ip":"104.29.144.176","experiments":["fixed_keyframe_interval"]}}
2026-04-20 15:09:25,578 discord.voice.gateway DEBUG Received text payload: {"op":2,"d":{"streams":[{"type":"video","ssrc":5958,"rtx_ssrc":5959,"rid":"","quality":0,"active":false}],"ssrc":5957,"port":19317,"modes":["aead_aes256_gcm_rtpsize","aead_xchacha20_poly1305_rtpsize"],"ip":"104.29.144.176","experiments":["fixed_keyframe_interval"]}}
2026-04-20 15:09:25,578 discord.voice.gateway DEBUG Voice websocket frame received: {'op': 2, 'd': {'streams': [{'type': 'video', 'ssrc': 5958, 'rtx_ssrc': 5959, 'rid': '', 'quality': 0, 'active': False}], 'ssrc': 5957, 'port': 19317, 'modes': ['aead_aes256_gcm_rtpsize', 'aead_xchacha20_poly1305_rtpsize'], 'ip': '104.29.144.176', 'experiments': ['fixed_keyframe_interval']}}
2026-04-20 15:09:25,578 discord.voice.gateway DEBUG Voice websocket frame received: {'op': 2, 'd': {'streams': [{'type': 'video', 'ssrc': 5958, 'rtx_ssrc': 5959, 'rid': '', 'quality': 0, 'active': False}], 'ssrc': 5957, 'port': 19317, 'modes': ['aead_aes256_gcm_rtpsize', 'aead_xchacha20_poly1305_rtpsize'], 'ip': '104.29.144.176', 'experiments': ['fixed_keyframe_interval']}}
2026-04-20 15:09:25,578 discord.voice.gateway DEBUG Voice websocket frame received: {'op': 2, 'd': {'streams': [{'type': 'video', 'ssrc': 5958, 'rtx_ssrc': 5959, 'rid': '', 'quality': 0, 'active': False}], 'ssrc': 5957, 'port': 19317, 'modes': ['aead_aes256_gcm_rtpsize', 'aead_xchacha20_poly1305_rtpsize'], 'ip': '104.29.144.176', 'experiments': ['fixed_keyframe_interval']}}
2026-04-20 15:09:25,578 discord.voice.gateway DEBUG Voice websocket frame received: {'op': 2, 'd': {'streams': [{'type': 'video', 'ssrc': 5958, 'rtx_ssrc': 5959, 'rid': '', 'quality': 0, 'active': False}], 'ssrc': 5957, 'port': 19317, 'modes': ['aead_aes256_gcm_rtpsize', 'aead_xchacha20_poly1305_rtpsize'], 'ip': '104.29.144.176', 'experiments': ['fixed_keyframe_interval']}}
2026-04-20 15:09:25,578 discord.voice.gateway DEBUG Connecting to 104.29.144.176 (port 19317).
2026-04-20 15:09:25,578 discord.voice.gateway DEBUG Connecting to 104.29.144.176 (port 19317).
2026-04-20 15:09:25,578 discord.voice.gateway DEBUG Connecting to 104.29.144.176 (port 19317).
2026-04-20 15:09:25,578 discord.voice.gateway DEBUG Connecting to 104.29.144.176 (port 19317).
2026-04-20 15:09:25,578 discord.voice.gateway DEBUG Connected socket to 104.29.144.176 (port 19317)
2026-04-20 15:09:25,578 discord.voice.gateway DEBUG Connected socket to 104.29.144.176 (port 19317)
2026-04-20 15:09:25,578 discord.voice.gateway DEBUG Connected socket to 104.29.144.176 (port 19317)
2026-04-20 15:09:25,578 discord.voice.gateway DEBUG Connected socket to 104.29.144.176 (port 19317)
2026-04-20 15:09:25,579 discord.voice.gateway DEBUG Sending IP discovery packet for voice in channel 1495601021165244507 (guild 1495601020003156031)
2026-04-20 15:09:25,579 discord.voice.gateway DEBUG Sending IP discovery packet for voice in channel 1495601021165244507 (guild 1495601020003156031)
2026-04-20 15:09:25,579 discord.voice.gateway DEBUG Sending IP discovery packet for voice in channel 1495601021165244507 (guild 1495601020003156031)
2026-04-20 15:09:25,579 discord.voice.gateway DEBUG Sending IP discovery packet for voice in channel 1495601021165244507 (guild 1495601020003156031)
2026-04-20 15:09:25,579 discord.voice.state DEBUG Registering a socket listener callback <function VoiceWebSocket.get_ip.<locals>.get_ip_packet at 0x0000028FC8165A80>
2026-04-20 15:09:25,579 discord.voice.state DEBUG Registering a socket listener callback <function VoiceWebSocket.get_ip.<locals>.get_ip_packet at 0x0000028FC8165A80>
2026-04-20 15:09:25,579 discord.voice.state DEBUG Registering a socket listener callback <function VoiceWebSocket.get_ip.<locals>.get_ip_packet at 0x0000028FC8165A80>
2026-04-20 15:09:25,579 discord.voice.state DEBUG Registering a socket listener callback <function VoiceWebSocket.get_ip.<locals>.get_ip_packet at 0x0000028FC8165A80>
2026-04-20 15:09:25,579 discord.voice.state INFO Socket reader voice-socket-event-reader:0x28fc80d7cb0 was set as running
2026-04-20 15:09:25,579 discord.voice.state INFO Socket reader voice-socket-event-reader:0x28fc80d7cb0 was set as running
2026-04-20 15:09:25,579 discord.voice.state INFO Socket reader voice-socket-event-reader:0x28fc80d7cb0 was set as running
2026-04-20 15:09:25,579 discord.voice.state INFO Socket reader voice-socket-event-reader:0x28fc80d7cb0 was set as running
2026-04-20 15:09:25,677 discord.voice.state DEBUG Unregistering a socket listener callback <function VoiceWebSocket.get_ip.<locals>.get_ip_packet at 0x0000028FC8165A80>
2026-04-20 15:09:25,677 discord.voice.state DEBUG Unregistering a socket listener callback <function VoiceWebSocket.get_ip.<locals>.get_ip_packet at 0x0000028FC8165A80>
2026-04-20 15:09:25,677 discord.voice.state DEBUG Unregistering a socket listener callback <function VoiceWebSocket.get_ip.<locals>.get_ip_packet at 0x0000028FC8165A80>
2026-04-20 15:09:25,677 discord.voice.state DEBUG Unregistering a socket listener callback <function VoiceWebSocket.get_ip.<locals>.get_ip_packet at 0x0000028FC8165A80>
2026-04-20 15:09:25,677 discord.voice.gateway DEBUG Received IP discovery packet with data b'\x00\x02\x00F\x00\x00\x17E193.61.208.9\x00\x00\x00\x00\x00\x00\x00\x00\x00\x00\x00\x00\x00\x00\x00\x00\x00\x00\x00\x00\x00\x00\x00\x00\x00\x00\x00\x00\x00\x00\x00\x00\x00\x00\x00\x00\x00\x00\x00\x00\x00\x00\x00\x00\x00\x00\x00\x00\x00\x00\x00\x00D\xd4'
2026-04-20 15:09:25,677 discord.voice.gateway DEBUG Received IP discovery packet with data b'\x00\x02\x00F\x00\x00\x17E193.61.208.9\x00\x00\x00\x00\x00\x00\x00\x00\x00\x00\x00\x00\x00\x00\x00\x00\x00\x00\x00\x00\x00\x00\x00\x00\x00\x00\x00\x00\x00\x00\x00\x00\x00\x00\x00\x00\x00\x00\x00\x00\x00\x00\x00\x00\x00\x00\x00\x00\x00\x00\x00\x00D\xd4'
2026-04-20 15:09:25,677 discord.voice.gateway DEBUG Received IP discovery packet with data b'\x00\x02\x00F\x00\x00\x17E193.61.208.9\x00\x00\x00\x00\x00\x00\x00\x00\x00\x00\x00\x00\x00\x00\x00\x00\x00\x00\x00\x00\x00\x00\x00\x00\x00\x00\x00\x00\x00\x00\x00\x00\x00\x00\x00\x00\x00\x00\x00\x00\x00\x00\x00\x00\x00\x00\x00\x00\x00\x00\x00\x00D\xd4'
2026-04-20 15:09:25,677 discord.voice.gateway DEBUG Received IP discovery packet with data b'\x00\x02\x00F\x00\x00\x17E193.61.208.9\x00\x00\x00\x00\x00\x00\x00\x00\x00\x00\x00\x00\x00\x00\x00\x00\x00\x00\x00\x00\x00\x00\x00\x00\x00\x00\x00\x00\x00\x00\x00\x00\x00\x00\x00\x00\x00\x00\x00\x00\x00\x00\x00\x00\x00\x00\x00\x00\x00\x00\x00\x00D\xd4'
2026-04-20 15:09:25,677 discord.voice.gateway DEBUG Detected IP 193.61.208.9 with port 17620
2026-04-20 15:09:25,677 discord.voice.gateway DEBUG Detected IP 193.61.208.9 with port 17620
2026-04-20 15:09:25,677 discord.voice.gateway DEBUG Detected IP 193.61.208.9 with port 17620
2026-04-20 15:09:25,677 discord.voice.gateway DEBUG Detected IP 193.61.208.9 with port 17620
2026-04-20 15:09:25,677 discord.voice.gateway DEBUG Received available voice connection modes: ['aead_xchacha20_poly1305_rtpsize']
2026-04-20 15:09:25,677 discord.voice.gateway DEBUG Received available voice connection modes: ['aead_xchacha20_poly1305_rtpsize']
2026-04-20 15:09:25,677 discord.voice.gateway DEBUG Received available voice connection modes: ['aead_xchacha20_poly1305_rtpsize']
2026-04-20 15:09:25,677 discord.voice.gateway DEBUG Received available voice connection modes: ['aead_xchacha20_poly1305_rtpsize']
2026-04-20 15:09:25,677 discord.voice.gateway DEBUG Sending voice websocket frame: {'op': 1, 'd': {'protocol': 'udp', 'data': {'address': '193.61.208.9', 'port': 17620, 'mode': 'aead_xchacha20_poly1305_rtpsize'}}}.
2026-04-20 15:09:25,677 discord.voice.gateway DEBUG Sending voice websocket frame: {'op': 1, 'd': {'protocol': 'udp', 'data': {'address': '193.61.208.9', 'port': 17620, 'mode': 'aead_xchacha20_poly1305_rtpsize'}}}.
2026-04-20 15:09:25,677 discord.voice.gateway DEBUG Sending voice websocket frame: {'op': 1, 'd': {'protocol': 'udp', 'data': {'address': '193.61.208.9', 'port': 17620, 'mode': 'aead_xchacha20_poly1305_rtpsize'}}}.
2026-04-20 15:09:25,677 discord.voice.gateway DEBUG Sending voice websocket frame: {'op': 1, 'd': {'protocol': 'udp', 'data': {'address': '193.61.208.9', 'port': 17620, 'mode': 'aead_xchacha20_poly1305_rtpsize'}}}.
2026-04-20 15:09:25,678 discord.voice.gateway DEBUG Selected voice protocol aead_xchacha20_poly1305_rtpsize for this connection
2026-04-20 15:09:25,678 discord.voice.gateway DEBUG Selected voice protocol aead_xchacha20_poly1305_rtpsize for this connection
2026-04-20 15:09:25,678 discord.voice.gateway DEBUG Selected voice protocol aead_xchacha20_poly1305_rtpsize for this connection
2026-04-20 15:09:25,678 discord.voice.gateway DEBUG Selected voice protocol aead_xchacha20_poly1305_rtpsize for this connection
2026-04-20 15:09:25,678 discord.voice.state DEBUG State changed from websocket_connected to got_ip_discovery
2026-04-20 15:09:25,678 discord.voice.state DEBUG State changed from websocket_connected to got_ip_discovery
2026-04-20 15:09:25,678 discord.voice.state DEBUG State changed from websocket_connected to got_ip_discovery
2026-04-20 15:09:25,678 discord.voice.state DEBUG State changed from websocket_connected to got_ip_discovery
2026-04-20 15:09:25,678 discord.voice.gateway DEBUG Received text payload: {"seq":0,"op":11,"d":{"user_ids":["1280802651029901354"]}}
2026-04-20 15:09:25,678 discord.voice.gateway DEBUG Received text payload: {"seq":0,"op":11,"d":{"user_ids":["1280802651029901354"]}}
2026-04-20 15:09:25,678 discord.voice.gateway DEBUG Received text payload: {"seq":0,"op":11,"d":{"user_ids":["1280802651029901354"]}}
2026-04-20 15:09:25,678 discord.voice.gateway DEBUG Received text payload: {"seq":0,"op":11,"d":{"user_ids":["1280802651029901354"]}}
2026-04-20 15:09:25,678 discord.voice.gateway DEBUG Voice websocket frame received: {'seq': 0, 'op': 11, 'd': {'user_ids': ['1280802651029901354']}}
2026-04-20 15:09:25,678 discord.voice.gateway DEBUG Voice websocket frame received: {'seq': 0, 'op': 11, 'd': {'user_ids': ['1280802651029901354']}}
2026-04-20 15:09:25,678 discord.voice.gateway DEBUG Voice websocket frame received: {'seq': 0, 'op': 11, 'd': {'user_ids': ['1280802651029901354']}}
2026-04-20 15:09:25,678 discord.voice.gateway DEBUG Voice websocket frame received: {'seq': 0, 'op': 11, 'd': {'user_ids': ['1280802651029901354']}}
2026-04-20 15:09:25,678 discord.voice.gateway DEBUG Unhandled op code: 11 with data {'user_ids': ['1280802651029901354']}
2026-04-20 15:09:25,678 discord.voice.gateway DEBUG Unhandled op code: 11 with data {'user_ids': ['1280802651029901354']}
2026-04-20 15:09:25,678 discord.voice.gateway DEBUG Unhandled op code: 11 with data {'user_ids': ['1280802651029901354']}
2026-04-20 15:09:25,678 discord.voice.gateway DEBUG Unhandled op code: 11 with data {'user_ids': ['1280802651029901354']}
2026-04-20 15:09:25,678 discord.voice.client DEBUG Dispatching voice_client event member_connect
2026-04-20 15:09:25,678 discord.voice.client DEBUG Dispatching voice_client event member_connect
2026-04-20 15:09:25,678 discord.voice.client DEBUG Dispatching voice_client event member_connect
2026-04-20 15:09:25,678 discord.voice.client DEBUG Dispatching voice_client event member_connect
2026-04-20 15:09:25,678 discord.voice.gateway DEBUG Received text payload: {"seq":1,"op":5,"d":{"user_id":"1280802651029901354","ssrc":5952,"speaking":1}}
2026-04-20 15:09:25,678 discord.voice.gateway DEBUG Received text payload: {"seq":1,"op":5,"d":{"user_id":"1280802651029901354","ssrc":5952,"speaking":1}}
2026-04-20 15:09:25,678 discord.voice.gateway DEBUG Received text payload: {"seq":1,"op":5,"d":{"user_id":"1280802651029901354","ssrc":5952,"speaking":1}}
2026-04-20 15:09:25,678 discord.voice.gateway DEBUG Received text payload: {"seq":1,"op":5,"d":{"user_id":"1280802651029901354","ssrc":5952,"speaking":1}}
2026-04-20 15:09:25,678 discord.voice.gateway DEBUG Voice websocket frame received: {'seq': 1, 'op': 5, 'd': {'user_id': '1280802651029901354', 'ssrc': 5952, 'speaking': 1}}
2026-04-20 15:09:25,678 discord.voice.gateway DEBUG Voice websocket frame received: {'seq': 1, 'op': 5, 'd': {'user_id': '1280802651029901354', 'ssrc': 5952, 'speaking': 1}}
2026-04-20 15:09:25,678 discord.voice.gateway DEBUG Voice websocket frame received: {'seq': 1, 'op': 5, 'd': {'user_id': '1280802651029901354', 'ssrc': 5952, 'speaking': 1}}
2026-04-20 15:09:25,678 discord.voice.gateway DEBUG Voice websocket frame received: {'seq': 1, 'op': 5, 'd': {'user_id': '1280802651029901354', 'ssrc': 5952, 'speaking': 1}}
2026-04-20 15:09:25,679 discord.voice.gateway DEBUG Unhandled op code: 5 with data {'user_id': '1280802651029901354', 'ssrc': 5952, 'speaking': 1}
2026-04-20 15:09:25,679 discord.voice.gateway DEBUG Unhandled op code: 5 with data {'user_id': '1280802651029901354', 'ssrc': 5952, 'speaking': 1}
2026-04-20 15:09:25,679 discord.voice.gateway DEBUG Unhandled op code: 5 with data {'user_id': '1280802651029901354', 'ssrc': 5952, 'speaking': 1}
2026-04-20 15:09:25,679 discord.voice.gateway DEBUG Unhandled op code: 5 with data {'user_id': '1280802651029901354', 'ssrc': 5952, 'speaking': 1}
2026-04-20 15:09:25,679 discord.voice.client DEBUG Dispatching voice_client event member_speaking_state_update
2026-04-20 15:09:25,679 discord.voice.client DEBUG Dispatching voice_client event member_speaking_state_update
2026-04-20 15:09:25,679 discord.voice.client DEBUG Dispatching voice_client event member_speaking_state_update
2026-04-20 15:09:25,679 discord.voice.client DEBUG Dispatching voice_client event member_speaking_state_update
2026-04-20 15:09:25,679 discord.voice.gateway DEBUG Received text payload: {"seq":2,"op":18,"d":{"user_id":"1280802651029901354","flags":2}}
2026-04-20 15:09:25,679 discord.voice.gateway DEBUG Received text payload: {"seq":2,"op":18,"d":{"user_id":"1280802651029901354","flags":2}}
2026-04-20 15:09:25,679 discord.voice.gateway DEBUG Received text payload: {"seq":2,"op":18,"d":{"user_id":"1280802651029901354","flags":2}}
2026-04-20 15:09:25,679 discord.voice.gateway DEBUG Received text payload: {"seq":2,"op":18,"d":{"user_id":"1280802651029901354","flags":2}}
2026-04-20 15:09:25,679 discord.voice.gateway DEBUG Voice websocket frame received: {'seq': 2, 'op': 18, 'd': {'user_id': '1280802651029901354', 'flags': 2}}
2026-04-20 15:09:25,679 discord.voice.gateway DEBUG Voice websocket frame received: {'seq': 2, 'op': 18, 'd': {'user_id': '1280802651029901354', 'flags': 2}}
2026-04-20 15:09:25,679 discord.voice.gateway DEBUG Voice websocket frame received: {'seq': 2, 'op': 18, 'd': {'user_id': '1280802651029901354', 'flags': 2}}
2026-04-20 15:09:25,679 discord.voice.gateway DEBUG Voice websocket frame received: {'seq': 2, 'op': 18, 'd': {'user_id': '1280802651029901354', 'flags': 2}}
2026-04-20 15:09:25,679 discord.voice.gateway DEBUG Unhandled op code: 18 with data {'user_id': '1280802651029901354', 'flags': 2}
2026-04-20 15:09:25,679 discord.voice.gateway DEBUG Unhandled op code: 18 with data {'user_id': '1280802651029901354', 'flags': 2}
2026-04-20 15:09:25,679 discord.voice.gateway DEBUG Unhandled op code: 18 with data {'user_id': '1280802651029901354', 'flags': 2}
2026-04-20 15:09:25,679 discord.voice.gateway DEBUG Unhandled op code: 18 with data {'user_id': '1280802651029901354', 'flags': 2}
2026-04-20 15:09:25,679 discord.voice.gateway DEBUG Received text payload: {"seq":3,"op":20,"d":{"user_id":"1280802651029901354","platform":0}}
2026-04-20 15:09:25,679 discord.voice.gateway DEBUG Received text payload: {"seq":3,"op":20,"d":{"user_id":"1280802651029901354","platform":0}}
2026-04-20 15:09:25,679 discord.voice.gateway DEBUG Received text payload: {"seq":3,"op":20,"d":{"user_id":"1280802651029901354","platform":0}}
2026-04-20 15:09:25,679 discord.voice.gateway DEBUG Received text payload: {"seq":3,"op":20,"d":{"user_id":"1280802651029901354","platform":0}}
2026-04-20 15:09:25,679 discord.voice.gateway DEBUG Voice websocket frame received: {'seq': 3, 'op': 20, 'd': {'user_id': '1280802651029901354', 'platform': 0}}
2026-04-20 15:09:25,679 discord.voice.gateway DEBUG Voice websocket frame received: {'seq': 3, 'op': 20, 'd': {'user_id': '1280802651029901354', 'platform': 0}}
2026-04-20 15:09:25,679 discord.voice.gateway DEBUG Voice websocket frame received: {'seq': 3, 'op': 20, 'd': {'user_id': '1280802651029901354', 'platform': 0}}
2026-04-20 15:09:25,679 discord.voice.gateway DEBUG Voice websocket frame received: {'seq': 3, 'op': 20, 'd': {'user_id': '1280802651029901354', 'platform': 0}}
2026-04-20 15:09:25,679 discord.voice.gateway DEBUG Unhandled op code: 20 with data {'user_id': '1280802651029901354', 'platform': 0}
2026-04-20 15:09:25,679 discord.voice.gateway DEBUG Unhandled op code: 20 with data {'user_id': '1280802651029901354', 'platform': 0}
2026-04-20 15:09:25,679 discord.voice.gateway DEBUG Unhandled op code: 20 with data {'user_id': '1280802651029901354', 'platform': 0}
2026-04-20 15:09:25,679 discord.voice.gateway DEBUG Unhandled op code: 20 with data {'user_id': '1280802651029901354', 'platform': 0}
2026-04-20 15:09:25,693 discord.voice.gateway DEBUG Received text payload: {"op":4,"d":{"video_codec":"H264","secure_frames_version":1,"secret_key":[36,138,132,24,80,179,9,135,75,83,208,190,95,121,43,118,166,124,224,72,233,38,11,144,132,234,72,77,108,52,23,111],"mode":"aead_xchacha20_poly1305_rtpsize","media_session_id":"fc6f1362f94ac23e7030fdc76e0c22de","dave_protocol_version":1,"audio_codec":"opus"}}
2026-04-20 15:09:25,693 discord.voice.gateway DEBUG Received text payload: {"op":4,"d":{"video_codec":"H264","secure_frames_version":1,"secret_key":[36,138,132,24,80,179,9,135,75,83,208,190,95,121,43,118,166,124,224,72,233,38,11,144,132,234,72,77,108,52,23,111],"mode":"aead_xchacha20_poly1305_rtpsize","media_session_id":"fc6f1362f94ac23e7030fdc76e0c22de","dave_protocol_version":1,"audio_codec":"opus"}}
2026-04-20 15:09:25,693 discord.voice.gateway DEBUG Received text payload: {"op":4,"d":{"video_codec":"H264","secure_frames_version":1,"secret_key":[36,138,132,24,80,179,9,135,75,83,208,190,95,121,43,118,166,124,224,72,233,38,11,144,132,234,72,77,108,52,23,111],"mode":"aead_xchacha20_poly1305_rtpsize","media_session_id":"fc6f1362f94ac23e7030fdc76e0c22de","dave_protocol_version":1,"audio_codec":"opus"}}
2026-04-20 15:09:25,693 discord.voice.gateway DEBUG Received text payload: {"op":4,"d":{"video_codec":"H264","secure_frames_version":1,"secret_key":[36,138,132,24,80,179,9,135,75,83,208,190,95,121,43,118,166,124,224,72,233,38,11,144,132,234,72,77,108,52,23,111],"mode":"aead_xchacha20_poly1305_rtpsize","media_session_id":"fc6f1362f94ac23e7030fdc76e0c22de","dave_protocol_version":1,"audio_codec":"opus"}}
2026-04-20 15:09:25,693 discord.voice.gateway DEBUG Voice websocket frame received: {'op': 4, 'd': {'video_codec': 'H264', 'secure_frames_version': 1, 'secret_key': [36, 138, 132, 24, 80, 179, 9, 135, 75, 83, 208, 190, 95, 121, 43, 118, 166, 124, 224, 72, 233, 38, 11, 144, 132, 234, 72, 77, 108, 52, 23, 111], 'mode': 'aead_xchacha20_poly1305_rtpsize', 'media_session_id': 'fc6f1362f94ac23e7030fdc76e0c22de', 'dave_protocol_version': 1, 'audio_codec': 'opus'}}
2026-04-20 15:09:25,693 discord.voice.gateway DEBUG Voice websocket frame received: {'op': 4, 'd': {'video_codec': 'H264', 'secure_frames_version': 1, 'secret_key': [36, 138, 132, 24, 80, 179, 9, 135, 75, 83, 208, 190, 95, 121, 43, 118, 166, 124, 224, 72, 233, 38, 11, 144, 132, 234, 72, 77, 108, 52, 23, 111], 'mode': 'aead_xchacha20_poly1305_rtpsize', 'media_session_id': 'fc6f1362f94ac23e7030fdc76e0c22de', 'dave_protocol_version': 1, 'audio_codec': 'opus'}}
2026-04-20 15:09:25,693 discord.voice.gateway DEBUG Voice websocket frame received: {'op': 4, 'd': {'video_codec': 'H264', 'secure_frames_version': 1, 'secret_key': [36, 138, 132, 24, 80, 179, 9, 135, 75, 83, 208, 190, 95, 121, 43, 118, 166, 124, 224, 72, 233, 38, 11, 144, 132, 234, 72, 77, 108, 52, 23, 111], 'mode': 'aead_xchacha20_poly1305_rtpsize', 'media_session_id': 'fc6f1362f94ac23e7030fdc76e0c22de', 'dave_protocol_version': 1, 'audio_codec': 'opus'}}
2026-04-20 15:09:25,693 discord.voice.gateway DEBUG Voice websocket frame received: {'op': 4, 'd': {'video_codec': 'H264', 'secure_frames_version': 1, 'secret_key': [36, 138, 132, 24, 80, 179, 9, 135, 75, 83, 208, 190, 95, 121, 43, 118, 166, 124, 224, 72, 233, 38, 11, 144, 132, 234, 72, 77, 108, 52, 23, 111], 'mode': 'aead_xchacha20_poly1305_rtpsize', 'media_session_id': 'fc6f1362f94ac23e7030fdc76e0c22de', 'dave_protocol_version': 1, 'audio_codec': 'opus'}}
2026-04-20 15:09:25,693 discord.voice.gateway DEBUG Received secret key for voice connection in channel 1495601021165244507 (guild 1495601020003156031)
2026-04-20 15:09:25,693 discord.voice.gateway DEBUG Received secret key for voice connection in channel 1495601021165244507 (guild 1495601020003156031)
2026-04-20 15:09:25,693 discord.voice.gateway DEBUG Received secret key for voice connection in channel 1495601021165244507 (guild 1495601020003156031)
2026-04-20 15:09:25,693 discord.voice.gateway DEBUG Received secret key for voice connection in channel 1495601021165244507 (guild 1495601020003156031)
2026-04-20 15:09:25,693 discord.voice.gateway DEBUG Sending voice websocket frame: {'op': 5, 'd': {'speaking': 0, 'delay': 0}}.
2026-04-20 15:09:25,693 discord.voice.gateway DEBUG Sending voice websocket frame: {'op': 5, 'd': {'speaking': 0, 'delay': 0}}.
2026-04-20 15:09:25,693 discord.voice.gateway DEBUG Sending voice websocket frame: {'op': 5, 'd': {'speaking': 0, 'delay': 0}}.
2026-04-20 15:09:25,693 discord.voice.gateway DEBUG Sending voice websocket frame: {'op': 5, 'd': {'speaking': 0, 'delay': 0}}.
2026-04-20 15:09:25,696 discord.voice.gateway DEBUG Sending voice websocket binary frame: op: OpCodes.mls_key_package size: 390
2026-04-20 15:09:25,696 discord.voice.gateway DEBUG Sending voice websocket binary frame: op: OpCodes.mls_key_package size: 390
2026-04-20 15:09:25,696 discord.voice.gateway DEBUG Sending voice websocket binary frame: op: OpCodes.mls_key_package size: 390
2026-04-20 15:09:25,696 discord.voice.gateway DEBUG Sending voice websocket binary frame: op: OpCodes.mls_key_package size: 390
2026-04-20 15:09:25,696 discord.voice.state DEBUG State changed from got_ip_discovery to connected
2026-04-20 15:09:25,696 discord.voice.state DEBUG State changed from got_ip_discovery to connected
2026-04-20 15:09:25,696 discord.voice.state DEBUG State changed from got_ip_discovery to connected
2026-04-20 15:09:25,696 discord.voice.state DEBUG State changed from got_ip_discovery to connected
2026-04-20 15:09:25,696 discord.voice.state INFO Voice connection completed
2026-04-20 15:09:25,696 discord.voice.state INFO Voice connection completed
2026-04-20 15:09:25,696 discord.voice.state INFO Voice connection completed
2026-04-20 15:09:25,696 discord.voice.state INFO Voice connection completed
2026-04-20 15:09:25,696 discord.voice.gateway DEBUG Received text payload: {"seq":4,"op":15,"d":{"any":100}}
2026-04-20 15:09:25,696 discord.voice.gateway DEBUG Received text payload: {"seq":4,"op":15,"d":{"any":100}}
2026-04-20 15:09:25,696 discord.voice.gateway DEBUG Received text payload: {"seq":4,"op":15,"d":{"any":100}}
2026-04-20 15:09:25,696 discord.voice.gateway DEBUG Received text payload: {"seq":4,"op":15,"d":{"any":100}}
2026-04-20 15:09:25,696 discord.voice.gateway DEBUG Voice websocket frame received: {'seq': 4, 'op': 15, 'd': {'any': 100}}
2026-04-20 15:09:25,696 discord.voice.gateway DEBUG Voice websocket frame received: {'seq': 4, 'op': 15, 'd': {'any': 100}}
2026-04-20 15:09:25,696 discord.voice.gateway DEBUG Voice websocket frame received: {'seq': 4, 'op': 15, 'd': {'any': 100}}
2026-04-20 15:09:25,696 discord.voice.gateway DEBUG Voice websocket frame received: {'seq': 4, 'op': 15, 'd': {'any': 100}}
2026-04-20 15:09:25,697 discord.voice.gateway DEBUG Received binary payload: size: 74
2026-04-20 15:09:25,697 discord.voice.gateway DEBUG Received binary payload: size: 74
2026-04-20 15:09:25,697 discord.voice.gateway DEBUG Received binary payload: size: 74
2026-04-20 15:09:25,697 discord.voice.gateway DEBUG Received binary payload: size: 74
2026-04-20 15:09:25,697 discord.voice.gateway DEBUG Voice websocket binary frame received: 74 bytes, seq: 5, op: 25
2026-04-20 15:09:25,697 discord.voice.gateway DEBUG Voice websocket binary frame received: 74 bytes, seq: 5, op: 25
2026-04-20 15:09:25,697 discord.voice.gateway DEBUG Voice websocket binary frame received: 74 bytes, seq: 5, op: 25
2026-04-20 15:09:25,697 discord.voice.gateway DEBUG Voice websocket binary frame received: 74 bytes, seq: 5, op: 25
2026-04-20 15:09:25,697 discord.voice.gateway DEBUG Received MLS External Sender Package, applying to DAVE session
2026-04-20 15:09:25,697 discord.voice.gateway DEBUG Received MLS External Sender Package, applying to DAVE session
2026-04-20 15:09:25,697 discord.voice.gateway DEBUG Received MLS External Sender Package, applying to DAVE session
2026-04-20 15:09:25,697 discord.voice.gateway DEBUG Received MLS External Sender Package, applying to DAVE session
2026-04-20 15:09:25,698 discord.voice.gateway DEBUG Applied MLS External Sender Package, user IDs available: ['1495577327826895069']
2026-04-20 15:09:25,698 discord.voice.gateway DEBUG Applied MLS External Sender Package, user IDs available: ['1495577327826895069']
2026-04-20 15:09:25,698 discord.voice.gateway DEBUG Applied MLS External Sender Package, user IDs available: ['1495577327826895069']
2026-04-20 15:09:25,698 discord.voice.gateway DEBUG Applied MLS External Sender Package, user IDs available: ['1495577327826895069']
2026-04-20 15:09:25,698 discord.voice.gateway DEBUG Received binary payload: size: 500
2026-04-20 15:09:25,698 discord.voice.gateway DEBUG Received binary payload: size: 500
2026-04-20 15:09:25,698 discord.voice.gateway DEBUG Received binary payload: size: 500
2026-04-20 15:09:25,698 discord.voice.gateway DEBUG Received binary payload: size: 500
2026-04-20 15:09:25,698 discord.voice.gateway DEBUG Voice websocket binary frame received: 500 bytes, seq: 6, op: 27
2026-04-20 15:09:25,698 discord.voice.gateway DEBUG Voice websocket binary frame received: 500 bytes, seq: 6, op: 27
2026-04-20 15:09:25,698 discord.voice.gateway DEBUG Voice websocket binary frame received: 500 bytes, seq: 6, op: 27
2026-04-20 15:09:25,698 discord.voice.gateway DEBUG Voice websocket binary frame received: 500 bytes, seq: 6, op: 27
2026-04-20 15:09:25,703 discord.voice.gateway DEBUG Sending MLS key package with data: b'\x00\x01\x00\x01\x08\x14\xc1q4hD\x10[\x00\x00\x00\x00\x00\x00\x00\x00\x01\x00\x00\x00\x00\x00\x03"\x02 e\xa8\xe6\xd4\x12\xd0\xc1\xda1D\xd8\x0e\xd5\xed,\xf7\x05R\xa4|\xe7h\xebh\x8e\xc0(L\x7f\xe8\xe9}\x00@H0F\x02!\x00\xcag\x99\x07\xda(\xbc\xb9\x1f\x99\x98\xfd}\x07\xbe7 \xca{\xdd\xd6\xe7!7\xf2\xf8DB\x191j.\x02!\x00\x95&\x8c\x85}Ru\x1e\xb2]\xae\x8dV*YM\x84S\x9a\xac\xf0\xc9[\xe48v^\xca\xaf\xc2\x08\xe3 \xd8\xe8\x8e\xee\xff\'\x98q\x0c\xdf{\xc8\x81\xf5+\xdds\x9a\x94\xea\xd7\xf1\xf9\x99\x9bV\xa4\x05\xfc\xe1]\xe8 \xa0`\x8f\xb1\xc6Li\xdbG\xa1\xd4\xb7\xf9\xd4.\x1a\xe4\xf56k\xff~\x95]\xb9&6e\xad\xc2P\xa0\x00\x02@\x98 \xbd\xd8\x1cE\xe7\xdd}\xa71Y\xdb&\x9fe_\xaa\xa8(\x05\xfc\xa9\xe7\xfd,\x95\x976\xdc\x13\x99Q\xa6@A\x04\xb0\xda\xf7\xd7\x86\xf2\x14\xf7\x1cua\x95\x13%\x16\\\xd8\x03W(\x0b\xd4\xa6\xee8}\xb9.\xa6m\xe9J\x90\x15HD3\xc7s\x1d>\xbf\x97\xe8\x8b\xbd<\x17\x94\x12i\xa1\x08aC}\xc96K\x85+\x15\xccv3cZ\xfe\x06~\x85\x1eX0PQ\rj#\x84\xf5Y\xbe\x16\x07r\xe66\'\x14\xa9\xff9Q0c\x8d\xcaaGT\xe7!j0\x81F\xf1\x1eR\xf0\xd7)\x8c\xa9zC\x1fR\x05\xc2I\xcb\x82\x83\x151\xa6\xc2\x17\xaf\n!<2SW\xc9\xf5\x17,\xb9\x19\x9b\x1c\xccJZt\xe8>\x94\xfe\x8fL\x97\xdf\xa5\x19V-\x9e<O\xfd\x8eX\xcb\xbcv\xb5V\x19\xaf\x86.\xcc\'\xafb\x0b\xd1:\xdd=n\xfa\xb4\xbc\x802\x94tv\xe1\x9c,\x97\x0b\x8d\x9f\xe5Tpe\xd4\xb2\xc94\x90V"\x9ds\x90SJ\x1a\x0b\x15$\xe6\xe2\x04\xa4By\ty\rj\x9fL\xad\xb6\x03]\xf4\xe3\xb5\xa5\xdb%\x8e\xbe\xee\xd7\tU\xb87\xec`r\xf6DW\xe5\xfdJ[\xf8\x07\xb8\xe48\x0e\xf6\xb7\x0c\xe2\x868\x9btv\xc9\x9f\xd6.-+\xd5\xfb\x88\xdd\xe5\x89\xf0\xb4\x96b&\xeae6#k\x05+R\x0f\xd4p\xebX\xaeH\x04\x1fV\xad\xc5\x06>{\x1e(\x19\x10\xfd\xa45\xa6\xb2TB\xd1E\x89$\x17\xa2\xf6\xc4\n\xee9\xad\x85K\xf1\xfdM\xb5U\xff\xb6nP\xea\xb5\x0b\xa2\x13\xdf\xc4\xfd\x16R\xb2\x9bM<\xa9|\xd0]\xbf\x17\xd6\x1a$K\xb2d1\xa8G1#\xae\xa8*\xab\xbe\x9et\xfe\xb6&\xfc4\xc1Rl\x8d\x0c\xe9\xc7\xe6\x97\xb8\xab\x17\x11\xfb>\xef\x03\xfa\xf1\x81\xcd|\x005\xecw\xaau0\xba\x03\xad\x10\x81\xb0\x02\xab\xde\xae\n\xbda\xdd\xf4\xb2\x06\xda\xc3z4OD>\xa5\x96\xa2\xcbTYm\x8aI\xcf\x1e\xe8J\x89\xa4\xef|\xce5I\x03>\x08\xa0n \xa0evE\xd3\xd6w\x16IA,bt\xd2\xfa\xd2\xa7\xd8\xde\xed\xd6\xf1\xceE\x82\x0e\x89\xac\xb2\xe81\xf0h3\x9bC]\xf9k\x94=\xf1\x06z\n\x1b\xcdUS\xd1\x96\x0b\'nX\xf3\xf3zV\xca\x96\xde8#\xe1\x0b9\xfea+\x1c\twu\x84\xd7~\x84\xa3\'\xb6\xbb\xfeq\x97\x915q\xd5\xc1\x146\x96I\xbb.=\x85\x11\xd6\xb0\x9b\xb7\tB\xef\xce\xf8\x0b\xb4\x93\x08\x8cn\xe9\x8b\xf5\xc0\xafu\x01\xb90hr\x87\x96 {\xa2\x0f\xc6N\xf8\x12\xcf\xde0Bi<\x1bE\x907\xed\xf0,\xad6\xfc\xb1n\xec\x99=,\xd1\x01~\x02@\\A\xd2Q\xf1\xf4S\x11\xa7\xa10\n\xf8k]\xb9\xc6\xbb\x84\xda\x04\t\x07P\x0b\t\x87o0\xc3\xb3\xa3\x08\xf7\x86\x8a9\xcf7\x8b\xa9]*\x92\xaf\xbc\xe6\xc5\xf5E\xf3O\x1aa\x15\xc1\xbfd\xb0\r\xd0\x06\x9f\n.\xca\xb0>Q-\x19\x93\xd0\x0e\x1a&\xa1\x02\xa7(\x1a\x86\xb9V\x0e\x11\xa1D\x0e\xec2l\x97]V\x01\x13\x10\xd0\x05r\xcb\xe4C%\xbej\n\xe0\xa1\xa88\xe4\x06\x85\\VM\xa8\xb7\xe0B\xf9qQ\x97\x92\xc0+\xbd\xbc\xe8_\xe4\xa5e\x1b\xb9\xc1\x9e$\x17\x08\xe5Qk\x08\x9f_)\x82\xbc#\xa7:|\xe4\xc0\xc75\xfdcV\x01XX@\x0e\x93\x12\xf6\x91t)/;\xf9\xb0&_\xa5k|\xf2\xdb\x85\xc8K\x1b\x0f\xce\xcb%\xb3;\xc7xT\x88\xf8\xf1\x0b\x82ZMU\x9f\x94]\x88\x96\xa3\xf7\x99ow\x00\x19\x00W\xeaa\x84>^\xdc\xe8\xe7\xf7\x8a\x98\x91\xaa\x0f\x85?\x1f\xe1\xbbo\x88\xb6\xbfbZN\xeb\xf3\x9b\xa7R\x9f6\x8a\xd8\xc7L\xa2\x95\x14\x89f\xe7\x86\x1d\xbf8\x0b\x0e\xea#\x9d\xc1~\xba\xea\xa2\x9c^\x0c2zE'
2026-04-20 15:09:25,703 discord.voice.gateway DEBUG Sending MLS key package with data: b'\x00\x01\x00\x01\x08\x14\xc1q4hD\x10[\x00\x00\x00\x00\x00\x00\x00\x00\x01\x00\x00\x00\x00\x00\x03"\x02 e\xa8\xe6\xd4\x12\xd0\xc1\xda1D\xd8\x0e\xd5\xed,\xf7\x05R\xa4|\xe7h\xebh\x8e\xc0(L\x7f\xe8\xe9}\x00@H0F\x02!\x00\xcag\x99\x07\xda(\xbc\xb9\x1f\x99\x98\xfd}\x07\xbe7 \xca{\xdd\xd6\xe7!7\xf2\xf8DB\x191j.\x02!\x00\x95&\x8c\x85}Ru\x1e\xb2]\xae\x8dV*YM\x84S\x9a\xac\xf0\xc9[\xe48v^\xca\xaf\xc2\x08\xe3 \xd8\xe8\x8e\xee\xff\'\x98q\x0c\xdf{\xc8\x81\xf5+\xdds\x9a\x94\xea\xd7\xf1\xf9\x99\x9bV\xa4\x05\xfc\xe1]\xe8 \xa0`\x8f\xb1\xc6Li\xdbG\xa1\xd4\xb7\xf9\xd4.\x1a\xe4\xf56k\xff~\x95]\xb9&6e\xad\xc2P\xa0\x00\x02@\x98 \xbd\xd8\x1cE\xe7\xdd}\xa71Y\xdb&\x9fe_\xaa\xa8(\x05\xfc\xa9\xe7\xfd,\x95\x976\xdc\x13\x99Q\xa6@A\x04\xb0\xda\xf7\xd7\x86\xf2\x14\xf7\x1cua\x95\x13%\x16\\\xd8\x03W(\x0b\xd4\xa6\xee8}\xb9.\xa6m\xe9J\x90\x15HD3\xc7s\x1d>\xbf\x97\xe8\x8b\xbd<\x17\x94\x12i\xa1\x08aC}\xc96K\x85+\x15\xccv3cZ\xfe\x06~\x85\x1eX0PQ\rj#\x84\xf5Y\xbe\x16\x07r\xe66\'\x14\xa9\xff9Q0c\x8d\xcaaGT\xe7!j0\x81F\xf1\x1eR\xf0\xd7)\x8c\xa9zC\x1fR\x05\xc2I\xcb\x82\x83\x151\xa6\xc2\x17\xaf\n!<2SW\xc9\xf5\x17,\xb9\x19\x9b\x1c\xccJZt\xe8>\x94\xfe\x8fL\x97\xdf\xa5\x19V-\x9e<O\xfd\x8eX\xcb\xbcv\xb5V\x19\xaf\x86.\xcc\'\xafb\x0b\xd1:\xdd=n\xfa\xb4\xbc\x802\x94tv\xe1\x9c,\x97\x0b\x8d\x9f\xe5Tpe\xd4\xb2\xc94\x90V"\x9ds\x90SJ\x1a\x0b\x15$\xe6\xe2\x04\xa4By\ty\rj\x9fL\xad\xb6\x03]\xf4\xe3\xb5\xa5\xdb%\x8e\xbe\xee\xd7\tU\xb87\xec`r\xf6DW\xe5\xfdJ[\xf8\x07\xb8\xe48\x0e\xf6\xb7\x0c\xe2\x868\x9btv\xc9\x9f\xd6.-+\xd5\xfb\x88\xdd\xe5\x89\xf0\xb4\x96b&\xeae6#k\x05+R\x0f\xd4p\xebX\xaeH\x04\x1fV\xad\xc5\x06>{\x1e(\x19\x10\xfd\xa45\xa6\xb2TB\xd1E\x89$\x17\xa2\xf6\xc4\n\xee9\xad\x85K\xf1\xfdM\xb5U\xff\xb6nP\xea\xb5\x0b\xa2\x13\xdf\xc4\xfd\x16R\xb2\x9bM<\xa9|\xd0]\xbf\x17\xd6\x1a$K\xb2d1\xa8G1#\xae\xa8*\xab\xbe\x9et\xfe\xb6&\xfc4\xc1Rl\x8d\x0c\xe9\xc7\xe6\x97\xb8\xab\x17\x11\xfb>\xef\x03\xfa\xf1\x81\xcd|\x005\xecw\xaau0\xba\x03\xad\x10\x81\xb0\x02\xab\xde\xae\n\xbda\xdd\xf4\xb2\x06\xda\xc3z4OD>\xa5\x96\xa2\xcbTYm\x8aI\xcf\x1e\xe8J\x89\xa4\xef|\xce5I\x03>\x08\xa0n \xa0evE\xd3\xd6w\x16IA,bt\xd2\xfa\xd2\xa7\xd8\xde\xed\xd6\xf1\xceE\x82\x0e\x89\xac\xb2\xe81\xf0h3\x9bC]\xf9k\x94=\xf1\x06z\n\x1b\xcdUS\xd1\x96\x0b\'nX\xf3\xf3zV\xca\x96\xde8#\xe1\x0b9\xfea+\x1c\twu\x84\xd7~\x84\xa3\'\xb6\xbb\xfeq\x97\x915q\xd5\xc1\x146\x96I\xbb.=\x85\x11\xd6\xb0\x9b\xb7\tB\xef\xce\xf8\x0b\xb4\x93\x08\x8cn\xe9\x8b\xf5\xc0\xafu\x01\xb90hr\x87\x96 {\xa2\x0f\xc6N\xf8\x12\xcf\xde0Bi<\x1bE\x907\xed\xf0,\xad6\xfc\xb1n\xec\x99=,\xd1\x01~\x02@\\A\xd2Q\xf1\xf4S\x11\xa7\xa10\n\xf8k]\xb9\xc6\xbb\x84\xda\x04\t\x07P\x0b\t\x87o0\xc3\xb3\xa3\x08\xf7\x86\x8a9\xcf7\x8b\xa9]*\x92\xaf\xbc\xe6\xc5\xf5E\xf3O\x1aa\x15\xc1\xbfd\xb0\r\xd0\x06\x9f\n.\xca\xb0>Q-\x19\x93\xd0\x0e\x1a&\xa1\x02\xa7(\x1a\x86\xb9V\x0e\x11\xa1D\x0e\xec2l\x97]V\x01\x13\x10\xd0\x05r\xcb\xe4C%\xbej\n\xe0\xa1\xa88\xe4\x06\x85\\VM\xa8\xb7\xe0B\xf9qQ\x97\x92\xc0+\xbd\xbc\xe8_\xe4\xa5e\x1b\xb9\xc1\x9e$\x17\x08\xe5Qk\x08\x9f_)\x82\xbc#\xa7:|\xe4\xc0\xc75\xfdcV\x01XX@\x0e\x93\x12\xf6\x91t)/;\xf9\xb0&_\xa5k|\xf2\xdb\x85\xc8K\x1b\x0f\xce\xcb%\xb3;\xc7xT\x88\xf8\xf1\x0b\x82ZMU\x9f\x94]\x88\x96\xa3\xf7\x99ow\x00\x19\x00W\xeaa\x84>^\xdc\xe8\xe7\xf7\x8a\x98\x91\xaa\x0f\x85?\x1f\xe1\xbbo\x88\xb6\xbfbZN\xeb\xf3\x9b\xa7R\x9f6\x8a\xd8\xc7L\xa2\x95\x14\x89f\xe7\x86\x1d\xbf8\x0b\x0e\xea#\x9d\xc1~\xba\xea\xa2\x9c^\x0c2zE'
2026-04-20 15:09:25,703 discord.voice.gateway DEBUG Sending MLS key package with data: b'\x00\x01\x00\x01\x08\x14\xc1q4hD\x10[\x00\x00\x00\x00\x00\x00\x00\x00\x01\x00\x00\x00\x00\x00\x03"\x02 e\xa8\xe6\xd4\x12\xd0\xc1\xda1D\xd8\x0e\xd5\xed,\xf7\x05R\xa4|\xe7h\xebh\x8e\xc0(L\x7f\xe8\xe9}\x00@H0F\x02!\x00\xcag\x99\x07\xda(\xbc\xb9\x1f\x99\x98\xfd}\x07\xbe7 \xca{\xdd\xd6\xe7!7\xf2\xf8DB\x191j.\x02!\x00\x95&\x8c\x85}Ru\x1e\xb2]\xae\x8dV*YM\x84S\x9a\xac\xf0\xc9[\xe48v^\xca\xaf\xc2\x08\xe3 \xd8\xe8\x8e\xee\xff\'\x98q\x0c\xdf{\xc8\x81\xf5+\xdds\x9a\x94\xea\xd7\xf1\xf9\x99\x9bV\xa4\x05\xfc\xe1]\xe8 \xa0`\x8f\xb1\xc6Li\xdbG\xa1\xd4\xb7\xf9\xd4.\x1a\xe4\xf56k\xff~\x95]\xb9&6e\xad\xc2P\xa0\x00\x02@\x98 \xbd\xd8\x1cE\xe7\xdd}\xa71Y\xdb&\x9fe_\xaa\xa8(\x05\xfc\xa9\xe7\xfd,\x95\x976\xdc\x13\x99Q\xa6@A\x04\xb0\xda\xf7\xd7\x86\xf2\x14\xf7\x1cua\x95\x13%\x16\\\xd8\x03W(\x0b\xd4\xa6\xee8}\xb9.\xa6m\xe9J\x90\x15HD3\xc7s\x1d>\xbf\x97\xe8\x8b\xbd<\x17\x94\x12i\xa1\x08aC}\xc96K\x85+\x15\xccv3cZ\xfe\x06~\x85\x1eX0PQ\rj#\x84\xf5Y\xbe\x16\x07r\xe66\'\x14\xa9\xff9Q0c\x8d\xcaaGT\xe7!j0\x81F\xf1\x1eR\xf0\xd7)\x8c\xa9zC\x1fR\x05\xc2I\xcb\x82\x83\x151\xa6\xc2\x17\xaf\n!<2SW\xc9\xf5\x17,\xb9\x19\x9b\x1c\xccJZt\xe8>\x94\xfe\x8fL\x97\xdf\xa5\x19V-\x9e<O\xfd\x8eX\xcb\xbcv\xb5V\x19\xaf\x86.\xcc\'\xafb\x0b\xd1:\xdd=n\xfa\xb4\xbc\x802\x94tv\xe1\x9c,\x97\x0b\x8d\x9f\xe5Tpe\xd4\xb2\xc94\x90V"\x9ds\x90SJ\x1a\x0b\x15$\xe6\xe2\x04\xa4By\ty\rj\x9fL\xad\xb6\x03]\xf4\xe3\xb5\xa5\xdb%\x8e\xbe\xee\xd7\tU\xb87\xec`r\xf6DW\xe5\xfdJ[\xf8\x07\xb8\xe48\x0e\xf6\xb7\x0c\xe2\x868\x9btv\xc9\x9f\xd6.-+\xd5\xfb\x88\xdd\xe5\x89\xf0\xb4\x96b&\xeae6#k\x05+R\x0f\xd4p\xebX\xaeH\x04\x1fV\xad\xc5\x06>{\x1e(\x19\x10\xfd\xa45\xa6\xb2TB\xd1E\x89$\x17\xa2\xf6\xc4\n\xee9\xad\x85K\xf1\xfdM\xb5U\xff\xb6nP\xea\xb5\x0b\xa2\x13\xdf\xc4\xfd\x16R\xb2\x9bM<\xa9|\xd0]\xbf\x17\xd6\x1a$K\xb2d1\xa8G1#\xae\xa8*\xab\xbe\x9et\xfe\xb6&\xfc4\xc1Rl\x8d\x0c\xe9\xc7\xe6\x97\xb8\xab\x17\x11\xfb>\xef\x03\xfa\xf1\x81\xcd|\x005\xecw\xaau0\xba\x03\xad\x10\x81\xb0\x02\xab\xde\xae\n\xbda\xdd\xf4\xb2\x06\xda\xc3z4OD>\xa5\x96\xa2\xcbTYm\x8aI\xcf\x1e\xe8J\x89\xa4\xef|\xce5I\x03>\x08\xa0n \xa0evE\xd3\xd6w\x16IA,bt\xd2\xfa\xd2\xa7\xd8\xde\xed\xd6\xf1\xceE\x82\x0e\x89\xac\xb2\xe81\xf0h3\x9bC]\xf9k\x94=\xf1\x06z\n\x1b\xcdUS\xd1\x96\x0b\'nX\xf3\xf3zV\xca\x96\xde8#\xe1\x0b9\xfea+\x1c\twu\x84\xd7~\x84\xa3\'\xb6\xbb\xfeq\x97\x915q\xd5\xc1\x146\x96I\xbb.=\x85\x11\xd6\xb0\x9b\xb7\tB\xef\xce\xf8\x0b\xb4\x93\x08\x8cn\xe9\x8b\xf5\xc0\xafu\x01\xb90hr\x87\x96 {\xa2\x0f\xc6N\xf8\x12\xcf\xde0Bi<\x1bE\x907\xed\xf0,\xad6\xfc\xb1n\xec\x99=,\xd1\x01~\x02@\\A\xd2Q\xf1\xf4S\x11\xa7\xa10\n\xf8k]\xb9\xc6\xbb\x84\xda\x04\t\x07P\x0b\t\x87o0\xc3\xb3\xa3\x08\xf7\x86\x8a9\xcf7\x8b\xa9]*\x92\xaf\xbc\xe6\xc5\xf5E\xf3O\x1aa\x15\xc1\xbfd\xb0\r\xd0\x06\x9f\n.\xca\xb0>Q-\x19\x93\xd0\x0e\x1a&\xa1\x02\xa7(\x1a\x86\xb9V\x0e\x11\xa1D\x0e\xec2l\x97]V\x01\x13\x10\xd0\x05r\xcb\xe4C%\xbej\n\xe0\xa1\xa88\xe4\x06\x85\\VM\xa8\xb7\xe0B\xf9qQ\x97\x92\xc0+\xbd\xbc\xe8_\xe4\xa5e\x1b\xb9\xc1\x9e$\x17\x08\xe5Qk\x08\x9f_)\x82\xbc#\xa7:|\xe4\xc0\xc75\xfdcV\x01XX@\x0e\x93\x12\xf6\x91t)/;\xf9\xb0&_\xa5k|\xf2\xdb\x85\xc8K\x1b\x0f\xce\xcb%\xb3;\xc7xT\x88\xf8\xf1\x0b\x82ZMU\x9f\x94]\x88\x96\xa3\xf7\x99ow\x00\x19\x00W\xeaa\x84>^\xdc\xe8\xe7\xf7\x8a\x98\x91\xaa\x0f\x85?\x1f\xe1\xbbo\x88\xb6\xbfbZN\xeb\xf3\x9b\xa7R\x9f6\x8a\xd8\xc7L\xa2\x95\x14\x89f\xe7\x86\x1d\xbf8\x0b\x0e\xea#\x9d\xc1~\xba\xea\xa2\x9c^\x0c2zE'
2026-04-20 15:09:25,703 discord.voice.gateway DEBUG Sending MLS key package with data: b'\x00\x01\x00\x01\x08\x14\xc1q4hD\x10[\x00\x00\x00\x00\x00\x00\x00\x00\x01\x00\x00\x00\x00\x00\x03"\x02 e\xa8\xe6\xd4\x12\xd0\xc1\xda1D\xd8\x0e\xd5\xed,\xf7\x05R\xa4|\xe7h\xebh\x8e\xc0(L\x7f\xe8\xe9}\x00@H0F\x02!\x00\xcag\x99\x07\xda(\xbc\xb9\x1f\x99\x98\xfd}\x07\xbe7 \xca{\xdd\xd6\xe7!7\xf2\xf8DB\x191j.\x02!\x00\x95&\x8c\x85}Ru\x1e\xb2]\xae\x8dV*YM\x84S\x9a\xac\xf0\xc9[\xe48v^\xca\xaf\xc2\x08\xe3 \xd8\xe8\x8e\xee\xff\'\x98q\x0c\xdf{\xc8\x81\xf5+\xdds\x9a\x94\xea\xd7\xf1\xf9\x99\x9bV\xa4\x05\xfc\xe1]\xe8 \xa0`\x8f\xb1\xc6Li\xdbG\xa1\xd4\xb7\xf9\xd4.\x1a\xe4\xf56k\xff~\x95]\xb9&6e\xad\xc2P\xa0\x00\x02@\x98 \xbd\xd8\x1cE\xe7\xdd}\xa71Y\xdb&\x9fe_\xaa\xa8(\x05\xfc\xa9\xe7\xfd,\x95\x976\xdc\x13\x99Q\xa6@A\x04\xb0\xda\xf7\xd7\x86\xf2\x14\xf7\x1cua\x95\x13%\x16\\\xd8\x03W(\x0b\xd4\xa6\xee8}\xb9.\xa6m\xe9J\x90\x15HD3\xc7s\x1d>\xbf\x97\xe8\x8b\xbd<\x17\x94\x12i\xa1\x08aC}\xc96K\x85+\x15\xccv3cZ\xfe\x06~\x85\x1eX0PQ\rj#\x84\xf5Y\xbe\x16\x07r\xe66\'\x14\xa9\xff9Q0c\x8d\xcaaGT\xe7!j0\x81F\xf1\x1eR\xf0\xd7)\x8c\xa9zC\x1fR\x05\xc2I\xcb\x82\x83\x151\xa6\xc2\x17\xaf\n!<2SW\xc9\xf5\x17,\xb9\x19\x9b\x1c\xccJZt\xe8>\x94\xfe\x8fL\x97\xdf\xa5\x19V-\x9e<O\xfd\x8eX\xcb\xbcv\xb5V\x19\xaf\x86.\xcc\'\xafb\x0b\xd1:\xdd=n\xfa\xb4\xbc\x802\x94tv\xe1\x9c,\x97\x0b\x8d\x9f\xe5Tpe\xd4\xb2\xc94\x90V"\x9ds\x90SJ\x1a\x0b\x15$\xe6\xe2\x04\xa4By\ty\rj\x9fL\xad\xb6\x03]\xf4\xe3\xb5\xa5\xdb%\x8e\xbe\xee\xd7\tU\xb87\xec`r\xf6DW\xe5\xfdJ[\xf8\x07\xb8\xe48\x0e\xf6\xb7\x0c\xe2\x868\x9btv\xc9\x9f\xd6.-+\xd5\xfb\x88\xdd\xe5\x89\xf0\xb4\x96b&\xeae6#k\x05+R\x0f\xd4p\xebX\xaeH\x04\x1fV\xad\xc5\x06>{\x1e(\x19\x10\xfd\xa45\xa6\xb2TB\xd1E\x89$\x17\xa2\xf6\xc4\n\xee9\xad\x85K\xf1\xfdM\xb5U\xff\xb6nP\xea\xb5\x0b\xa2\x13\xdf\xc4\xfd\x16R\xb2\x9bM<\xa9|\xd0]\xbf\x17\xd6\x1a$K\xb2d1\xa8G1#\xae\xa8*\xab\xbe\x9et\xfe\xb6&\xfc4\xc1Rl\x8d\x0c\xe9\xc7\xe6\x97\xb8\xab\x17\x11\xfb>\xef\x03\xfa\xf1\x81\xcd|\x005\xecw\xaau0\xba\x03\xad\x10\x81\xb0\x02\xab\xde\xae\n\xbda\xdd\xf4\xb2\x06\xda\xc3z4OD>\xa5\x96\xa2\xcbTYm\x8aI\xcf\x1e\xe8J\x89\xa4\xef|\xce5I\x03>\x08\xa0n \xa0evE\xd3\xd6w\x16IA,bt\xd2\xfa\xd2\xa7\xd8\xde\xed\xd6\xf1\xceE\x82\x0e\x89\xac\xb2\xe81\xf0h3\x9bC]\xf9k\x94=\xf1\x06z\n\x1b\xcdUS\xd1\x96\x0b\'nX\xf3\xf3zV\xca\x96\xde8#\xe1\x0b9\xfea+\x1c\twu\x84\xd7~\x84\xa3\'\xb6\xbb\xfeq\x97\x915q\xd5\xc1\x146\x96I\xbb.=\x85\x11\xd6\xb0\x9b\xb7\tB\xef\xce\xf8\x0b\xb4\x93\x08\x8cn\xe9\x8b\xf5\xc0\xafu\x01\xb90hr\x87\x96 {\xa2\x0f\xc6N\xf8\x12\xcf\xde0Bi<\x1bE\x907\xed\xf0,\xad6\xfc\xb1n\xec\x99=,\xd1\x01~\x02@\\A\xd2Q\xf1\xf4S\x11\xa7\xa10\n\xf8k]\xb9\xc6\xbb\x84\xda\x04\t\x07P\x0b\t\x87o0\xc3\xb3\xa3\x08\xf7\x86\x8a9\xcf7\x8b\xa9]*\x92\xaf\xbc\xe6\xc5\xf5E\xf3O\x1aa\x15\xc1\xbfd\xb0\r\xd0\x06\x9f\n.\xca\xb0>Q-\x19\x93\xd0\x0e\x1a&\xa1\x02\xa7(\x1a\x86\xb9V\x0e\x11\xa1D\x0e\xec2l\x97]V\x01\x13\x10\xd0\x05r\xcb\xe4C%\xbej\n\xe0\xa1\xa88\xe4\x06\x85\\VM\xa8\xb7\xe0B\xf9qQ\x97\x92\xc0+\xbd\xbc\xe8_\xe4\xa5e\x1b\xb9\xc1\x9e$\x17\x08\xe5Qk\x08\x9f_)\x82\xbc#\xa7:|\xe4\xc0\xc75\xfdcV\x01XX@\x0e\x93\x12\xf6\x91t)/;\xf9\xb0&_\xa5k|\xf2\xdb\x85\xc8K\x1b\x0f\xce\xcb%\xb3;\xc7xT\x88\xf8\xf1\x0b\x82ZMU\x9f\x94]\x88\x96\xa3\xf7\x99ow\x00\x19\x00W\xeaa\x84>^\xdc\xe8\xe7\xf7\x8a\x98\x91\xaa\x0f\x85?\x1f\xe1\xbbo\x88\xb6\xbfbZN\xeb\xf3\x9b\xa7R\x9f6\x8a\xd8\xc7L\xa2\x95\x14\x89f\xe7\x86\x1d\xbf8\x0b\x0e\xea#\x9d\xc1~\xba\xea\xa2\x9c^\x0c2zE'
2026-04-20 15:09:25,703 discord.voice.gateway DEBUG Sending voice websocket binary frame: op: OpCodes.mls_commit_welcome size: 1161
2026-04-20 15:09:25,703 discord.voice.gateway DEBUG Sending voice websocket binary frame: op: OpCodes.mls_commit_welcome size: 1161
2026-04-20 15:09:25,703 discord.voice.gateway DEBUG Sending voice websocket binary frame: op: OpCodes.mls_commit_welcome size: 1161
2026-04-20 15:09:25,703 discord.voice.gateway DEBUG Sending voice websocket binary frame: op: OpCodes.mls_commit_welcome size: 1161
2026-04-20 15:09:25,703 discord.voice.gateway DEBUG Processed MLS proposals for current dave session: <builtins.CommitWelcome object at 0x0000028FC8153F00>
2026-04-20 15:09:25,703 discord.voice.gateway DEBUG Processed MLS proposals for current dave session: <builtins.CommitWelcome object at 0x0000028FC8153F00>
2026-04-20 15:09:25,703 discord.voice.gateway DEBUG Processed MLS proposals for current dave session: <builtins.CommitWelcome object at 0x0000028FC8153F00>
2026-04-20 15:09:25,703 discord.voice.gateway DEBUG Processed MLS proposals for current dave session: <builtins.CommitWelcome object at 0x0000028FC8153F00>
2026-04-20 15:09:25,707 discord.voice.state WARNING Socket reader voice-socket-event-reader:0x28fc80d7cb0 is waiting to be set as running
2026-04-20 15:09:25,707 discord.voice.state WARNING Socket reader voice-socket-event-reader:0x28fc80d7cb0 is waiting to be set as running
2026-04-20 15:09:25,707 discord.voice.state WARNING Socket reader voice-socket-event-reader:0x28fc80d7cb0 is waiting to be set as running
2026-04-20 15:09:25,707 discord.voice.state WARNING Socket reader voice-socket-event-reader:0x28fc80d7cb0 is waiting to be set as running
2026-04-20 15:09:25,721 discord.voice.gateway DEBUG Received binary payload: size: 209
2026-04-20 15:09:25,721 discord.voice.gateway DEBUG Received binary payload: size: 209
2026-04-20 15:09:25,721 discord.voice.gateway DEBUG Received binary payload: size: 209
2026-04-20 15:09:25,721 discord.voice.gateway DEBUG Received binary payload: size: 209
2026-04-20 15:09:25,721 discord.voice.gateway DEBUG Voice websocket binary frame received: 209 bytes, seq: 7, op: 29
2026-04-20 15:09:25,721 discord.voice.gateway DEBUG Voice websocket binary frame received: 209 bytes, seq: 7, op: 29
2026-04-20 15:09:25,721 discord.voice.gateway DEBUG Voice websocket binary frame received: 209 bytes, seq: 7, op: 29
2026-04-20 15:09:25,721 discord.voice.gateway DEBUG Voice websocket binary frame received: 209 bytes, seq: 7, op: 29
2026-04-20 15:09:25,722 discord.voice.gateway DEBUG Processed MLS commit for transition 0
2026-04-20 15:09:25,722 discord.voice.gateway DEBUG Processed MLS commit for transition 0
2026-04-20 15:09:25,722 discord.voice.gateway DEBUG Processed MLS commit for transition 0
2026-04-20 15:09:25,722 discord.voice.gateway DEBUG Processed MLS commit for transition 0
2026-04-20 15:09:30,570 discord.voice.gateway DEBUG Sending voice websocket frame: {'op': 3, 'd': {'t': 1776694170570, 'seq_ack': 7}}.
2026-04-20 15:09:30,570 discord.voice.gateway DEBUG Sending voice websocket frame: {'op': 3, 'd': {'t': 1776694170570, 'seq_ack': 7}}.
2026-04-20 15:09:30,570 discord.voice.gateway DEBUG Sending voice websocket frame: {'op': 3, 'd': {'t': 1776694170570, 'seq_ack': 7}}.
2026-04-20 15:09:30,570 discord.voice.gateway DEBUG Sending voice websocket frame: {'op': 3, 'd': {'t': 1776694170570, 'seq_ack': 7}}.
2026-04-20 15:09:30,595 discord.voice.gateway DEBUG Received text payload: {"op":6,"d":{"t":1776694170570}}
2026-04-20 15:09:30,595 discord.voice.gateway DEBUG Received text payload: {"op":6,"d":{"t":1776694170570}}
2026-04-20 15:09:30,595 discord.voice.gateway DEBUG Received text payload: {"op":6,"d":{"t":1776694170570}}
2026-04-20 15:09:30,595 discord.voice.gateway DEBUG Received text payload: {"op":6,"d":{"t":1776694170570}}
2026-04-20 15:09:30,595 discord.voice.gateway DEBUG Voice websocket frame received: {'op': 6, 'd': {'t': 1776694170570}}
2026-04-20 15:09:30,595 discord.voice.gateway DEBUG Voice websocket frame received: {'op': 6, 'd': {'t': 1776694170570}}
2026-04-20 15:09:30,595 discord.voice.gateway DEBUG Voice websocket frame received: {'op': 6, 'd': {'t': 1776694170570}}
2026-04-20 15:09:30,595 discord.voice.gateway DEBUG Voice websocket frame received: {'op': 6, 'd': {'t': 1776694170570}}
2026-04-20 15:09:35,584 discord.voice.gateway DEBUG Sending voice websocket frame: {'op': 3, 'd': {'t': 1776694175584, 'seq_ack': 7}}.
2026-04-20 15:09:35,584 discord.voice.gateway DEBUG Sending voice websocket frame: {'op': 3, 'd': {'t': 1776694175584, 'seq_ack': 7}}.
2026-04-20 15:09:35,584 discord.voice.gateway DEBUG Sending voice websocket frame: {'op': 3, 'd': {'t': 1776694175584, 'seq_ack': 7}}.
2026-04-20 15:09:35,584 discord.voice.gateway DEBUG Sending voice websocket frame: {'op': 3, 'd': {'t': 1776694175584, 'seq_ack': 7}}.
2026-04-20 15:09:35,606 discord.voice.gateway DEBUG Received text payload: {"op":6,"d":{"t":1776694175584}}
2026-04-20 15:09:35,606 discord.voice.gateway DEBUG Received text payload: {"op":6,"d":{"t":1776694175584}}
2026-04-20 15:09:35,606 discord.voice.gateway DEBUG Received text payload: {"op":6,"d":{"t":1776694175584}}
2026-04-20 15:09:35,606 discord.voice.gateway DEBUG Received text payload: {"op":6,"d":{"t":1776694175584}}
2026-04-20 15:09:35,606 discord.voice.gateway DEBUG Voice websocket frame received: {'op': 6, 'd': {'t': 1776694175584}}
2026-04-20 15:09:35,606 discord.voice.gateway DEBUG Voice websocket frame received: {'op': 6, 'd': {'t': 1776694175584}}
2026-04-20 15:09:35,606 discord.voice.gateway DEBUG Voice websocket frame received: {'op': 6, 'd': {'t': 1776694175584}}
2026-04-20 15:09:35,606 discord.voice.gateway DEBUG Voice websocket frame received: {'op': 6, 'd': {'t': 1776694175584}}
2026-04-20 15:09:38,059 discord.voice.state DEBUG Attempting a voice disconnect for channel 1495601021165244507 (guild 1495601020003156031)
2026-04-20 15:09:38,059 discord.voice.state DEBUG Attempting a voice disconnect for channel 1495601021165244507 (guild 1495601020003156031)
2026-04-20 15:09:38,059 discord.voice.state DEBUG Attempting a voice disconnect for channel 1495601021165244507 (guild 1495601020003156031)
2026-04-20 15:09:38,059 discord.voice.state DEBUG Attempting a voice disconnect for channel 1495601021165244507 (guild 1495601020003156031)
2026-04-20 15:09:38,059 discord.voice.state INFO Terminating voice handshake for channel 1495601021165244507 (guild 1495601020003156031)
2026-04-20 15:09:38,059 discord.voice.state INFO Terminating voice handshake for channel 1495601021165244507 (guild 1495601020003156031)
2026-04-20 15:09:38,059 discord.voice.state INFO Terminating voice handshake for channel 1495601021165244507 (guild 1495601020003156031)
2026-04-20 15:09:38,059 discord.voice.state INFO Terminating voice handshake for channel 1495601021165244507 (guild 1495601020003156031)
2026-04-20 15:09:38,059 discord.voice.state DEBUG State changed from connected to disconnected
2026-04-20 15:09:38,059 discord.voice.state DEBUG State changed from connected to disconnected
2026-04-20 15:09:38,059 discord.voice.state DEBUG State changed from connected to disconnected
2026-04-20 15:09:38,059 discord.voice.state DEBUG State changed from connected to disconnected
2026-04-20 15:09:38,059 discord.voice.gateway DEBUG Received WSMessage(type=<WSMsgType.CLOSING: 256>, data=None, extra=None)
2026-04-20 15:09:38,059 discord.voice.gateway DEBUG Received WSMessage(type=<WSMsgType.CLOSING: 256>, data=None, extra=None)
2026-04-20 15:09:38,059 discord.voice.gateway DEBUG Received WSMessage(type=<WSMsgType.CLOSING: 256>, data=None, extra=None)
2026-04-20 15:09:38,059 discord.voice.gateway DEBUG Received WSMessage(type=<WSMsgType.CLOSING: 256>, data=None, extra=None)
